"Device Name","D2 - 2815676"
"Device Model","Kestrel DROP 2"
"Serial Number","2815676"
"FORMATTED DATE_TIME","Temperature","Relative Humidity","Heat Index","Dew Point","Data Type","Record name","Start time","Duration (H:M:S)","Location description","Location address","Location coordinates","Notes"
"YYYY-MM-DD HH:MM:SS","°F","%","°F","°F"
"2000-01-01 12:10:00 am","75.3","18.5","70.9","29.6","point"
"2023-02-06 03:40:00 pm","73.6","50.8","72.7","54.2","point"
"2023-02-06 03:50:00 pm","73.3","50.9","72.3","54.1","point"
"2023-02-06 04:00:00 pm","73.0","51.2","72.0","53.9","point"
"2023-02-06 04:10:00 pm","73.1","51.3","72.1","54.1","point"
"2023-02-06 04:20:00 pm","73.1","51.4","72.1","54.1","point"
"2023-02-06 04:30:00 pm","72.9","51.3","72.0","53.9","point"
"2023-02-06 04:40:00 pm","73.0","51.4","72.0","54.1","point"
"2023-02-06 04:50:00 pm","73.1","51.3","72.1","54.1","point"
"2023-02-06 05:00:00 pm","73.1","51.2","72.1","54.0","point"
"2023-02-06 05:10:00 pm","73.1","51.4","72.1","54.1","point"
"2023-02-06 05:20:00 pm","73.2","51.2","72.3","54.1","point"
"2023-02-06 05:30:00 pm","73.2","51.0","72.3","54.0","point"
"2023-02-06 05:40:00 pm","73.2","50.6","72.3","53.8","point"
"2023-02-06 05:50:00 pm","73.3","50.6","72.3","53.9","point"
"2023-02-06 06:00:00 pm","73.3","50.7","72.3","53.9","point"
"2023-02-06 06:10:00 pm","73.2","51.2","72.3","54.1","point"
"2023-02-06 06:20:00 pm","73.3","51.4","72.3","54.3","point"
"2023-02-06 06:30:00 pm","73.1","51.2","72.1","54.0","point"
"2023-02-06 06:40:00 pm","72.8","51.5","71.8","53.9","point"
"2023-02-06 06:50:00 pm","72.7","51.7","72.0","53.9","point"
"2023-02-06 07:00:00 pm","72.6","51.9","71.8","53.9","point"
"2023-02-06 07:10:00 pm","72.5","52.1","71.6","53.9","point"
"2023-02-06 07:20:00 pm","72.3","52.3","71.6","53.9","point"
"2023-02-06 07:30:00 pm","72.3","52.4","71.4","53.9","point"
"2023-02-06 07:40:00 pm","72.3","52.5","71.4","53.9","point"
"2023-02-06 07:50:00 pm","72.2","52.5","71.4","53.9","point"
"2023-02-06 08:00:00 pm","72.2","52.5","71.4","53.9","point"
"2023-02-06 08:10:00 pm","72.1","52.5","71.6","53.8","point"
"2023-02-06 08:20:00 pm","72.1","52.6","71.6","53.9","point"
"2023-02-06 08:30:00 pm","72.0","52.7","71.4","53.8","point"
"2023-02-06 08:40:00 pm","72.1","52.7","71.4","53.9","point"
"2023-02-06 08:50:00 pm","72.0","52.8","71.4","53.8","point"
"2023-02-06 09:00:00 pm","72.0","52.8","71.4","53.9","point"
"2023-02-06 09:10:00 pm","72.0","52.8","71.4","53.9","point"
"2023-02-06 09:20:00 pm","72.0","52.9","71.4","53.9","point"
"2023-02-06 09:30:00 pm","72.0","52.9","71.4","53.9","point"
"2023-02-06 09:40:00 pm","71.9","53.0","71.2","53.8","point"
"2023-02-06 09:50:00 pm","71.9","53.1","71.2","53.9","point"
"2023-02-06 10:00:00 pm","71.9","53.2","71.2","53.9","point"
"2023-02-06 10:10:00 pm","71.9","53.3","71.2","54.0","point"
"2023-02-06 10:20:00 pm","71.8","53.4","71.2","54.0","point"
"2023-02-06 10:30:00 pm","71.9","53.5","71.2","54.1","point"
"2023-02-06 10:40:00 pm","71.9","53.5","71.2","54.1","point"
"2023-02-06 10:50:00 pm","71.8","53.6","71.2","54.1","point"
"2023-02-06 11:00:00 pm","71.8","53.6","71.2","54.1","point"
"2023-02-06 11:10:00 pm","71.8","53.6","71.2","54.1","point"
"2023-02-06 11:20:00 pm","71.8","53.7","71.2","54.1","point"
"2023-02-06 11:30:00 pm","71.8","53.7","71.2","54.1","point"
"2023-02-06 11:40:00 pm","71.8","53.8","71.2","54.2","point"
"2023-02-06 11:50:00 pm","71.7","53.9","71.1","54.1","point"
"2023-02-07 12:00:00 am","71.7","53.8","71.1","54.1","point"
"2023-02-07 12:10:00 am","71.7","53.9","71.1","54.1","point"
"2023-02-07 12:20:00 am","71.7","53.9","71.1","54.2","point"
"2023-02-07 12:30:00 am","71.7","54.1","71.1","54.2","point"
"2023-02-07 12:40:00 am","71.8","54.0","71.2","54.3","point"
"2023-02-07 12:50:00 am","71.9","54.0","71.2","54.3","point"
"2023-02-07 01:00:00 am","72.0","54.0","71.4","54.4","point"
"2023-02-07 01:10:00 am","72.0","54.0","71.4","54.4","point"
"2023-02-07 01:20:00 am","72.0","54.1","71.4","54.5","point"
"2023-02-07 01:30:00 am","72.0","54.0","71.4","54.5","point"
"2023-02-07 01:40:00 am","72.1","54.0","71.4","54.5","point"
"2023-02-07 01:50:00 am","72.1","54.2","71.4","54.6","point"
"2023-02-07 02:00:00 am","72.1","54.4","71.4","54.8","point"
"2023-02-07 02:10:00 am","72.1","54.4","71.4","54.8","point"
"2023-02-07 02:20:00 am","72.1","54.5","71.4","54.8","point"
"2023-02-07 02:30:00 am","72.1","54.5","71.6","54.8","point"
"2023-02-07 02:40:00 am","72.1","54.6","71.6","54.9","point"
"2023-02-07 02:50:00 am","72.1","54.6","71.4","54.8","point"
"2023-02-07 03:00:00 am","72.1","54.6","71.6","54.9","point"
"2023-02-07 03:10:00 am","72.1","54.6","71.6","54.9","point"
"2023-02-07 03:20:00 am","72.1","54.7","71.6","55.0","point"
"2023-02-07 03:30:00 am","72.2","54.8","71.6","55.0","point"
"2023-02-07 03:40:00 am","72.2","54.8","71.6","55.1","point"
"2023-02-07 03:50:00 am","72.2","54.9","71.6","55.1","point"
"2023-02-07 04:00:00 am","72.2","54.9","71.6","55.1","point"
"2023-02-07 04:10:00 am","72.2","54.9","71.6","55.1","point"
"2023-02-07 04:20:00 am","72.2","54.9","71.6","55.1","point"
"2023-02-07 04:30:00 am","72.2","55.0","71.8","55.2","point"
"2023-02-07 04:40:00 am","72.3","55.1","71.8","55.3","point"
"2023-02-07 04:50:00 am","72.2","55.1","71.8","55.2","point"
"2023-02-07 05:00:00 am","72.2","55.1","71.8","55.2","point"
"2023-02-07 05:10:00 am","72.2","55.2","71.8","55.3","point"
"2023-02-07 05:20:00 am","72.3","55.2","71.8","55.3","point"
"2023-02-07 05:30:00 am","72.3","55.2","71.8","55.3","point"
"2023-02-07 05:40:00 am","72.3","55.1","71.8","55.3","point"
"2023-02-07 05:50:00 am","72.2","55.1","71.8","55.2","point"
"2023-02-07 06:00:00 am","72.1","55.1","71.8","55.1","point"
"2023-02-07 06:10:00 am","72.1","55.2","71.6","55.1","point"
"2023-02-07 06:20:00 am","72.0","55.2","71.6","55.0","point"
"2023-02-07 06:30:00 am","71.9","55.2","71.4","55.0","point"
"2023-02-07 06:40:00 am","71.8","55.2","71.4","54.9","point"
"2023-02-07 06:50:00 am","71.8","55.2","71.4","54.8","point"
"2023-02-07 07:00:00 am","71.8","55.1","71.4","54.8","point"
"2023-02-07 07:10:00 am","71.7","55.1","71.2","54.8","point"
"2023-02-07 07:20:00 am","71.7","55.1","71.2","54.8","point"
"2023-02-07 07:30:00 am","71.6","55.2","71.2","54.7","point"
"2023-02-07 07:40:00 am","71.6","55.2","71.1","54.7","point"
"2023-02-07 07:50:00 am","71.6","55.3","71.1","54.7","point"
"2023-02-07 08:00:00 am","71.5","55.4","71.1","54.7","point"
"2023-02-07 08:10:00 am","71.5","55.4","71.1","54.7","point"
"2023-02-07 08:20:00 am","71.5","55.4","71.1","54.7","point"
"2023-02-07 08:30:00 am","71.5","55.5","71.1","54.7","point"
"2023-02-07 08:40:00 am","71.5","55.5","71.1","54.7","point"
"2023-02-07 08:50:00 am","71.4","55.5","70.9","54.6","point"
"2023-02-07 09:00:00 am","71.4","55.5","70.9","54.6","point"
"2023-02-07 09:10:00 am","71.4","55.5","70.9","54.6","point"
"2023-02-07 09:20:00 am","71.4","55.6","70.9","54.7","point"
"2023-02-07 09:30:00 am","71.4","55.9","70.9","54.9","point"
"2023-02-07 09:40:00 am","71.6","56.0","71.2","55.1","point"
"2023-02-07 09:50:00 am","71.7","56.2","71.2","55.3","point"
"2023-02-07 10:00:00 am","72.1","56.5","71.6","55.8","point"
"2023-02-07 10:10:00 am","72.2","56.2","71.8","55.7","point"
"2023-02-07 10:20:00 am","72.2","56.0","71.8","55.7","point"
"2023-02-07 10:30:00 am","72.3","55.9","71.8","55.7","point"
"2023-02-07 10:40:00 am","72.5","55.6","72.0","55.7","point"
"2023-02-07 10:50:00 am","72.3","55.4","71.8","55.4","point"
"2023-02-07 11:00:00 am","72.2","55.4","71.8","55.4","point"
"2023-02-07 11:10:00 am","72.1","55.5","71.8","55.3","point"
"2023-02-07 11:20:00 am","72.2","56.0","71.8","55.7","point"
"2023-02-07 11:30:00 am","72.4","55.9","72.0","55.8","point"
"2023-02-07 11:40:00 am","72.6","55.8","72.1","56.0","point"
"2023-02-07 11:50:00 am","73.0","55.0","72.3","55.8","point"
"2024-01-09 07:00:00 pm","73.5","82.3","75.2","67.7","point"
"2024-01-09 09:00:00 pm","74.9","84.1","77.2","69.7","point"
"2024-01-09 11:00:00 pm","71.9","83.6","73.4","66.7","point"
"2024-01-10 01:00:00 am","71.1","83.5","72.5","65.8","point"
"2024-01-10 03:00:00 am","70.3","83.2","71.4","64.9","point"
"2024-01-10 05:00:00 am","69.7","83.0","70.7","64.3","point"
"2024-01-10 07:00:00 am","69.4","82.9","70.3","64.0","point"
"2024-01-10 09:00:00 am","69.5","82.7","70.5","64.0","point"
"2024-01-10 11:00:00 am","70.7","82.1","71.6","64.9","point"
"2024-01-10 01:00:00 pm","72.0","78.6","73.2","64.9","point"
"2024-01-10 03:00:00 pm","72.3","77.4","73.4","64.8","point"
"2024-01-10 05:00:00 pm","72.5","77.5","73.8","65.1","point"
"2024-01-10 07:00:00 pm","72.3","78.2","73.6","65.2","point"
"2024-01-10 09:00:00 pm","71.7","78.6","72.7","64.7","point"
"2024-01-10 11:00:00 pm","71.3","76.7","72.3","63.6","point"
"2024-01-11 01:00:00 am","70.3","78.2","71.1","63.2","point"
"2024-01-11 03:00:00 am","69.8","77.3","70.5","62.4","point"
"2024-01-11 05:00:00 am","69.4","77.8","69.8","62.2","point"
"2024-01-11 07:00:00 am","69.4","79.2","70.0","62.7","point"
"2024-01-11 09:00:00 am","68.0","79.3","68.4","61.4","point"
"2024-01-11 11:00:00 am","70.3","65.8","70.2","58.4","point"
"2024-01-11 01:00:00 pm","72.0","66.5","72.5","60.2","point"
"2024-01-11 03:00:00 pm","74.9","59.8","74.7","60.0","point"
"2024-01-11 05:00:00 pm","74.0","72.7","75.0","64.6","point"
"2024-01-11 07:00:00 pm","68.7","79.0","69.1","61.9","point"
"2024-01-11 09:00:00 pm","67.6","80.5","67.6","61.4","point"
"2024-01-11 11:00:00 pm","67.5","76.1","67.5","59.7","point"
"2024-01-12 01:00:00 am","65.4","82.8","65.3","60.1","point"
"2024-01-12 03:00:00 am","64.2","87.3","64.2","60.3","point"
"2024-01-12 05:00:00 am","63.5","89.7","63.9","60.4","point"
"2024-01-12 07:00:00 am","62.6","90.5","63.0","59.7","point"
"2024-01-12 09:00:00 am","63.3","89.6","63.5","60.2","point"
"2024-01-12 11:00:00 am","67.1","79.2","67.3","60.4","point"
"2024-01-12 01:00:00 pm","71.7","69.1","72.3","61.1","point"
"2024-01-12 03:00:00 pm","75.0","61.8","75.0","61.0","point"
"2024-01-12 05:00:00 pm","74.6","65.8","74.8","62.4","point"
"2024-01-12 07:00:00 pm","68.8","76.3","69.1","61.0","point"
"2024-01-12 09:00:00 pm","66.9","78.5","66.6","60.0","point"
"2024-01-12 11:00:00 pm","65.3","82.8","65.3","60.0","point"
"2024-01-13 01:00:00 am","64.2","87.4","64.2","60.4","point"
"2024-01-13 03:00:00 am","62.8","91.0","63.3","60.1","point"
"2024-01-13 05:00:00 am","61.5","93.2","62.2","59.5","point"
"2024-01-13 07:00:00 am","62.0","95.4","62.8","60.6","point"
"2024-01-13 09:00:00 am","63.8","96.0","64.8","62.7","point"
"2024-01-13 11:00:00 am","67.6","86.1","68.2","63.3","point"
"2024-01-13 01:00:00 pm","72.0","70.8","72.7","62.0","point"
"2024-01-13 03:00:00 pm","75.0","63.9","75.2","62.0","point"
"2024-01-13 05:00:00 pm","73.2","79.4","74.7","66.4","point"
"2024-01-13 07:00:00 pm","69.2","86.9","70.3","65.1","point"
"2024-01-13 09:00:00 pm","67.8","90.8","68.7","65.0","point"
"2024-01-13 11:00:00 pm","66.0","92.3","66.7","63.7","point"
"2024-01-14 01:00:00 am","66.3","92.4","67.3","64.0","point"
"2024-01-14 03:00:00 am","65.2","88.8","65.7","61.8","point"
"2024-01-14 05:00:00 am","65.1","88.5","65.7","61.6","point"
"2024-01-14 07:00:00 am","64.1","92.7","64.8","62.0","point"
"2024-01-14 09:00:00 am","64.8","94.6","65.7","63.2","point"
"2024-01-14 11:00:00 am","70.5","82.4","71.4","64.9","point"
"2024-01-14 01:00:00 pm","74.4","66.0","74.7","62.3","point"
"2024-01-14 03:00:00 pm","75.3","66.6","75.7","63.4","point"
"2024-01-14 05:00:00 pm","73.8","77.1","75.2","66.1","point"
"2024-01-14 07:00:00 pm","69.5","85.3","70.5","64.9","point"
"2024-01-14 09:00:00 pm","66.3","88.8","66.9","62.9","point"
"2024-01-14 11:00:00 pm","69.2","70.8","69.1","59.3","point"
"2024-01-15 01:00:00 am","69.3","69.1","69.4","58.7","point"
"2024-01-15 03:00:00 am","65.7","78.7","65.3","58.9","point"
"2024-01-15 05:00:00 am","64.6","82.7","64.4","59.2","point"
"2024-01-15 07:00:00 am","62.6","89.5","63.0","59.5","point"
"2024-01-15 09:00:00 am","64.3","92.0","64.9","61.9","point"
"2024-01-15 11:00:00 am","69.4","83.2","70.3","64.1","point"
"2024-01-15 01:00:00 pm","73.1","64.8","73.4","60.5","point"
"2024-01-15 03:00:00 pm","73.7","70.0","74.5","63.3","point"
"2024-01-15 05:00:00 pm","73.1","71.8","73.9","63.5","point"
"2024-01-15 07:00:00 pm","69.4","80.5","70.0","63.2","point"
"2024-01-15 09:00:00 pm","67.9","87.0","68.7","63.9","point"
"2024-01-15 11:00:00 pm","67.3","91.2","68.4","64.7","point"
"2024-01-16 01:00:00 am","65.2","93.8","66.0","63.4","point"
"2024-01-16 03:00:00 am","65.3","90.4","65.8","62.4","point"
"2024-01-16 05:00:00 am","65.1","85.3","65.1","60.6","point"
"2024-01-16 07:00:00 am","62.9","89.7","63.1","59.8","point"
"2024-01-16 09:00:00 am","63.3","93.7","64.0","61.5","point"
"2024-01-16 11:00:00 am","68.9","85.5","69.8","64.4","point"
"2024-01-16 01:00:00 pm","72.9","68.7","73.4","62.0","point"
"2024-01-16 03:00:00 pm","73.2","72.0","74.3","63.7","point"
"2024-01-16 05:00:00 pm","72.4","81.4","73.8","66.4","point"
"2024-01-16 07:00:00 pm","68.9","89.3","69.8","65.6","point"
"2024-01-16 09:00:00 pm","68.1","95.2","69.4","66.7","point"
"2024-01-16 11:00:00 pm","66.7","96.9","68.0","65.8","point"
"2024-01-17 01:00:00 am","66.6","97.2","68.0","65.8","point"
"2024-01-17 03:00:00 am","66.1","97.8","67.5","65.4","point"
"2024-01-17 05:00:00 am","65.9","98.6","67.3","65.4","point"
"2024-01-17 07:00:00 am","65.7","97.5","67.1","65.0","point"
"2024-01-17 09:00:00 am","66.0","97.1","67.1","65.2","point"
"2024-01-17 11:00:00 am","69.8","87.8","70.9","66.0","point"
"2024-01-17 01:00:00 pm","71.2","88.0","72.7","67.4","point"
"2024-01-17 03:00:00 pm","71.5","84.9","73.0","66.7","point"
"2024-01-17 05:00:00 pm","72.0","79.4","73.4","65.2","point"
"2024-01-17 07:00:00 pm","68.8","84.4","69.6","63.9","point"
"2024-01-17 09:00:00 pm","68.8","95.3","70.3","67.4","point"
"2024-01-17 11:00:00 pm","67.9","96.4","69.4","66.9","point"
"2024-01-18 01:00:00 am","67.1","97.0","68.5","66.2","point"
"2024-01-18 03:00:00 am","65.2","97.3","66.4","64.4","point"
"2024-01-18 05:00:00 am","64.9","97.8","66.0","64.2","point"
"2024-01-18 07:00:00 am","64.2","96.5","65.3","63.2","point"
"2024-01-18 09:00:00 am","66.5","97.2","67.8","65.7","point"
"2024-01-18 11:00:00 am","69.7","88.6","70.9","66.2","point"
"2024-01-18 01:00:00 pm","71.3","83.4","72.7","66.0","point"
"2024-01-18 03:00:00 pm","74.1","81.2","75.7","67.9","point"
"2024-01-18 05:00:00 pm","73.3","81.5","75.0","67.3","point"
"2024-01-18 07:00:00 pm","69.3","91.0","70.7","66.5","point"
"2024-01-18 09:00:00 pm","68.5","96.1","70.0","67.3","point"
"2024-01-18 11:00:00 pm","67.6","97.7","69.1","66.9","point"
"2024-01-19 01:00:00 am","67.6","98.7","69.1","67.2","point"
"2024-01-19 03:00:00 am","67.3","98.7","68.9","66.9","point"
"2024-01-19 05:00:00 am","65.7","98.4","67.1","65.2","point"
"2024-01-19 07:00:00 am","63.5","99.2","64.6","63.2","point"
"2024-01-19 09:00:00 am","66.1","99.1","67.5","65.8","point"
"2024-01-19 11:00:00 am","70.0","90.7","71.6","67.2","point"
"2024-01-19 01:00:00 pm","73.3","81.2","75.0","67.1","point"
"2024-01-19 03:00:00 pm","74.3","83.0","76.5","68.8","point"
"2024-01-19 05:00:00 pm","73.3","86.3","75.4","68.9","point"
"2024-01-19 07:00:00 pm","69.8","92.9","71.2","67.6","point"
"2024-01-19 09:00:00 pm","69.5","97.9","71.4","68.8","point"
"2024-01-19 11:00:00 pm","67.3","97.0","68.7","66.4","point"
"2024-01-20 01:00:00 am","66.8","99.0","68.4","66.5","point"
"2024-01-20 03:00:00 am","65.8","98.6","67.1","65.4","point"
"2024-01-20 05:00:00 am","64.7","97.2","65.7","63.9","point"
"2024-01-20 07:00:00 am","63.6","98.8","64.8","63.3","point"
"2024-01-20 09:00:00 am","65.2","99.2","66.6","65.0","point"
"2024-01-20 11:00:00 am","69.5","93.7","70.9","67.6","point"
"2024-01-20 01:00:00 pm","72.8","81.1","74.3","66.7","point"
"2024-01-20 03:00:00 pm","72.6","84.9","74.3","67.8","point"
"2024-01-20 05:00:00 pm","74.5","85.3","76.8","69.8","point"
"2024-01-20 07:00:00 pm","70.5","93.2","72.0","68.4","point"
"2024-01-20 09:00:00 pm","68.0","95.3","69.3","66.6","point"
"2024-01-20 11:00:00 pm","67.3","94.2","68.7","65.6","point"
"2024-01-21 01:00:00 am","66.6","99.3","68.2","66.4","point"
"2024-01-21 03:00:00 am","65.6","98.5","66.9","65.1","point"
"2024-01-21 05:00:00 am","65.8","99.2","67.1","65.6","point"
"2024-01-21 07:00:00 am","65.6","99.2","66.9","65.4","point"
"2024-01-21 09:00:00 am","65.9","98.9","67.3","65.6","point"
"2024-01-21 11:00:00 am","69.8","94.2","71.4","68.0","point"
"2024-01-21 01:00:00 pm","74.2","76.6","75.6","66.3","point"
"2024-01-21 03:00:00 pm","75.6","75.7","77.2","67.4","point"
"2024-01-21 05:00:00 pm","75.6","74.5","77.0","66.9","point"
"2024-01-21 07:00:00 pm","71.1","86.4","72.7","66.8","point"
"2024-01-21 09:00:00 pm","70.8","96.3","72.7","69.7","point"
"2024-01-21 11:00:00 pm","68.6","96.0","70.2","67.4","point"
"2024-01-22 01:00:00 am","67.9","98.2","69.6","67.4","point"
"2024-01-22 03:00:00 am","68.3","97.5","70.0","67.6","point"
"2024-01-22 05:00:00 am","65.2","97.8","66.6","64.6","point"
"2024-01-22 07:00:00 am","64.3","96.3","65.3","63.2","point"
"2024-01-22 09:00:00 am","67.3","98.1","68.9","66.8","point"
"2024-01-22 11:00:00 am","70.8","92.7","72.5","68.6","point"
"2024-01-22 01:00:00 pm","74.1","83.9","76.1","68.9","point"
"2024-01-22 03:00:00 pm","75.2","81.6","77.2","69.2","point"
"2024-01-22 05:00:00 pm","74.7","79.8","76.6","68.0","point"
"2024-01-22 07:00:00 pm","71.3","87.0","72.9","67.2","point"
"2024-01-22 09:00:00 pm","70.8","96.2","72.7","69.6","point"
"2024-01-22 11:00:00 pm","68.9","97.3","70.5","68.1","point"
"2024-01-23 01:00:00 am","66.7","95.3","67.8","65.3","point"
"2024-01-23 03:00:00 am","65.4","97.0","66.6","64.5","point"
"2024-01-23 05:00:00 am","64.0","97.7","65.1","63.3","point"
"2024-01-23 07:00:00 am","64.2","92.7","64.8","62.1","point"
"2024-01-23 09:00:00 am","67.2","93.9","68.4","65.4","point"
"2024-01-23 11:00:00 am","69.9","88.6","71.2","66.4","point"
"2024-01-23 01:00:00 pm","72.8","78.2","74.1","65.6","point"
"2024-01-23 03:00:00 pm","75.1","81.5","77.2","69.0","point"
"2024-01-23 05:00:00 pm","74.2","83.1","76.3","68.8","point"
"2024-01-23 07:00:00 pm","69.9","84.4","70.9","65.0","point"
"2024-01-23 09:00:00 pm","67.6","90.0","68.4","64.6","point"
"2024-01-23 11:00:00 pm","65.7","92.3","66.6","63.4","point"
"2024-01-24 01:00:00 am","64.2","95.5","64.9","62.9","point"
"2024-01-24 03:00:00 am","63.5","93.4","64.0","61.5","point"
"2024-01-24 05:00:00 am","62.9","90.0","63.3","59.9","point"
"2024-01-24 07:00:00 am","60.8","90.4","61.2","57.9","point"
"2024-01-24 09:00:00 am","63.0","89.1","63.3","59.7","point"
"2024-01-24 11:00:00 am","69.4","78.5","69.8","62.4","point"
"2024-01-24 01:00:00 pm","71.5","76.6","72.5","63.8","point"
"2024-01-24 03:00:00 pm","73.0","70.8","73.8","62.9","point"
"2024-01-24 05:00:00 pm","72.1","73.2","73.0","63.1","point"
"2024-01-24 07:00:00 pm","68.5","81.0","68.9","62.4","point"
"2024-01-24 09:00:00 pm","66.7","89.2","67.3","63.4","point"
"2024-01-24 11:00:00 pm","64.5","92.0","65.1","62.1","point"
"2024-01-25 01:00:00 am","63.4","79.0","63.0","56.8","point"
"2024-01-25 03:00:00 am","64.1","68.2","62.6","53.4","point"
"2024-01-25 05:00:00 am","64.2","78.0","63.7","57.3","point"
"2024-01-25 07:00:00 am","62.6","84.5","62.6","57.9","point"
"2024-01-25 09:00:00 am","63.8","89.5","64.0","60.6","point"
"2024-01-25 11:00:00 am","69.9","77.3","70.5","62.5","point"
"2024-01-25 01:00:00 pm","71.8","77.8","72.9","64.5","point"
"2024-01-25 03:00:00 pm","73.1","71.9","73.9","63.5","point"
"2024-01-25 05:00:00 pm","72.4","76.5","73.6","64.6","point"
"2024-01-25 07:00:00 pm","68.5","87.7","69.4","64.7","point"
"2024-01-25 09:00:00 pm","66.8","93.9","68.0","65.0","point"
"2024-01-25 11:00:00 pm","65.1","96.3","66.4","64.0","point"
"2024-01-26 01:00:00 am","64.5","95.1","65.3","63.0","point"
"2024-01-26 03:00:00 am","64.2","94.8","65.1","62.7","point"
"2024-01-26 05:00:00 am","65.2","94.0","66.2","63.4","point"
"2024-01-26 07:00:00 am","63.0","95.7","64.0","61.7","point"
"2024-01-26 09:00:00 am","64.6","94.3","65.5","62.9","point"
"2024-01-26 11:00:00 am","68.7","82.1","69.3","63.0","point"
"2024-01-26 01:00:00 pm","72.6","69.3","73.2","62.0","point"
"2024-01-26 03:00:00 pm","74.9","63.2","75.2","61.5","point"
"2024-01-26 05:00:00 pm","74.2","62.2","74.3","60.4","point"
"2024-01-26 07:00:00 pm","69.7","83.1","70.7","64.3","point"
"2024-01-26 09:00:00 pm","67.3","88.2","68.0","63.7","point"
"2024-01-26 11:00:00 pm","64.1","91.7","64.6","61.7","point"
"2024-01-27 01:00:00 am","64.2","76.0","63.3","56.4","point"
"2024-01-27 03:00:00 am","64.1","70.2","62.8","54.2","point"
"2024-01-27 05:00:00 am","62.2","85.1","62.1","57.7","point"
"2024-01-27 07:00:00 am","60.9","91.3","61.3","58.4","point"
"2024-01-27 09:00:00 am","62.3","94.9","63.1","60.8","point"
"2024-01-27 11:00:00 am","67.9","77.3","68.0","60.5","point"
"2024-01-27 01:00:00 pm","72.0","64.0","72.3","59.2","point"
"2024-01-27 03:00:00 pm","74.5","57.0","74.1","58.3","point"
"2024-01-27 05:00:00 pm","74.3","58.1","73.9","58.6","point"
"2024-01-27 07:00:00 pm","68.3","67.4","67.6","57.1","point"
"2024-01-27 09:00:00 pm","66.1","71.1","65.1","56.4","point"
"2024-01-27 11:00:00 pm","66.8","68.0","65.8","56.0","point"
"2024-01-28 01:00:00 am","64.0","75.6","63.1","56.1","point"
"2024-01-28 03:00:00 am","63.0","80.2","62.6","56.8","point"
"2024-01-28 05:00:00 am","62.2","86.5","62.2","58.1","point"
"2024-01-28 07:00:00 am","60.4","92.9","61.0","58.3","point"
"2024-01-28 09:00:00 am","63.3","94.3","64.2","61.7","point"
"2024-01-28 11:00:00 am","67.9","80.5","68.2","61.7","point"
"2024-01-28 01:00:00 pm","72.1","63.0","72.1","58.8","point"
"2024-01-28 03:00:00 pm","74.2","59.4","73.9","59.2","point"
"2024-01-28 05:00:00 pm","74.0","58.6","73.8","58.6","point"
"2024-01-28 07:00:00 pm","68.8","78.9","69.3","62.0","point"
"2024-01-28 09:00:00 pm","66.0","83.1","66.0","60.7","point"
"2024-01-28 11:00:00 pm","64.7","89.5","64.9","61.5","point"
"2024-01-29 01:00:00 am","63.3","87.4","63.3","59.5","point"
"2024-01-29 03:00:00 am","63.1","79.9","62.6","56.8","point"
"2024-01-29 05:00:00 am","62.8","80.0","62.2","56.5","point"
"2024-01-29 07:00:00 am","62.6","85.4","62.4","58.1","point"
"2024-01-29 09:00:00 am","63.6","89.3","63.9","60.4","point"
"2024-01-29 11:00:00 am","67.9","84.5","68.5","63.0","point"
"2024-01-29 01:00:00 pm","71.7","70.9","72.3","61.8","point"
"2024-01-29 03:00:00 pm","74.6","61.2","74.5","60.3","point"
"2024-01-29 05:00:00 pm","73.6","72.7","74.7","64.3","point"
"2024-01-29 07:00:00 pm","69.2","81.3","69.8","63.2","point"
"2024-01-29 09:00:00 pm","66.5","86.6","66.9","62.4","point"
"2024-01-29 11:00:00 pm","64.9","82.9","64.8","59.5","point"
"2024-01-30 01:00:00 am","63.8","73.1","62.6","55.0","point"
"2024-01-30 03:00:00 am","64.9","67.7","63.5","54.0","point"
"2024-01-30 05:00:00 am","62.8","79.0","62.4","56.2","point"
"2024-01-30 07:00:00 am","61.8","82.5","61.5","56.4","point"
"2024-01-30 09:00:00 am","62.8","86.7","63.0","58.8","point"
"2024-01-30 11:00:00 am","68.5","79.9","68.9","62.1","point"
"2024-01-30 01:00:00 pm","73.1","60.0","73.0","58.4","point"
"2024-01-30 03:00:00 pm","75.0","62.3","75.0","61.3","point"
"2024-01-30 05:00:00 pm","73.9","57.1","73.4","57.8","point"
"2024-01-30 07:00:00 pm","68.8","68.5","68.5","58.0","point"
"2024-01-30 09:00:00 pm","67.7","89.0","68.5","64.4","point"
"2024-01-30 11:00:00 pm","66.2","86.1","66.4","61.9","point"
"2024-01-31 01:00:00 am","65.1","82.7","64.9","59.7","point"
"2024-01-31 03:00:00 am","64.8","84.6","64.8","60.1","point"
"2024-01-31 05:00:00 am","62.2","86.5","62.2","58.2","point"
"2024-01-31 07:00:00 am","62.3","86.5","62.4","58.2","point"
"2024-01-31 09:00:00 am","65.8","85.9","65.8","61.5","point"
"2024-01-31 11:00:00 am","69.1","75.2","69.6","60.9","point"
"2024-01-31 01:00:00 pm","73.5","58.6","73.2","58.1","point"
"2024-01-31 03:00:00 pm","74.2","52.2","73.2","55.6","point"
"2024-01-31 05:00:00 pm","73.8","59.4","73.6","58.7","point"
"2024-01-31 07:00:00 pm","68.3","74.5","68.2","59.8","point"
"2024-01-31 09:00:00 pm","65.8","79.5","65.5","59.3","point"
"2024-01-31 11:00:00 pm","65.4","89.6","65.8","62.2","point"
"2024-02-01 01:00:00 am","64.8","94.0","65.7","63.0","point"
"2024-02-01 03:00:00 am","65.8","90.4","66.4","62.9","point"
"2024-02-01 05:00:00 am","64.6","90.5","65.1","61.8","point"
"2024-02-01 07:00:00 am","61.4","88.4","61.7","57.9","point"
"2024-02-01 09:00:00 am","63.2","80.3","62.8","57.1","point"
"2024-02-01 11:00:00 am","70.0","66.1","70.2","58.1","point"
"2024-02-01 01:00:00 pm","72.6","68.3","73.0","61.5","point"
"2024-02-01 03:00:00 pm","73.7","67.2","74.1","62.1","point"
"2024-02-01 05:00:00 pm","73.1","69.9","73.8","62.7","point"
"2024-02-01 07:00:00 pm","68.7","82.7","69.6","63.2","point"
"2024-02-01 09:00:00 pm","67.1","90.2","68.2","64.1","point"
"2024-02-01 11:00:00 pm","66.7","90.6","67.5","63.9","point"
"2024-02-02 01:00:00 am","66.1","92.3","66.9","63.8","point"
"2024-02-02 03:00:00 am","65.9","90.9","66.6","63.1","point"
"2024-02-02 05:00:00 am","61.8","89.0","62.1","58.6","point"
"2024-02-02 07:00:00 am","61.3","90.6","61.7","58.5","point"
"2024-02-02 09:00:00 am","64.7","90.0","64.9","61.7","point"
"2024-02-02 11:00:00 am","70.4","78.3","71.2","63.4","point"
"2024-02-02 01:00:00 pm","74.0","66.7","74.5","62.2","point"
"2024-02-02 03:00:00 pm","75.0","60.9","74.8","60.6","point"
"2024-02-02 05:00:00 pm","74.3","66.0","74.5","62.2","point"
"2024-02-02 07:00:00 pm","69.7","81.6","70.5","63.8","point"
"2024-02-02 09:00:00 pm","67.7","91.7","68.7","65.2","point"
"2024-02-02 11:00:00 pm","65.0","91.5","65.7","62.5","point"
"2024-02-03 01:00:00 am","65.4","87.0","65.7","61.5","point"
"2024-02-03 03:00:00 am","64.1","80.0","63.7","57.8","point"
"2024-02-03 05:00:00 am","62.0","89.0","62.2","58.7","point"
"2024-02-03 07:00:00 am","65.4","81.8","65.1","59.7","point"
"2024-02-03 09:00:00 am","67.6","83.0","68.0","62.2","point"
"2024-02-03 11:00:00 am","72.0","78.3","73.2","64.8","point"
"2024-02-03 01:00:00 pm","74.9","72.6","76.1","65.5","point"
"2024-02-03 03:00:00 pm","74.9","78.1","76.6","67.6","point"
"2024-02-03 05:00:00 pm","75.1","75.1","76.6","66.7","point"
"2024-02-03 07:00:00 pm","71.5","86.0","73.0","67.0","point"
"2024-02-03 09:00:00 pm","68.9","91.1","70.3","66.2","point"
"2024-02-03 11:00:00 pm","68.3","91.4","69.4","65.8","point"
"2024-02-04 01:00:00 am","67.8","90.8","69.1","65.0","point"
"2024-02-04 03:00:00 am","67.6","90.0","68.5","64.6","point"
"2024-02-04 05:00:00 am","67.3","91.5","68.4","64.7","point"
"2024-02-04 07:00:00 am","66.8","89.7","67.5","63.7","point"
"2024-02-04 09:00:00 am","67.2","90.9","68.2","64.5","point"
"2024-02-04 11:00:00 am","71.6","83.5","73.0","66.3","point"
"2024-02-04 01:00:00 pm","74.4","70.6","75.2","64.2","point"
"2024-02-04 03:00:00 pm","76.4","64.8","76.6","63.6","point"
"2024-02-04 05:00:00 pm","75.8","76.1","77.4","67.8","point"
"2024-02-04 07:00:00 pm","72.6","88.4","74.7","68.9","point"
"2024-02-04 09:00:00 pm","69.8","94.4","71.4","68.1","point"
"2024-02-04 11:00:00 pm","68.0","96.5","69.4","66.9","point"
"2024-02-05 01:00:00 am","66.3","95.6","67.5","65.0","point"
"2024-02-05 03:00:00 am","65.1","90.3","65.7","62.2","point"
"2024-02-05 05:00:00 am","63.0","86.8","63.1","59.0","point"
"2024-02-05 07:00:00 am","63.1","84.3","63.0","58.3","point"
"2024-02-05 09:00:00 am","64.9","85.6","65.1","60.5","point"
"2024-02-05 11:00:00 am","70.3","77.9","71.1","63.1","point"
"2024-02-05 01:00:00 pm","75.7","57.1","75.2","59.5","point"
"2024-02-05 03:00:00 pm","79.1","47.6","78.1","57.5","point"
"2024-02-05 05:00:00 pm","78.4","49.5","77.5","57.9","point"
"2024-02-05 07:00:00 pm","72.0","76.9","73.2","64.4","point"
"2024-02-05 09:00:00 pm","71.3","90.3","73.2","68.4","point"
"2024-02-05 11:00:00 pm","69.5","90.6","70.9","66.7","point"
"2024-02-06 01:00:00 am","67.1","94.8","68.4","65.5","point"
"2024-02-06 03:00:00 am","65.9","93.1","66.7","63.9","point"
"2024-02-06 05:00:00 am","64.5","85.3","64.4","60.0","point"
"2024-02-06 07:00:00 am","63.5","86.9","63.5","59.5","point"
"2024-02-06 09:00:00 am","65.5","84.3","65.5","60.6","point"
"2024-02-06 11:00:00 am","71.2","74.7","72.0","62.7","point"
"2024-02-06 01:00:00 pm","78.3","44.6","76.8","54.9","point"
"2024-02-06 03:00:00 pm","80.7","46.2","79.9","58.1","point"
"2024-02-06 05:00:00 pm","79.5","45.3","78.4","56.5","point"
"2024-02-06 07:00:00 pm","72.8","59.4","72.5","57.8","point"
"2024-02-06 09:00:00 pm","72.0","83.4","73.6","66.7","point"
"2024-02-06 11:00:00 pm","68.5","84.9","69.3","63.7","point"
"2024-02-07 01:00:00 am","66.7","77.9","66.4","59.6","point"
"2024-02-07 03:00:00 am","67.4","68.7","66.6","56.7","point"
"2024-02-07 05:00:00 am","66.5","69.9","65.5","56.4","point"
"2024-02-07 07:00:00 am","65.4","79.4","64.9","58.9","point"
"2024-02-07 09:00:00 am","67.3","73.1","66.9","58.4","point"
"2024-02-07 11:00:00 am","73.5","55.4","73.0","56.5","point"
"2024-02-07 01:00:00 pm","79.2","41.9","77.5","54.1","point"
"2024-02-07 03:00:00 pm","81.0","37.7","79.0","52.8","point"
"2024-02-07 05:00:00 pm","79.6","56.4","80.2","62.8","point"
"2024-02-07 07:00:00 pm","73.9","71.7","74.7","64.1","point"
"2024-02-07 09:00:00 pm","71.2","88.8","72.7","67.7","point"
"2024-02-07 11:00:00 pm","68.1","83.1","68.7","62.8","point"
"2024-02-08 01:00:00 am","67.8","78.8","67.8","61.0","point"
"2024-02-08 03:00:00 am","65.8","81.1","65.7","59.8","point"
"2024-02-08 05:00:00 am","63.7","74.2","62.6","55.3","point"
"2024-02-08 07:00:00 am","62.9","74.5","61.9","54.7","point"
"2024-02-08 09:00:00 am","67.2","71.6","66.6","57.7","point"
"2024-02-08 11:00:00 am","73.3","59.8","73.0","58.5","point"
"2024-02-08 01:00:00 pm","78.8","49.3","77.9","58.2","point"
"2024-02-08 03:00:00 pm","79.8","57.3","80.6","63.3","point"
"2024-02-08 05:00:00 pm","77.2","65.0","78.1","64.5","point"
"2024-02-08 07:00:00 pm","72.6","77.1","73.8","65.0","point"
"2024-02-08 09:00:00 pm","70.4","87.7","71.8","66.6","point"
"2024-02-08 11:00:00 pm","66.4","89.3","67.1","63.2","point"
"2024-02-09 01:00:00 am","68.1","76.1","68.2","60.3","point"
"2024-02-09 03:00:00 am","66.8","78.2","66.6","59.8","point"
"2024-02-09 05:00:00 am","66.2","80.3","66.0","60.0","point"
"2024-02-09 07:00:00 am","66.5","74.3","65.8","58.1","point"
"2024-02-09 09:00:00 am","67.1","80.7","67.3","61.0","point"
"2024-02-09 11:00:00 am","72.2","63.8","72.5","59.3","point"
"2024-02-09 01:00:00 pm","77.7","51.8","77.2","58.6","point"
"2024-02-09 03:00:00 pm","80.5","58.8","82.0","64.7","point"
"2024-02-09 05:00:00 pm","77.6","71.6","79.5","67.7","point"
"2024-02-09 07:00:00 pm","73.5","81.2","75.2","67.4","point"
"2024-02-09 09:00:00 pm","71.3","91.8","73.2","68.8","point"
"2024-02-09 11:00:00 pm","69.9","89.7","71.2","66.7","point"
"2024-02-10 01:00:00 am","67.8","93.9","69.1","66.0","point"
"2024-02-10 03:00:00 am","65.1","87.6","65.3","61.3","point"
"2024-02-10 05:00:00 am","65.2","85.6","65.3","60.7","point"
"2024-02-10 07:00:00 am","63.6","87.6","63.7","59.9","point"
"2024-02-10 09:00:00 am","64.5","89.8","64.8","61.4","point"
"2024-02-10 11:00:00 am","70.6","79.7","71.6","64.0","point"
"2024-02-10 01:00:00 pm","76.2","60.7","76.1","61.7","point"
"2024-02-10 03:00:00 pm","79.5","43.9","78.1","55.7","point"
"2024-02-10 05:00:00 pm","78.4","65.3","79.9","65.8","point"
"2024-02-10 07:00:00 pm","73.5","85.3","75.6","68.8","point"
"2024-02-10 09:00:00 pm","70.7","93.2","72.1","68.6","point"
"2024-02-10 11:00:00 pm","68.5","93.5","69.6","66.5","point"
"2024-02-11 01:00:00 am","66.5","94.9","67.6","64.9","point"
"2024-02-11 03:00:00 am","64.8","96.4","65.8","63.8","point"
"2024-02-11 05:00:00 am","64.5","92.3","65.1","62.2","point"
"2024-02-11 07:00:00 am","63.4","93.2","64.0","61.4","point"
"2024-02-11 09:00:00 am","64.3","96.3","65.3","63.2","point"
"2024-02-11 11:00:00 am","69.4","85.1","70.3","64.7","point"
"2024-02-11 01:00:00 pm","75.3","60.6","75.2","60.7","point"
"2024-02-11 03:00:00 pm","77.6","49.2","76.5","57.1","point"
"2024-02-11 05:00:00 pm","77.6","48.0","76.3","56.4","point"
"2024-02-11 07:00:00 pm","71.3","63.0","71.4","58.1","point"
"2024-02-11 09:00:00 pm","68.3","76.1","68.4","60.5","point"
"2024-02-11 11:00:00 pm","66.5","82.2","66.6","60.9","point"
"2024-02-12 01:00:00 am","65.7","77.7","65.3","58.5","point"
"2024-02-12 03:00:00 am","64.2","80.5","63.7","58.0","point"
"2024-02-12 05:00:00 am","63.4","82.8","63.3","58.1","point"
"2024-02-12 07:00:00 am","62.2","88.7","62.4","58.8","point"
"2024-02-12 09:00:00 am","64.5","81.8","64.2","58.8","point"
"2024-02-12 11:00:00 am","70.6","52.1","69.8","52.1","point"
"2024-02-12 01:00:00 pm","75.6","44.8","73.8","52.6","point"
"2024-02-12 03:00:00 pm","78.7","33.8","75.7","47.8","point"
"2024-02-12 05:00:00 pm","78.7","36.8","76.3","50.1","point"
"2024-02-12 07:00:00 pm","72.1","55.0","71.6","55.1","point"
"2024-02-12 09:00:00 pm","69.6","82.1","70.3","63.9","point"
"2024-02-12 11:00:00 pm","67.0","85.5","67.5","62.5","point"
"2024-02-13 01:00:00 am","64.9","81.2","64.6","59.0","point"
"2024-02-13 03:00:00 am","63.6","79.4","63.1","57.1","point"
"2024-02-13 05:00:00 am","61.4","80.4","61.0","55.3","point"
"2024-02-13 07:00:00 am","60.4","84.7","60.3","55.8","point"
"2024-02-13 09:00:00 am","64.4","85.4","64.2","59.9","point"
"2024-02-13 11:00:00 am","69.4","73.8","69.6","60.7","point"
"2024-02-13 01:00:00 pm","75.4","43.0","73.4","51.4","point"
"2024-02-13 03:00:00 pm","78.8","36.5","76.3","50.0","point"
"2024-02-13 05:00:00 pm","77.6","54.7","77.2","60.0","point"
"2024-02-13 07:00:00 pm","72.1","63.5","72.3","59.0","point"
"2024-02-13 09:00:00 pm","69.4","83.8","70.3","64.3","point"
"2024-02-13 11:00:00 pm","66.1","86.1","66.4","61.8","point"
"2024-02-14 01:00:00 am","65.9","86.9","66.4","61.9","point"
"2024-02-14 03:00:00 am","65.7","84.6","65.8","60.9","point"
"2024-02-14 05:00:00 am","65.7","83.3","65.8","60.5","point"
"2024-02-14 07:00:00 am","64.7","85.6","64.6","60.3","point"
"2024-02-14 09:00:00 am","66.6","88.1","67.1","63.0","point"
"2024-02-14 11:00:00 am","71.6","74.3","72.3","63.0","point"
"2024-02-14 01:00:00 pm","77.8","51.3","77.0","58.4","point"
"2024-02-14 03:00:00 pm","79.4","39.9","77.4","52.9","point"
"2024-02-14 05:00:00 pm","79.4","35.6","76.8","49.8","point"
"2024-02-14 07:00:00 pm","73.9","73.4","74.8","64.9","point"
"2024-02-14 09:00:00 pm","71.1","88.6","72.7","67.6","point"
"2024-02-14 11:00:00 pm","69.0","91.1","70.3","66.3","point"
"2024-02-15 01:00:00 am","67.0","93.7","68.0","65.1","point"
"2024-02-15 03:00:00 am","65.9","91.0","66.6","63.2","point"
"2024-02-15 05:00:00 am","64.8","91.2","65.3","62.1","point"
"2024-02-15 07:00:00 am","64.8","88.7","65.1","61.4","point"
"2024-02-15 09:00:00 am","66.6","86.2","66.9","62.3","point"
"2024-02-15 11:00:00 am","72.1","78.1","73.2","64.9","point"
"2024-02-15 01:00:00 pm","76.5","59.0","76.3","61.1","point"
"2024-02-15 03:00:00 pm","77.7","46.8","76.5","55.8","point"
"2024-02-15 05:00:00 pm","76.1","53.7","75.4","58.1","point"
"2024-02-15 07:00:00 pm","71.6","71.7","72.3","62.0","point"
"2024-02-15 09:00:00 pm","69.0","80.4","69.6","62.7","point"
"2024-02-15 11:00:00 pm","66.7","83.7","66.9","61.6","point"
"2024-02-16 01:00:00 am","65.1","87.4","65.3","61.3","point"
"2024-02-16 03:00:00 am","64.5","77.2","63.9","57.2","point"
"2024-02-16 05:00:00 am","63.8","83.8","63.7","58.8","point"
"2024-02-16 07:00:00 am","63.1","86.0","63.0","58.9","point"
"2024-02-16 09:00:00 am","64.3","84.3","64.2","59.5","point"
"2024-02-16 11:00:00 am","69.3","67.4","69.3","58.0","point"
"2024-02-16 01:00:00 pm","76.9","45.2","75.2","54.1","point"
"2024-02-16 03:00:00 pm","79.9","39.6","77.9","53.2","point"
"2024-02-16 05:00:00 pm","78.0","44.5","76.3","54.6","point"
"2024-02-16 07:00:00 pm","72.8","62.2","72.9","59.1","point"
"2024-02-16 09:00:00 pm","70.6","83.9","71.8","65.5","point"
"2024-02-16 11:00:00 pm","67.3","86.0","67.8","63.0","point"
"2024-02-17 01:00:00 am","66.4","90.4","67.3","63.5","point"
"2024-02-17 03:00:00 am","64.8","87.9","64.9","61.1","point"
"2024-02-17 05:00:00 am","64.6","86.2","64.6","60.4","point"
"2024-02-17 07:00:00 am","64.5","89.6","64.8","61.3","point"
"2024-02-17 09:00:00 am","65.5","89.6","66.0","62.4","point"
"2024-02-17 11:00:00 am","71.5","75.7","72.5","63.4","point"
"2024-02-17 01:00:00 pm","76.9","57.4","76.5","60.7","point"
"2024-02-17 03:00:00 pm","79.4","54.6","79.7","61.6","point"
"2024-02-17 05:00:00 pm","78.5","62.1","79.5","64.5","point"
"2024-02-17 07:00:00 pm","73.7","73.2","74.7","64.5","point"
"2024-02-17 09:00:00 pm","70.8","88.0","72.3","67.0","point"
"2024-02-17 11:00:00 pm","68.5","92.8","69.6","66.3","point"
"2024-02-18 01:00:00 am","66.9","89.4","67.8","63.7","point"
"2024-02-18 03:00:00 am","65.1","92.8","66.0","63.0","point"
"2024-02-18 05:00:00 am","64.7","93.6","65.3","62.8","point"
"2024-02-18 07:00:00 am","65.0","91.8","65.7","62.6","point"
"2024-02-18 09:00:00 am","67.4","89.5","68.2","64.1","point"
"2024-02-18 11:00:00 am","72.6","79.2","73.9","65.8","point"
"2024-02-18 01:00:00 pm","76.5","68.9","77.4","65.5","point"
"2024-02-18 03:00:00 pm","77.7","68.8","79.2","66.7","point"
"2024-02-18 05:00:00 pm","77.0","69.7","78.4","66.3","point"
"2024-02-18 07:00:00 pm","73.0","79.7","74.5","66.4","point"
"2024-02-18 09:00:00 pm","70.8","87.7","72.3","67.0","point"
"2024-02-18 11:00:00 pm","69.0","91.3","70.3","66.4","point"
"2024-02-19 01:00:00 am","68.6","94.9","70.2","67.1","point"
"2024-02-19 03:00:00 am","67.1","97.1","68.5","66.2","point"
"2024-02-19 05:00:00 am","65.3","94.2","66.4","63.6","point"
"2024-02-19 07:00:00 am","66.3","95.3","67.5","64.9","point"
"2024-02-19 09:00:00 am","66.4","91.1","67.3","63.7","point"
"2024-02-19 11:00:00 am","71.2","84.0","72.5","66.1","point"
"2024-02-19 01:00:00 pm","76.6","69.3","77.5","65.8","point"
"2024-02-19 03:00:00 pm","78.6","64.5","80.4","65.7","point"
"2024-02-19 05:00:00 pm","77.6","65.0","78.6","64.9","point"
"2024-02-19 07:00:00 pm","73.2","75.3","74.5","64.9","point"
"2024-02-19 09:00:00 pm","71.2","88.5","72.7","67.6","point"
"2024-02-19 11:00:00 pm","69.3","95.0","70.9","67.8","point"
"2024-02-20 01:00:00 am","69.2","88.4","70.3","65.6","point"
"2024-02-20 03:00:00 am","66.3","92.0","67.3","63.9","point"
"2024-02-20 05:00:00 am","65.3","94.6","66.4","63.7","point"
"2024-02-20 07:00:00 am","63.8","93.0","64.4","61.7","point"
"2024-02-20 09:00:00 am","66.8","96.9","68.2","65.9","point"
"2024-02-20 10:00:00 am","68.4","94.1","69.8","66.7","point"
"2024-02-20 12:00:00 pm","74.8","74.1","75.9","66.0","point"
"2024-02-20 02:00:00 pm","76.8","74.9","78.3","68.2","point"
"2024-02-20 04:00:00 pm","77.3","74.5","79.3","68.6","point"
"2024-02-20 06:00:00 pm","75.1","76.2","76.6","67.1","point"
"2024-02-20 08:00:00 pm","73.2","90.5","75.6","70.2","point"
"2024-02-20 10:00:00 pm","71.1","93.4","72.9","69.1","point"
"2024-02-21 12:00:00 am","69.1","93.7","70.5","67.2","point"
"2024-02-21 02:00:00 am","68.3","96.7","69.8","67.3","point"
"2024-02-21 04:00:00 am","68.1","97.1","69.6","67.2","point"
"2024-02-21 06:00:00 am","66.8","97.1","68.2","66.0","point"
"2024-02-21 08:00:00 am","66.8","98.2","68.4","66.3","point"
"2024-02-21 10:00:00 am","69.8","91.7","71.4","67.3","point"
"2024-02-21 12:00:00 pm","74.9","73.7","76.1","65.9","point"
"2024-02-21 02:00:00 pm","77.5","78.3","80.2","70.2","point"
"2024-02-21 04:00:00 pm","77.3","77.4","79.7","69.7","point"
"2024-02-21 06:00:00 pm","74.7","77.1","76.3","67.0","point"
"2024-02-21 08:00:00 pm","71.1","85.9","72.5","66.6","point"
"2024-02-21 10:00:00 pm","68.2","91.5","69.4","65.6","point"
"2024-02-22 12:00:00 am","65.7","92.9","66.6","63.6","point"
"2024-02-22 02:00:00 am","64.2","92.2","64.8","61.8","point"
"2024-02-22 04:00:00 am","63.8","90.9","64.2","61.1","point"
"2024-02-22 06:00:00 am","64.4","96.5","65.5","63.4","point"
"2024-02-22 08:00:00 am","64.1","97.9","65.3","63.4","point"
"2024-02-22 10:00:00 am","66.7","90.1","67.5","63.7","point"
"2024-02-22 12:00:00 pm","73.8","65.6","74.1","61.5","point"
"2024-02-22 02:00:00 pm","76.5","64.3","76.8","63.6","point"
"2024-02-22 04:00:00 pm","76.4","64.6","76.6","63.6","point"
"2024-02-22 06:00:00 pm","74.4","65.6","74.7","62.1","point"
"2024-02-22 08:00:00 pm","70.6","85.5","71.8","66.1","point"
"2024-02-22 10:00:00 pm","67.4","92.9","68.5","65.3","point"
"2024-02-23 12:00:00 am","64.5","87.6","64.6","60.7","point"
"2024-02-23 02:00:00 am","65.6","85.3","65.7","61.0","point"
"2024-02-23 04:00:00 am","63.6","79.0","63.1","56.9","point"
"2024-02-23 06:00:00 am","64.4","56.0","61.5","48.3","point"
"2024-02-23 08:00:00 am","65.4","57.2","62.8","49.9","point"
"2024-02-23 10:00:00 am","68.8","59.1","67.8","53.9","point"
"2024-02-23 12:00:00 pm","75.5","50.3","74.3","55.7","point"
"2024-02-23 02:00:00 pm","77.1","46.8","75.6","55.2","point"
"2024-02-23 04:00:00 pm","78.0","46.8","76.8","56.0","point"
"2024-02-23 06:00:00 pm","74.4","58.8","74.1","59.1","point"
"2024-02-23 08:00:00 pm","70.8","82.9","72.1","65.3","point"
"2024-02-23 10:00:00 pm","67.7","91.2","68.7","65.1","point"
"2024-02-24 12:00:00 am","64.9","91.9","65.5","62.5","point"
"2024-02-24 02:00:00 am","66.1","84.9","66.4","61.4","point"
"2024-02-24 04:00:00 am","65.0","78.2","64.4","58.1","point"
"2024-02-24 06:00:00 am","62.3","83.6","62.2","57.3","point"
"2024-02-24 08:00:00 am","63.5","72.3","62.4","54.5","point"
"2024-02-24 10:00:00 am","70.3","72.7","70.7","61.1","point"
"2024-02-24 12:00:00 pm","74.5","51.4","73.6","55.4","point"
"2024-02-24 02:00:00 pm","75.9","52.8","75.0","57.5","point"
"2024-02-24 04:00:00 pm","76.2","54.7","75.4","58.7","point"
"2024-02-24 06:00:00 pm","73.5","70.3","74.1","63.2","point"
"2024-02-24 08:00:00 pm","69.4","87.6","70.5","65.5","point"
"2024-02-24 10:00:00 pm","67.4","93.4","68.5","65.5","point"
"2024-02-25 12:00:00 am","65.6","93.4","66.4","63.6","point"
"2024-02-25 02:00:00 am","64.1","82.4","63.9","58.6","point"
"2024-02-25 04:00:00 am","63.8","84.7","63.7","59.1","point"
"2024-02-25 06:00:00 am","64.6","84.4","64.6","59.8","point"
"2024-02-25 08:00:00 am","66.7","86.2","66.9","62.5","point"
"2024-02-25 10:00:00 am","69.2","86.7","70.3","65.0","point"
"2024-02-25 12:00:00 pm","74.2","79.7","75.9","67.5","point"
"2024-02-25 02:00:00 pm","77.2","76.4","79.7","69.2","point"
"2024-02-25 04:00:00 pm","78.1","76.7","81.5","70.2","point"
"2024-02-25 06:00:00 pm","75.5","80.6","77.5","69.1","point"
"2024-02-25 08:00:00 pm","70.4","86.9","71.8","66.3","point"
"2024-02-25 10:00:00 pm","67.8","91.9","69.1","65.4","point"
"2024-02-26 12:00:00 am","66.6","94.3","67.8","64.9","point"
"2024-02-26 02:00:00 am","67.6","92.7","68.7","65.4","point"
"2024-02-26 04:00:00 am","67.2","91.1","68.2","64.5","point"
"2024-02-26 06:00:00 am","66.7","89.3","67.3","63.4","point"
"2024-02-26 08:00:00 am","65.9","89.7","66.4","62.7","point"
"2024-02-26 10:00:00 am","68.2","85.8","68.9","63.8","point"
"2024-02-26 12:00:00 pm","73.6","72.8","74.7","64.3","point"
"2024-02-26 02:00:00 pm","78.0","57.3","78.1","61.7","point"
"2024-02-26 04:00:00 pm","80.0","51.6","79.9","60.6","point"
"2024-02-26 06:00:00 pm","76.6","61.1","76.5","62.2","point"
"2024-02-26 08:00:00 pm","73.0","85.2","74.8","68.3","point"
"2024-02-26 10:00:00 pm","69.9","92.6","71.4","67.6","point"
"2024-02-27 12:00:00 am","67.2","91.4","68.2","64.7","point"
"2024-02-27 02:00:00 am","65.8","87.3","66.0","61.9","point"
"2024-02-27 04:00:00 am","64.2","89.8","64.4","61.1","point"
"2024-02-27 06:00:00 am","63.8","93.5","64.4","61.9","point"
"2024-02-27 08:00:00 am","64.8","94.9","65.7","63.3","point"
"2024-02-27 10:00:00 am","68.4","90.2","69.6","65.4","point"
"2024-02-27 12:00:00 pm","75.4","66.8","75.9","63.6","point"
"2024-02-27 02:00:00 pm","80.0","51.5","79.9","60.5","point"
"2024-02-27 04:00:00 pm","81.6","44.4","80.8","57.8","point"
"2024-02-27 06:00:00 pm","78.4","67.5","80.2","66.7","point"
"2024-02-27 08:00:00 pm","73.1","82.9","74.8","67.6","point"
"2024-02-27 10:00:00 pm","70.6","91.8","72.1","68.1","point"
"2024-02-28 12:00:00 am","68.6","93.8","70.0","66.8","point"
"2024-02-28 02:00:00 am","68.0","90.5","69.1","65.1","point"
"2024-02-28 04:00:00 am","66.3","89.8","66.9","63.2","point"
"2024-02-28 06:00:00 am","65.4","89.7","65.8","62.3","point"
"2024-02-28 08:00:00 am","66.6","88.4","67.3","63.1","point"
"2024-02-28 10:00:00 am","71.0","82.1","72.1","65.2","point"
"2024-02-28 12:00:00 pm","77.0","63.6","77.5","63.7","point"
"2024-02-28 02:00:00 pm","81.8","43.7","80.8","57.5","point"
"2024-02-28 04:00:00 pm","81.2","60.7","83.5","66.3","point"
"2024-02-28 06:00:00 pm","77.6","75.4","80.2","69.2","point"
"2024-02-28 08:00:00 pm","73.0","87.3","75.0","69.0","point"
"2024-02-28 10:00:00 pm","71.0","93.9","72.9","69.1","point"
"2024-02-29 12:00:00 am","68.6","97.0","70.2","67.7","point"
"2024-02-29 02:00:00 am","68.0","76.1","68.0","60.2","point"
"2024-02-29 04:00:00 am","66.2","79.8","65.8","59.7","point"
"2024-02-29 06:00:00 am","64.2","83.4","64.0","59.1","point"
"2024-02-29 08:00:00 am","64.2","86.2","64.0","60.0","point"
"2024-02-29 10:00:00 am","69.9","78.6","70.5","63.0","point"
"2024-02-29 12:00:00 pm","77.3","51.4","76.3","57.9","point"
"2024-02-29 02:00:00 pm","82.1","30.2","78.8","47.8","point"
"2024-02-29 04:00:00 pm","82.7","41.9","81.7","57.2","point"
"2024-02-29 06:00:00 pm","77.0","79.1","79.7","70.0","point"
"2024-02-29 08:00:00 pm","72.8","90.7","75.0","69.9","point"
"2024-02-29 10:00:00 pm","71.2","94.3","73.0","69.5","point"
"2024-03-01 12:00:00 am","69.1","94.9","70.5","67.6","point"
"2024-03-01 02:00:00 am","67.6","93.4","68.7","65.6","point"
"2024-03-01 04:00:00 am","64.8","90.1","65.3","61.8","point"
"2024-03-01 06:00:00 am","64.4","87.0","64.4","60.4","point"
"2024-03-01 08:00:00 am","64.5","89.9","64.8","61.4","point"
"2024-03-01 10:00:00 am","69.0","82.2","69.6","63.3","point"
"2024-03-01 12:00:00 pm","75.1","58.3","74.7","59.4","point"
"2024-03-01 02:00:00 pm","80.9","36.1","78.6","51.5","point"
"2024-03-01 04:00:00 pm","80.8","36.5","78.6","51.8","point"
"2024-03-01 06:00:00 pm","77.0","61.8","77.2","62.8","point"
"2024-03-01 08:00:00 pm","72.9","89.5","75.2","69.6","point"
"2024-03-01 10:00:00 pm","71.4","94.1","73.4","69.6","point"
"2024-03-02 12:00:00 am","69.3","94.3","70.9","67.6","point"
"2024-03-02 02:00:00 am","67.8","93.5","68.9","65.8","point"
"2024-03-02 04:00:00 am","64.7","93.0","65.3","62.6","point"
"2024-03-02 06:00:00 am","64.1","88.6","64.4","60.6","point"
"2024-03-02 08:00:00 am","63.9","87.8","64.0","60.2","point"
"2024-03-02 10:00:00 am","69.7","77.0","70.3","62.2","point"
"2024-03-02 12:00:00 pm","75.6","57.7","75.2","59.7","point"
"2024-03-02 02:00:00 pm","78.8","54.3","78.6","60.9","point"
"2024-03-02 04:00:00 pm","78.3","55.9","78.4","61.3","point"
"2024-03-02 06:00:00 pm","75.6","69.8","76.5","65.0","point"
"2024-03-02 08:00:00 pm","72.5","89.3","74.7","69.2","point"
"2024-03-02 10:00:00 pm","70.9","92.7","72.7","68.7","point"
"2024-03-03 12:00:00 am","69.6","94.6","71.1","68.0","point"
"2024-03-03 02:00:00 am","68.5","94.7","69.8","66.8","point"
"2024-03-03 04:00:00 am","66.6","95.6","67.8","65.3","point"
"2024-03-03 06:00:00 am","66.5","96.1","67.8","65.4","point"
"2024-03-03 08:00:00 am","66.8","95.6","68.0","65.5","point"
"2024-03-03 10:00:00 am","70.6","89.9","72.0","67.5","point"
"2024-03-03 12:00:00 pm","75.6","77.9","77.5","68.2","point"
"2024-03-03 02:00:00 pm","78.5","72.8","81.3","69.0","point"
"2024-03-03 04:00:00 pm","78.5","72.2","81.3","68.8","point"
"2024-03-03 06:00:00 pm","76.2","74.3","77.5","67.5","point"
"2024-03-03 08:00:00 pm","71.7","86.9","73.4","67.6","point"
"2024-03-03 10:00:00 pm","69.2","92.2","70.5","66.8","point"
"2024-03-04 12:00:00 am","68.0","94.4","69.4","66.4","point"
"2024-03-04 02:00:00 am","67.1","95.5","68.4","65.8","point"
"2024-03-04 04:00:00 am","66.1","92.1","66.9","63.7","point"
"2024-03-04 06:00:00 am","67.0","95.8","68.4","65.8","point"
"2024-03-04 08:00:00 am","66.5","85.2","66.7","61.8","point"
"2024-03-04 10:00:00 am","71.8","77.5","72.9","64.4","point"
"2024-03-04 12:00:00 pm","74.8","78.0","76.5","67.4","point"
"2024-03-04 02:00:00 pm","77.9","72.8","80.4","68.5","point"
"2024-03-04 04:00:00 pm","77.7","72.9","80.1","68.4","point"
"2024-03-04 06:00:00 pm","75.8","76.4","77.5","67.9","point"
"2024-03-04 08:00:00 pm","71.6","89.2","73.4","68.3","point"
"2024-03-04 10:00:00 pm","69.4","93.7","70.7","67.5","point"
"2024-03-05 12:00:00 am","67.6","94.3","68.9","65.9","point"
"2024-03-05 02:00:00 am","66.1","95.6","67.1","64.8","point"
"2024-03-05 04:00:00 am","65.2","97.7","66.6","64.5","point"
"2024-03-05 06:00:00 am","64.1","95.6","64.9","62.9","point"
"2024-03-05 08:00:00 am","65.8","95.6","66.7","64.5","point"
"2024-03-05 10:00:00 am","72.3","85.4","73.9","67.6","point"
"2024-03-05 12:00:00 pm","76.3","78.5","78.3","69.1","point"
"2024-03-05 02:00:00 pm","78.8","78.2","82.8","71.4","point"
"2024-03-05 04:00:00 pm","78.4","76.6","81.9","70.5","point"
"2024-03-05 06:00:00 pm","75.8","82.6","78.3","70.2","point"
"2024-03-05 08:00:00 pm","72.1","89.1","74.1","68.8","point"
"2024-03-05 10:00:00 pm","69.6","92.2","70.9","67.2","point"
"2024-03-06 12:00:00 am","67.9","96.3","69.4","66.8","point"
"2024-03-06 02:00:00 am","67.4","96.4","68.7","66.3","point"
"2024-03-06 04:00:00 am","65.8","94.1","66.7","64.0","point"
"2024-03-06 06:00:00 am","64.8","87.0","64.9","60.9","point"
"2024-03-06 08:00:00 am","66.5","78.9","66.4","59.8","point"
"2024-03-06 10:00:00 am","71.7","75.6","72.7","63.6","point"
"2024-03-06 12:00:00 pm","78.0","65.3","79.3","65.4","point"
"2024-03-06 02:00:00 pm","78.9","69.2","81.5","67.9","point"
"2024-03-06 04:00:00 pm","78.1","70.1","80.2","67.6","point"
"2024-03-06 06:00:00 pm","76.2","70.0","77.0","65.7","point"
"2024-03-06 08:00:00 pm","72.3","84.6","74.1","67.4","point"
"2024-03-06 10:00:00 pm","69.0","88.8","70.2","65.6","point"
"2024-03-07 12:00:00 am","67.3","88.4","68.2","63.8","point"
"2024-03-07 02:00:00 am","66.7","90.8","67.5","63.9","point"
"2024-03-07 04:00:00 am","64.2","91.6","64.6","61.7","point"
"2024-03-07 06:00:00 am","65.5","86.4","65.8","61.4","point"
"2024-03-07 08:00:00 am","67.1","84.6","67.6","62.3","point"
"2024-03-07 10:00:00 am","71.3","80.1","72.5","64.9","point"
"2024-03-07 12:00:00 pm","77.6","60.0","77.9","62.6","point"
"2024-03-07 02:00:00 pm","78.7","67.0","80.8","66.8","point"
"2024-03-07 04:00:00 pm","79.6","61.5","81.1","65.2","point"
"2024-03-07 06:00:00 pm","77.2","69.1","78.4","66.3","point"
"2024-03-07 08:00:00 pm","74.0","76.6","75.4","66.1","point"
"2024-03-07 10:00:00 pm","70.6","84.7","71.8","65.8","point"
"2024-03-08 12:00:00 am","70.4","82.1","71.4","64.7","point"
"2024-03-08 02:00:00 am","70.5","63.7","70.5","57.6","point"
"2024-03-08 04:00:00 am","69.7","53.2","68.7","51.9","point"
"2024-03-08 06:00:00 am","69.1","52.0","67.5","50.7","point"
"2024-03-08 08:00:00 am","69.2","52.7","68.0","51.2","point"
"2024-03-08 10:00:00 am","72.3","57.5","72.0","56.5","point"
"2024-03-08 12:00:00 pm","79.2","43.2","77.7","54.9","point"
"2024-03-08 02:00:00 pm","79.5","57.8","80.4","63.4","point"
"2024-03-08 04:00:00 pm","79.2","63.8","81.0","65.9","point"
"2024-03-08 06:00:00 pm","76.4","64.6","76.6","63.6","point"
"2024-03-08 08:00:00 pm","72.6","84.3","74.3","67.6","point"
"2024-03-08 10:00:00 pm","69.1","90.0","70.3","66.0","point"
"2024-03-09 12:00:00 am","68.8","93.9","70.3","66.9","point"
"2024-03-09 02:00:00 am","69.1","89.5","70.3","65.9","point"
"2024-03-09 04:00:00 am","66.2","94.0","67.5","64.4","point"
"2024-03-09 06:00:00 am","65.0","86.2","65.1","60.8","point"
"2024-03-09 08:00:00 am","68.1","80.0","68.4","61.7","point"
"2024-03-09 10:00:00 am","71.6","66.5","72.0","59.8","point"
"2024-03-09 12:00:00 pm","77.5","59.9","77.5","62.4","point"
"2024-03-09 02:00:00 pm","80.6","63.5","83.1","67.1","point"
"2024-03-09 04:00:00 pm","79.3","61.8","80.6","65.0","point"
"2024-03-09 06:00:00 pm","77.0","58.4","76.8","61.3","point"
"2024-03-09 08:00:00 pm","73.3","89.8","75.6","70.1","point"
"2024-03-09 10:00:00 pm","71.4","92.3","73.2","69.0","point"
"2024-03-10 12:00:00 am","70.4","94.0","72.1","68.6","point"
"2024-03-10 02:00:00 am","69.6","94.9","71.1","68.1","point"
"2024-03-10 04:00:00 am","68.6","95.8","70.2","67.4","point"
"2024-03-10 06:00:00 am","67.2","90.9","68.2","64.5","point"
"2024-03-10 08:00:00 am","66.9","75.3","66.6","58.8","point"
"2024-03-10 10:00:00 am","71.7","72.8","72.5","62.4","point"
"2024-03-10 12:00:00 pm","76.6","69.6","77.5","65.9","point"
"2024-03-10 02:00:00 pm","78.9","62.9","80.2","65.2","point"
"2024-03-10 04:00:00 pm","78.4","66.3","80.1","66.3","point"
"2024-03-10 06:00:00 pm","75.9","76.0","77.5","67.8","point"
"2024-03-10 08:00:00 pm","73.3","92.2","75.9","70.9","point"
"2024-03-10 10:00:00 pm","72.1","94.0","74.7","70.3","point"
"2024-03-11 12:00:00 am","71.3","96.4","73.4","70.2","point"
"2024-03-11 02:00:00 am","71.0","94.9","72.9","69.4","point"
"2024-03-11 04:00:00 am","69.4","91.6","70.7","66.8","point"
"2024-03-11 06:00:00 am","70.8","90.4","72.5","67.9","point"
"2024-03-11 08:00:00 am","70.4","90.8","72.0","67.6","point"
"2024-03-11 10:00:00 am","73.8","78.9","75.4","66.8","point"
"2024-03-11 12:00:00 pm","77.4","76.8","80.1","69.6","point"
"2024-03-11 02:00:00 pm","78.6","72.0","81.1","68.8","point"
"2024-03-11 04:00:00 pm","78.5","69.2","80.8","67.6","point"
"2024-03-11 06:00:00 pm","76.7","76.4","78.4","68.7","point"
"2024-03-11 08:00:00 pm","73.6","89.6","76.1","70.3","point"
"2024-03-11 10:00:00 pm","71.6","93.8","73.8","69.7","point"
"2024-03-12 12:00:00 am","71.1","94.4","73.0","69.4","point"
"2024-03-12 02:00:00 am","70.8","94.6","72.7","69.1","point"
"2024-03-12 04:00:00 am","70.0","95.8","71.8","68.7","point"
"2024-03-12 06:00:00 am","68.3","95.4","69.6","67.0","point"
"2024-03-12 08:00:00 am","68.1","95.1","69.4","66.7","point"
"2024-03-12 10:00:00 am","73.3","90.4","75.7","70.3","point"
"2024-03-12 12:00:00 pm","78.0","74.1","80.6","69.1","point"
"2024-03-12 02:00:00 pm","79.4","74.3","83.3","70.5","point"
"2024-03-12 04:00:00 pm","79.1","74.7","82.8","70.4","point"
"2024-03-12 06:00:00 pm","76.5","82.1","79.2","70.6","point"
"2024-03-12 08:00:00 pm","73.2","89.4","75.4","69.9","point"
"2024-03-12 10:00:00 pm","71.5","92.8","73.4","69.3","point"
"2024-03-13 12:00:00 am","71.0","85.4","72.3","66.4","point"
"2024-03-13 02:00:00 am","68.5","92.0","69.6","66.1","point"
"2024-03-13 04:00:00 am","67.0","92.9","68.0","64.9","point"
"2024-03-13 06:00:00 am","67.4","90.0","68.2","64.3","point"
"2024-03-13 08:00:00 am","69.1","84.6","70.2","64.3","point"
"2024-03-13 10:00:00 am","71.6","76.5","72.7","63.8","point"
"2024-03-13 12:00:00 pm","74.3","82.0","76.5","68.5","point"
"2024-03-13 02:00:00 pm","77.0","79.1","79.3","70.0","point"
"2024-03-13 04:00:00 pm","77.2","78.4","79.9","70.0","point"
"2024-03-13 06:00:00 pm","75.4","85.6","78.1","70.8","point"
"2024-03-13 08:00:00 pm","72.8","91.6","75.2","70.3","point"
"2024-03-13 10:00:00 pm","71.0","94.0","72.9","69.2","point"
"2024-03-14 12:00:00 am","69.7","93.9","71.4","67.9","point"
"2024-03-14 02:00:00 am","69.4","95.7","71.1","68.1","point"
"2024-03-14 04:00:00 am","68.2","95.8","69.8","66.9","point"
"2024-03-14 06:00:00 am","67.8","96.1","69.4","66.7","point"
"2024-03-14 08:00:00 am","66.6","89.2","67.3","63.3","point"
"2024-03-14 10:00:00 am","71.5","82.1","72.9","65.8","point"
"2024-03-14 12:00:00 pm","74.7","80.5","76.6","68.3","point"
"2024-03-14 02:00:00 pm","76.8","77.3","78.6","69.1","point"
"2024-03-14 04:00:00 pm","76.6","77.8","78.4","69.2","point"
"2024-03-14 06:00:00 pm","75.0","80.9","77.0","68.7","point"
"2024-03-14 08:00:00 pm","72.2","90.3","74.3","69.2","point"
"2024-03-14 10:00:00 pm","69.5","92.6","70.9","67.2","point"
"2024-03-15 12:00:00 am","68.1","92.7","69.3","65.9","point"
"2024-03-15 02:00:00 am","67.5","93.9","68.9","65.7","point"
"2024-03-15 04:00:00 am","65.7","90.9","66.4","63.0","point"
"2024-03-15 06:00:00 am","64.5","94.0","65.3","62.7","point"
"2024-03-15 08:00:00 am","66.8","86.3","67.3","62.6","point"
"2024-03-15 10:00:00 am","72.5","77.7","73.8","65.1","point"
"2024-03-15 12:00:00 pm","77.2","69.5","78.6","66.5","point"
"2024-03-15 02:00:00 pm","78.9","70.5","81.7","68.5","point"
"2024-03-15 04:00:00 pm","78.6","72.2","81.3","68.9","point"
"2024-03-15 06:00:00 pm","76.7","72.2","78.1","67.0","point"
"2024-03-15 08:00:00 pm","72.8","90.1","75.0","69.6","point"
"2024-03-15 10:00:00 pm","70.0","94.6","71.8","68.4","point"
"2024-03-16 12:00:00 am","69.0","96.7","70.5","68.0","point"
"2024-03-16 02:00:00 am","68.5","97.0","70.0","67.6","point"
"2024-03-16 04:00:00 am","67.0","96.8","68.4","66.1","point"
"2024-03-16 06:00:00 am","67.1","76.5","66.9","59.5","point"
"2024-03-16 08:00:00 am","69.4","79.5","70.0","62.7","point"
"2024-03-16 10:00:00 am","72.6","74.9","73.6","64.2","point"
"2024-03-16 12:00:00 pm","78.0","65.5","79.3","65.5","point"
"2024-03-16 02:00:00 pm","79.5","72.3","82.9","69.8","point"
"2024-03-16 04:00:00 pm","78.3","72.9","81.1","68.9","point"
"2024-03-16 06:00:00 pm","76.3","76.5","78.1","68.4","point"
"2024-03-16 08:00:00 pm","72.5","90.6","74.7","69.5","point"
"2024-03-16 10:00:00 pm","70.5","94.1","72.3","68.8","point"
"2024-03-17 12:00:00 am","68.8","95.0","70.3","67.3","point"
"2024-03-17 02:00:00 am","67.4","94.5","68.7","65.7","point"
"2024-03-17 04:00:00 am","66.3","85.7","66.6","61.9","point"
"2024-03-17 06:00:00 am","70.8","77.1","71.8","63.2","point"
"2024-03-17 08:00:00 am","70.8","74.1","71.6","62.1","point"
"2024-03-17 10:00:00 am","74.6","76.2","75.9","66.5","point"
"2024-03-17 12:00:00 pm","78.6","63.7","79.9","65.2","point"
"2024-03-17 02:00:00 pm","80.5","73.7","85.1","71.3","point"
"2024-03-17 04:00:00 pm","80.0","69.1","83.3","68.9","point"
"2024-03-17 06:00:00 pm","76.1","83.0","78.4","70.5","point"
"2024-03-17 08:00:00 pm","72.8","90.1","75.0","69.7","point"
"2024-03-17 10:00:00 pm","71.1","91.9","72.9","68.6","point"
"2024-03-18 12:00:00 am","70.1","92.8","71.6","67.9","point"
"2024-03-18 02:00:00 am","68.6","94.6","70.2","67.0","point"
"2024-03-18 04:00:00 am","67.0","90.0","68.0","64.0","point"
"2024-03-18 06:00:00 am","66.5","87.0","66.9","62.5","point"
"2024-03-18 08:00:00 am","67.4","75.9","67.3","59.5","point"
"2024-03-18 10:00:00 am","73.3","78.6","74.7","66.3","point"
"2024-03-18 12:00:00 pm","78.0","60.9","78.6","63.4","point"
"2024-03-18 02:00:00 pm","79.0","69.9","81.9","68.4","point"
"2024-03-18 04:00:00 pm","78.8","75.3","82.6","70.3","point"
"2024-03-18 06:00:00 pm","76.3","82.5","78.8","70.5","point"
"2024-03-18 08:00:00 pm","72.3","89.2","74.1","69.0","point"
"2024-03-18 10:00:00 pm","68.8","89.5","69.8","65.6","point"
"2024-03-19 12:00:00 am","67.4","91.6","68.4","64.9","point"
"2024-03-19 02:00:00 am","66.6","93.4","67.6","64.6","point"
"2024-03-19 04:00:00 am","68.0","79.2","68.2","61.3","point"
"2024-03-19 06:00:00 am","69.5","82.9","70.5","64.1","point"
"2024-03-19 08:00:00 am","70.0","68.8","70.2","59.3","point"
"2024-03-19 10:00:00 am","74.4","59.3","74.1","59.3","point"
"2024-03-19 12:00:00 pm","79.2","49.1","78.6","58.4","point"
"2024-03-19 02:00:00 pm","80.7","67.6","84.2","69.0","point"
"2024-03-19 04:00:00 pm","80.1","68.9","83.5","68.9","point"
"2024-03-19 06:00:00 pm","77.9","76.5","80.8","69.9","point"
"2024-03-19 08:00:00 pm","73.3","86.7","75.4","69.1","point"
"2024-03-19 10:00:00 pm","69.9","88.9","71.2","66.5","point"
"2024-03-20 12:00:00 am","69.6","88.7","70.7","66.1","point"
"2024-03-20 02:00:00 am","67.6","90.5","68.5","64.7","point"
"2024-03-20 04:00:00 am","68.4","78.7","68.7","61.5","point"
"2024-03-20 06:00:00 am","68.4","74.2","68.4","59.8","point"
"2024-03-20 08:00:00 am","67.7","79.1","68.0","61.0","point"
"2024-03-20 10:00:00 am","73.5","75.6","74.7","65.3","point"
"2024-03-20 12:00:00 pm","77.3","71.2","79.0","67.2","point"
"2024-03-20 02:00:00 pm","78.6","71.8","81.1","68.7","point"
"2024-03-20 04:00:00 pm","78.0","71.7","80.2","68.1","point"
"2024-03-20 06:00:00 pm","76.4","80.6","78.6","70.0","point"
"2024-03-20 08:00:00 pm","73.5","90.1","76.1","70.4","point"
"2024-03-20 10:00:00 pm","71.6","92.5","73.8","69.3","point"
"2024-03-21 12:00:00 am","70.1","93.9","71.8","68.3","point"
"2024-03-21 02:00:00 am","68.8","94.6","70.3","67.2","point"
"2024-03-21 04:00:00 am","68.6","96.2","70.2","67.5","point"
"2024-03-21 06:00:00 am","67.2","96.5","68.5","66.2","point"
"2024-03-21 08:00:00 am","69.2","96.7","70.7","68.2","point"
"2024-03-21 10:00:00 am","71.6","87.9","73.2","67.8","point"
"2024-03-21 12:00:00 pm","75.3","79.6","77.2","68.6","point"
"2024-03-21 02:00:00 pm","77.8","70.3","79.7","67.4","point"
"2024-03-21 04:00:00 pm","78.9","70.0","81.5","68.3","point"
"2024-03-21 06:00:00 pm","77.5","74.7","79.7","68.8","point"
"2024-03-21 08:00:00 pm","74.6","91.2","77.5","71.8","point"
"2024-03-21 10:00:00 pm","73.0","94.1","75.6","71.2","point"
"2024-03-22 12:00:00 am","71.5","95.0","73.6","69.9","point"
"2024-03-22 02:00:00 am","70.3","94.6","72.0","68.6","point"
"2024-03-22 04:00:00 am","69.4","94.5","70.9","67.7","point"
"2024-03-22 06:00:00 am","68.6","94.4","70.2","67.0","point"
"2024-03-22 08:00:00 am","68.6","94.9","70.2","67.1","point"
"2024-03-22 10:00:00 am","71.7","93.7","73.8","69.8","point"
"2024-03-22 12:00:00 pm","76.9","82.2","79.9","71.0","point"
"2024-03-22 02:00:00 pm","79.0","79.4","83.8","72.1","point"
"2024-03-22 04:00:00 pm","78.5","80.7","82.9","72.1","point"
"2024-03-22 06:00:00 pm","76.1","89.0","79.2","72.6","point"
"2024-03-22 08:00:00 pm","73.4","93.3","75.9","71.3","point"
"2024-03-22 10:00:00 pm","72.6","95.2","75.2","71.2","point"
"2024-03-23 12:00:00 am","72.3","95.4","74.7","70.9","point"
"2024-03-23 02:00:00 am","71.5","95.2","73.6","70.0","point"
"2024-03-23 04:00:00 am","70.1","94.7","71.8","68.5","point"
"2024-03-23 06:00:00 am","69.9","94.3","71.6","68.1","point"
"2024-03-23 08:00:00 am","70.0","93.4","71.6","68.0","point"
"2024-03-23 10:00:00 am","73.8","89.2","76.3","70.4","point"
"2024-03-23 12:00:00 pm","76.8","82.0","79.5","70.8","point"
"2024-03-23 02:00:00 pm","79.5","80.2","84.9","72.9","point"
"2024-03-23 04:00:00 pm","80.5","74.4","85.3","71.6","point"
"2024-03-23 06:00:00 pm","78.1","82.5","82.4","72.3","point"
"2024-03-23 08:00:00 pm","74.8","91.4","77.9","72.1","point"
"2024-03-23 10:00:00 pm","72.8","93.0","75.2","70.7","point"
"2024-03-24 12:00:00 am","72.0","94.2","74.3","70.3","point"
"2024-03-24 02:00:00 am","71.1","93.9","73.0","69.2","point"
"2024-03-24 04:00:00 am","69.7","94.5","71.4","68.1","point"
"2024-03-24 06:00:00 am","68.3","95.2","69.6","66.9","point"
"2024-03-24 08:00:00 am","68.5","95.1","69.8","67.0","point"
"2024-03-24 10:00:00 am","74.4","89.1","77.0","70.9","point"
"2024-03-24 12:00:00 pm","77.6","78.3","80.6","70.3","point"
"2024-03-24 02:00:00 pm","80.5","73.5","85.1","71.3","point"
"2024-03-24 04:00:00 pm","80.7","73.0","85.3","71.3","point"
"2024-03-24 06:00:00 pm","78.1","80.9","82.2","71.8","point"
"2024-03-24 08:00:00 pm","74.9","90.3","77.9","71.8","point"
"2024-03-24 10:00:00 pm","73.1","93.6","75.7","71.2","point"
"2024-03-25 12:00:00 am","72.2","95.2","74.7","70.8","point"
"2024-03-25 02:00:00 am","70.1","94.1","71.8","68.3","point"
"2024-03-25 04:00:00 am","69.1","96.4","70.7","68.0","point"
"2024-03-25 06:00:00 am","67.4","95.8","68.7","66.1","point"
"2024-03-25 08:00:00 am","69.4","93.5","70.7","67.4","point"
"2024-03-25 10:00:00 am","74.6","76.5","76.1","66.7","point"
"2024-03-25 12:00:00 pm","79.4","56.9","80.2","62.8","point"
"2024-03-25 02:00:00 pm","82.2","61.8","85.1","67.8","point"
"2024-03-25 04:00:00 pm","81.8","63.0","84.9","68.0","point"
"2024-03-25 06:00:00 pm","79.5","68.4","82.6","68.2","point"
"2024-03-25 08:00:00 pm","75.3","88.6","78.1","71.7","point"
"2024-03-25 10:00:00 pm","73.7","91.9","76.5","71.2","point"
"2024-03-26 12:00:00 am","71.6","90.3","73.4","68.6","point"
"2024-03-26 02:00:00 am","68.9","78.4","69.1","61.8","point"
"2024-03-26 04:00:00 am","67.1","89.1","68.0","63.8","point"
"2024-03-26 06:00:00 am","67.0","87.5","67.6","63.1","point"
"2024-03-26 08:00:00 am","70.6","90.3","72.1","67.6","point"
"2024-03-26 10:00:00 am","74.9","81.5","77.0","68.9","point"
"2024-03-26 12:00:00 pm","78.5","73.2","81.5","69.3","point"
"2024-03-26 02:00:00 pm","80.2","70.0","83.8","69.5","point"
"2024-03-26 04:00:00 pm","79.7","73.0","83.7","70.3","point"
"2024-03-26 06:00:00 pm","77.4","84.1","81.1","72.2","point"
"2024-03-26 08:00:00 pm","74.9","91.1","77.9","72.1","point"
"2024-03-26 10:00:00 pm","73.4","93.1","75.9","71.3","point"
"2024-03-27 12:00:00 am","72.0","92.5","74.1","69.6","point"
"2024-03-27 02:00:00 am","71.5","94.1","73.6","69.7","point"
"2024-03-27 04:00:00 am","71.0","93.5","72.7","69.0","point"
"2024-03-27 06:00:00 am","70.1","94.2","71.8","68.3","point"
"2024-03-27 08:00:00 am","68.5","89.3","69.4","65.2","point"
"2024-03-27 10:00:00 am","74.9","77.4","76.5","67.3","point"
"2024-03-27 12:00:00 pm","80.8","60.7","82.9","66.0","point"
"2024-03-27 02:00:00 pm","81.4","70.7","86.2","70.9","point"
"2024-03-27 04:00:00 pm","81.0","73.4","86.2","71.7","point"
"2024-03-27 06:00:00 pm","77.8","84.8","82.2","72.8","point"
"2024-03-27 08:00:00 pm","74.9","91.5","78.1","72.3","point"
"2024-03-27 10:00:00 pm","73.3","93.2","75.9","71.2","point"
"2024-03-28 12:00:00 am","71.5","93.6","73.4","69.5","point"
"2024-03-28 02:00:00 am","69.6","92.5","71.2","67.4","point"
"2024-03-28 04:00:00 am","67.9","93.1","69.1","65.8","point"
"2024-03-28 06:00:00 am","67.4","89.3","68.2","64.1","point"
"2024-03-28 08:00:00 am","69.0","90.3","70.3","66.0","point"
"2024-03-28 10:00:00 am","74.4","86.6","76.8","70.1","point"
"2024-03-28 12:00:00 pm","80.1","60.6","81.9","65.2","point"
"2024-03-28 02:00:00 pm","84.1","62.5","89.4","69.9","point"
"2024-03-28 04:00:00 pm","81.3","72.8","86.4","71.7","point"
"2024-03-28 06:00:00 pm","78.2","85.3","82.9","73.4","point"
"2024-03-28 08:00:00 pm","75.2","91.4","78.6","72.5","point"
"2024-03-28 10:00:00 pm","73.9","92.7","76.6","71.7","point"
"2024-03-29 12:00:00 am","72.8","93.0","75.2","70.6","point"
"2024-03-29 02:00:00 am","72.1","92.2","74.5","69.7","point"
"2024-03-29 04:00:00 am","70.6","92.3","72.1","68.3","point"
"2024-03-29 06:00:00 am","68.6","89.1","69.6","65.3","point"
"2024-03-29 08:00:00 am","69.9","90.9","71.4","67.1","point"
"2024-03-29 10:00:00 am","73.1","83.0","74.8","67.6","point"
"2024-03-29 12:00:00 pm","78.2","76.3","81.3","70.1","point"
"2024-03-29 02:00:00 pm","79.9","74.2","84.0","70.9","point"
"2024-03-29 04:00:00 pm","79.7","76.9","84.6","71.8","point"
"2024-03-29 06:00:00 pm","76.7","81.7","79.3","70.7","point"
"2024-03-29 08:00:00 pm","73.7","88.1","76.1","69.9","point"
"2024-03-29 10:00:00 pm","72.1","90.6","74.3","69.2","point"
"2024-03-30 12:00:00 am","70.4","91.8","72.0","67.9","point"
"2024-03-30 02:00:00 am","69.2","85.5","70.2","64.7","point"
"2024-03-30 04:00:00 am","70.6","70.6","71.1","60.6","point"
"2024-03-30 06:00:00 am","71.0","72.5","71.8","61.8","point"
"2024-03-30 08:00:00 am","69.2","81.1","69.8","63.1","point"
"2024-03-30 10:00:00 am","74.9","77.6","76.5","67.5","point"
"2024-03-30 12:00:00 pm","78.2","71.6","80.6","68.2","point"
"2024-03-30 02:00:00 pm","81.5","66.0","85.3","69.1","point"
"2024-03-30 04:00:00 pm","81.3","66.7","84.9","69.2","point"
"2024-03-30 06:00:00 pm","79.1","77.5","83.3","71.4","point"
"2024-03-30 08:00:00 pm","74.2","85.1","76.5","69.4","point"
"2024-03-30 10:00:00 pm","72.6","90.2","74.8","69.5","point"
"2024-03-31 12:00:00 am","71.7","91.5","73.6","69.0","point"
"2024-03-31 02:00:00 am","70.3","92.0","71.8","67.9","point"
"2024-03-31 04:00:00 am","68.3","92.8","69.4","66.1","point"
"2024-03-31 06:00:00 am","67.0","91.8","68.0","64.5","point"
"2024-03-31 08:00:00 am","66.7","86.1","66.9","62.4","point"
"2024-03-31 10:00:00 am","73.7","76.5","75.0","65.8","point"
"2024-03-31 12:00:00 pm","78.8","71.9","81.9","69.0","point"
"2024-03-31 02:00:00 pm","80.5","71.0","84.6","70.2","point"
"2024-03-31 04:00:00 pm","80.2","71.3","84.0","70.1","point"
"2024-03-31 06:00:00 pm","78.0","78.1","81.3","70.6","point"
"2024-03-31 08:00:00 pm","75.4","90.3","78.6","72.4","point"
"2024-03-31 10:00:00 pm","73.5","92.5","76.3","71.2","point"
"2024-04-01 12:00:00 am","72.4","93.5","74.7","70.4","point"
"2024-04-01 02:00:00 am","71.7","94.6","73.9","70.1","point"
"2024-04-01 04:00:00 am","71.0","94.4","72.9","69.3","point"
"2024-04-01 06:00:00 am","70.8","95.1","72.7","69.3","point"
"2024-04-01 08:00:00 am","71.4","94.8","73.4","69.8","point"
"2024-04-01 10:00:00 am","74.1","88.6","76.5","70.5","point"
"2024-04-01 12:00:00 pm","77.5","81.7","80.8","71.5","point"
"2024-04-01 02:00:00 pm","80.6","74.6","85.5","71.7","point"
"2024-04-01 04:00:00 pm","80.4","72.8","84.9","70.9","point"
"2024-04-01 06:00:00 pm","78.2","79.2","81.9","71.2","point"
"2024-04-01 08:00:00 pm","75.8","91.0","79.2","73.0","point"
"2024-04-01 10:00:00 pm","74.4","93.2","77.5","72.2","point"
"2024-04-02 12:00:00 am","73.7","94.1","76.6","71.9","point"
"2024-04-02 02:00:00 am","72.2","93.1","74.5","70.1","point"
"2024-04-02 04:00:00 am","70.3","93.4","71.8","68.3","point"
"2024-04-02 06:00:00 am","69.1","92.4","70.5","66.8","point"
"2024-04-02 08:00:00 am","69.2","92.7","70.5","67.0","point"
"2024-04-02 10:00:00 am","74.5","82.9","76.6","68.9","point"
"2024-04-02 12:00:00 pm","78.4","73.7","81.3","69.3","point"
"2024-04-02 02:00:00 pm","81.2","74.3","86.5","72.2","point"
"2024-04-02 04:00:00 pm","80.9","75.8","86.4","72.5","point"
"2024-04-02 06:00:00 pm","78.2","84.6","82.9","73.1","point"
"2024-04-02 08:00:00 pm","75.7","90.8","79.0","72.8","point"
"2024-04-02 10:00:00 pm","73.9","94.1","76.8","72.1","point"
"2024-04-03 12:00:00 am","73.0","95.1","75.7","71.5","point"
"2024-04-03 02:00:00 am","72.6","95.8","75.2","71.3","point"
"2024-04-03 04:00:00 am","72.0","96.1","74.5","70.8","point"
"2024-04-03 06:00:00 am","70.8","96.1","72.7","69.7","point"
"2024-04-03 08:00:00 am","70.4","93.3","72.0","68.3","point"
"2024-04-03 10:00:00 am","73.3","83.4","75.2","68.0","point"
"2024-04-03 12:00:00 pm","77.7","72.6","79.7","68.2","point"
"2024-04-03 02:00:00 pm","80.4","74.1","84.9","71.3","point"
"2024-04-03 04:00:00 pm","80.3","74.0","84.9","71.3","point"
"2024-04-03 06:00:00 pm","78.0","83.5","82.4","72.6","point"
"2024-04-03 08:00:00 pm","74.9","88.5","77.7","71.2","point"
"2024-04-03 10:00:00 pm","73.5","91.1","76.1","70.8","point"
"2024-04-04 12:00:00 am","72.0","93.0","74.1","69.9","point"
"2024-04-04 02:00:00 am","70.4","92.7","72.0","68.2","point"
"2024-04-04 04:00:00 am","69.3","88.7","70.5","65.8","point"
"2024-04-04 06:00:00 am","69.6","85.7","70.7","65.1","point"
"2024-04-04 08:00:00 am","70.1","83.9","71.2","65.0","point"
"2024-04-04 10:00:00 am","75.0","78.9","76.6","68.0","point"
"2024-04-04 12:00:00 pm","79.5","69.5","82.8","68.7","point"
"2024-04-04 02:00:00 pm","81.5","69.3","85.8","70.4","point"
"2024-04-04 04:00:00 pm","81.2","69.9","85.6","70.5","point"
"2024-04-04 06:00:00 pm","79.4","77.7","84.0","71.8","point"
"2024-04-04 08:00:00 pm","75.7","89.6","78.8","72.4","point"
"2024-04-04 10:00:00 pm","73.5","92.2","76.1","71.1","point"
"2024-04-05 12:00:00 am","72.7","93.3","75.2","70.6","point"
"2024-04-05 02:00:00 am","71.4","93.2","73.2","69.3","point"
"2024-04-05 04:00:00 am","70.1","92.6","71.6","67.8","point"
"2024-04-05 06:00:00 am","68.9","90.7","70.0","66.0","point"
"2024-04-05 08:00:00 am","68.9","85.1","69.6","64.2","point"
"2024-04-05 10:00:00 am","75.2","79.4","77.2","68.4","point"
"2024-04-05 12:00:00 pm","79.9","72.1","83.7","70.1","point"
"2024-04-05 02:00:00 pm","81.1","77.1","87.1","73.2","point"
"2024-04-05 04:00:00 pm","80.3","78.5","86.0","73.0","point"
"2024-04-05 06:00:00 pm","78.7","81.8","83.5","72.6","point"
"2024-04-05 08:00:00 pm","75.5","89.5","78.4","72.2","point"
"2024-04-05 10:00:00 pm","73.9","91.6","76.6","71.3","point"
"2024-04-06 12:00:00 am","72.6","91.9","74.8","70.1","point"
"2024-04-06 02:00:00 am","70.4","92.6","72.0","68.2","point"
"2024-04-06 04:00:00 am","69.7","91.9","71.2","67.3","point"
"2024-04-06 06:00:00 am","68.6","91.4","69.8","66.0","point"
"2024-04-06 08:00:00 am","71.8","78.2","73.0","64.7","point"
"2024-04-06 10:00:00 am","78.1","73.4","80.8","68.9","point"
"2024-04-06 12:00:00 pm","81.6","72.6","86.9","72.0","point"
"2024-04-06 02:00:00 pm","84.4","70.5","92.8","73.8","point"
"2024-04-06 04:00:00 pm","84.1","69.7","91.8","73.1","point"
"2024-04-06 06:00:00 pm","80.5","77.4","86.2","72.8","point"
"2024-04-06 08:00:00 pm","76.5","89.0","80.1","73.1","point"
"2024-04-06 10:00:00 pm","74.7","90.9","77.7","71.9","point"
"2024-04-07 12:00:00 am","73.9","93.4","76.6","71.8","point"
"2024-04-07 02:00:00 am","73.3","94.9","76.1","71.7","point"
"2024-04-07 04:00:00 am","72.8","95.1","75.4","71.3","point"
"2024-04-07 06:00:00 am","72.1","94.6","74.3","70.5","point"
"2024-04-07 08:00:00 am","72.1","92.4","74.1","69.8","point"
"2024-04-07 10:00:00 am","74.1","87.0","76.5","70.0","point"
"2024-04-07 12:00:00 pm","78.1","79.3","82.0","71.2","point"
"2024-04-07 02:00:00 pm","80.7","74.9","85.8","72.0","point"
"2024-04-07 04:00:00 pm","80.4","74.9","85.1","71.7","point"
"2024-04-07 06:00:00 pm","77.5","79.7","80.6","70.7","point"
"2024-04-07 08:00:00 pm","74.4","83.6","76.6","69.1","point"
"2024-04-07 10:00:00 pm","73.3","90.1","75.7","70.2","point"
"2024-04-08 12:00:00 am","71.6","90.3","73.4","68.6","point"
"2024-04-08 02:00:00 am","70.8","92.2","72.5","68.4","point"
"2024-04-08 04:00:00 am","68.9","88.1","70.0","65.2","point"
"2024-04-08 06:00:00 am","67.3","87.3","68.0","63.4","point"
"2024-04-08 08:00:00 am","70.2","81.1","71.2","64.1","point"
"2024-04-08 10:00:00 am","75.2","74.8","76.6","66.7","point"
"2024-04-08 12:00:00 pm","79.8","61.7","81.5","65.5","point"
"2024-04-08 02:00:00 pm","82.8","59.4","86.0","67.2","point"
"2024-04-08 04:00:00 pm","83.1","61.1","87.1","68.3","point"
"2024-04-08 06:00:00 pm","79.5","75.8","83.7","71.2","point"
"2024-04-08 08:00:00 pm","74.9","82.2","77.0","69.1","point"
"2024-04-08 10:00:00 pm","73.7","88.6","76.1","70.2","point"
"2024-04-09 12:00:00 am","71.1","90.5","72.9","68.1","point"
"2024-04-09 02:00:00 am","69.3","84.8","70.3","64.5","point"
"2024-04-09 04:00:00 am","67.9","84.1","68.5","63.0","point"
"2024-04-09 06:00:00 am","66.1","81.1","66.0","60.1","point"
"2024-04-09 08:00:00 am","69.3","80.5","70.0","63.0","point"
"2024-04-09 10:00:00 am","75.7","78.7","77.5","68.6","point"
"2024-04-09 12:00:00 pm","80.7","66.7","84.0","68.6","point"
"2024-04-09 02:00:00 pm","82.0","64.0","85.3","68.6","point"
"2024-04-09 04:00:00 pm","82.6","65.4","87.1","69.9","point"
"2024-04-09 06:00:00 pm","79.2","78.2","83.8","71.8","point"
"2024-04-09 08:00:00 pm","75.5","86.8","78.3","71.3","point"
"2024-04-09 10:00:00 pm","73.8","89.9","76.3","70.6","point"
"2024-04-10 12:00:00 am","72.1","90.2","74.1","69.1","point"
"2024-04-10 02:00:00 am","70.2","90.6","71.8","67.3","point"
"2024-04-10 04:00:00 am","68.0","90.1","69.3","65.0","point"
"2024-04-10 06:00:00 am","67.8","89.4","68.5","64.6","point"
"2024-04-10 08:00:00 am","72.9","87.2","75.0","68.8","point"
"2024-04-10 10:00:00 am","76.0","83.6","78.6","70.7","point"
"2024-04-10 12:00:00 pm","80.8","62.9","83.5","67.0","point"
"2024-04-10 02:00:00 pm","83.0","69.0","89.1","71.8","point"
"2024-04-10 04:00:00 pm","83.2","65.0","88.3","70.2","point"
"2024-04-10 06:00:00 pm","79.1","72.5","82.4","69.5","point"
"2024-04-10 08:00:00 pm","74.8","79.6","76.6","68.1","point"
"2024-04-10 10:00:00 pm","73.1","89.1","75.4","69.7","point"
"2024-04-11 12:00:00 am","71.3","90.8","73.2","68.5","point"
"2024-04-11 02:00:00 am","69.1","87.7","70.3","65.3","point"
"2024-04-11 04:00:00 am","69.4","80.3","70.0","63.0","point"
"2024-04-11 06:00:00 am","69.1","84.1","70.0","64.1","point"
"2024-04-11 08:00:00 am","68.9","87.7","70.0","65.1","point"
"2024-04-11 10:00:00 am","75.2","75.9","76.8","67.1","point"
"2024-04-11 12:00:00 pm","79.4","68.8","82.2","68.2","point"
"2024-04-11 02:00:00 pm","81.8","66.6","85.8","69.6","point"
"2024-04-11 04:00:00 pm","82.3","64.7","86.2","69.2","point"
"2024-04-11 06:00:00 pm","79.4","72.6","83.1","69.8","point"
"2024-04-11 08:00:00 pm","75.3","76.9","76.8","67.5","point"
"2024-04-11 10:00:00 pm","72.8","84.3","74.5","67.7","point"
"2024-04-12 12:00:00 am","70.1","80.0","70.9","63.6","point"
"2024-04-12 02:00:00 am","68.8","84.5","69.6","63.9","point"
"2024-04-12 04:00:00 am","69.1","84.8","70.2","64.4","point"
"2024-04-12 06:00:00 am","68.1","85.4","68.7","63.5","point"
"2024-04-12 08:00:00 am","70.4","84.6","71.6","65.6","point"
"2024-04-12 10:00:00 am","75.7","77.2","77.4","68.0","point"
"2024-04-12 12:00:00 pm","78.8","70.7","81.7","68.5","point"
"2024-04-12 02:00:00 pm","82.0","65.8","85.8","69.4","point"
"2024-04-12 04:00:00 pm","81.6","63.3","84.6","67.9","point"
"2024-04-12 06:00:00 pm","76.2","75.8","77.7","68.0","point"
"2024-04-12 08:00:00 pm","74.4","88.9","77.0","70.9","point"
"2024-04-12 10:00:00 pm","72.8","90.9","75.0","70.0","point"
"2024-04-13 12:00:00 am","71.5","91.7","73.4","69.0","point"
"2024-04-13 02:00:00 am","69.3","90.3","70.7","66.3","point"
"2024-04-13 04:00:00 am","68.1","82.0","68.5","62.3","point"
"2024-04-13 06:00:00 am","67.0","86.0","67.5","62.7","point"
"2024-04-13 08:00:00 am","69.4","85.0","70.3","64.6","point"
"2024-04-13 10:00:00 am","74.3","77.8","75.7","66.9","point"
"2024-04-13 12:00:00 pm","78.2","68.0","80.1","66.8","point"
"2024-04-13 02:00:00 pm","80.9","70.1","85.1","70.3","point"
"2024-04-13 04:00:00 pm","79.4","70.6","82.8","69.0","point"
"2024-04-13 06:00:00 pm","77.3","74.1","79.3","68.4","point"
"2024-04-13 08:00:00 pm","72.8","86.8","74.8","68.7","point"
"2024-04-13 10:00:00 pm","70.0","92.9","71.6","67.8","point"
"2024-04-14 12:00:00 am","69.7","92.0","71.2","67.2","point"
"2024-04-14 02:00:00 am","69.8","89.1","70.9","66.4","point"
"2024-04-14 04:00:00 am","69.2","85.6","70.2","64.7","point"
"2024-04-14 06:00:00 am","68.5","90.5","69.6","65.6","point"
"2024-04-14 08:00:00 am","71.1","90.8","72.9","68.3","point"
"2024-04-14 10:00:00 am","75.5","84.2","77.9","70.4","point"
"2024-04-14 12:00:00 pm","79.6","72.8","83.3","70.1","point"
"2024-04-14 02:00:00 pm","80.7","76.1","86.0","72.5","point"
"2024-04-14 04:00:00 pm","81.6","74.4","87.4","72.7","point"
"2024-04-14 06:00:00 pm","78.7","77.3","82.6","71.0","point"
"2024-04-14 08:00:00 pm","76.4","88.3","79.5","72.7","point"
"2024-04-14 10:00:00 pm","74.5","91.2","77.5","71.7","point"
"2024-04-15 12:00:00 am","72.5","91.7","74.7","69.9","point"
"2024-04-15 02:00:00 am","71.0","90.3","72.7","68.0","point"
"2024-04-15 04:00:00 am","71.5","86.0","73.0","67.1","point"
"2024-04-15 06:00:00 am","69.8","87.4","71.1","65.9","point"
"2024-04-15 08:00:00 am","70.8","86.9","72.3","66.7","point"
"2024-04-15 10:00:00 am","75.2","71.4","76.1","65.3","point"
"2024-04-15 12:00:00 pm","80.9","54.1","81.7","62.8","point"
"2024-04-15 02:00:00 pm","86.2","38.3","86.0","57.8","point"
"2024-04-15 04:00:00 pm","87.9","33.3","86.7","55.5","point"
"2024-04-15 06:00:00 pm","81.7","73.0","87.4","72.2","point"
"2024-04-15 08:00:00 pm","76.2","85.2","79.0","71.4","point"
"2024-04-15 10:00:00 pm","74.5","89.1","77.4","71.1","point"
"2024-04-16 12:00:00 am","71.1","87.7","72.7","67.2","point"
"2024-04-16 02:00:00 am","70.9","86.8","72.5","66.8","point"
"2024-04-16 04:00:00 am","70.0","84.0","71.2","64.9","point"
"2024-04-16 06:00:00 am","70.3","85.1","71.4","65.6","point"
"2024-04-16 08:00:00 am","71.7","88.4","73.4","68.1","point"
"2024-04-16 10:00:00 am","76.5","75.9","78.3","68.4","point"
"2024-04-16 12:00:00 pm","81.6","63.5","84.7","68.0","point"
"2024-04-16 02:00:00 pm","81.9","70.6","87.1","71.4","point"
"2024-04-16 04:00:00 pm","82.5","70.8","88.2","72.1","point"
"2024-04-16 06:00:00 pm","78.7","80.9","83.3","72.3","point"
"2024-04-16 08:00:00 pm","75.3","87.8","78.1","71.5","point"
"2024-04-16 10:00:00 pm","74.1","90.8","76.8","71.2","point"
"2024-04-17 12:00:00 am","72.5","91.6","74.7","69.9","point"
"2024-04-17 02:00:00 am","70.9","90.8","72.7","68.0","point"
"2024-04-17 04:00:00 am","70.4","87.7","71.8","66.5","point"
"2024-04-17 06:00:00 am","70.6","84.0","71.8","65.5","point"
"2024-04-17 08:00:00 am","71.9","79.0","73.0","65.0","point"
"2024-04-17 10:00:00 am","74.0","75.2","75.4","65.7","point"
"2024-04-17 12:00:00 pm","76.2","78.6","78.1","69.1","point"
"2024-04-17 02:00:00 pm","78.7","72.1","81.7","68.9","point"
"2024-04-17 04:00:00 pm","79.0","75.3","82.9","70.5","point"
"2024-04-17 06:00:00 pm","76.6","84.6","79.5","71.6","point"
"2024-04-17 08:00:00 pm","74.0","85.6","76.3","69.4","point"
"2024-04-17 10:00:00 pm","72.6","87.1","74.5","68.5","point"
"2024-04-18 12:00:00 am","71.2","91.3","72.9","68.6","point"
"2024-04-18 02:00:00 am","71.3","90.7","73.2","68.4","point"
"2024-04-18 04:00:00 am","70.0","85.1","71.2","65.3","point"
"2024-04-18 06:00:00 am","70.5","73.3","71.2","61.6","point"
"2024-04-18 08:00:00 am","72.1","70.6","72.7","62.1","point"
"2024-04-18 10:00:00 am","75.9","66.6","76.3","64.0","point"
"2024-04-18 12:00:00 pm","80.3","65.8","83.1","67.8","point"
"2024-04-18 02:00:00 pm","83.3","63.6","87.8","69.6","point"
"2024-04-18 04:00:00 pm","81.5","69.3","85.8","70.4","point"
"2024-04-18 06:00:00 pm","79.2","81.5","84.4","73.0","point"
"2024-04-18 08:00:00 pm","74.4","94.1","77.7","72.5","point"
"2024-04-18 10:00:00 pm","69.8","96.0","71.4","68.6","point"
"2024-04-19 12:00:00 am","71.1","96.6","73.0","70.0","point"
"2024-04-19 02:00:00 am","71.2","96.8","73.0","70.2","point"
"2024-04-19 04:00:00 am","71.7","97.0","73.9","70.8","point"
"2024-04-19 06:00:00 am","71.4","97.2","73.4","70.6","point"
"2024-04-19 08:00:00 am","71.9","97.2","74.1","71.0","point"
"2024-04-19 10:00:00 am","73.4","96.0","76.5","72.2","point"
"2024-04-19 12:00:00 pm","76.1","89.1","79.2","72.6","point"
"2024-04-19 02:00:00 pm","79.3","84.5","85.1","74.2","point"
"2024-04-19 04:00:00 pm","78.3","85.8","83.3","73.7","point"
"2024-04-19 06:00:00 pm","77.1","90.8","81.5","74.2","point"
"2024-04-19 08:00:00 pm","74.0","92.9","77.0","71.8","point"
"2024-04-19 10:00:00 pm","67.0","94.4","68.2","65.3","point"
"2024-04-20 12:00:00 am","71.5","96.5","73.6","70.5","point"
"2024-04-20 02:00:00 am","69.9","96.2","71.6","68.8","point"
"2024-04-20 04:00:00 am","68.5","97.0","70.0","67.6","point"
"2024-04-20 06:00:00 am","67.7","97.4","69.1","66.9","point"
"2024-04-20 08:00:00 am","67.9","97.5","69.6","67.2","point"
"2024-04-20 10:00:00 am","69.7","97.5","71.6","69.0","point"
"2024-04-20 12:00:00 pm","72.2","96.9","74.7","71.3","point"
"2024-04-20 02:00:00 pm","74.5","94.2","77.9","72.7","point"
"2024-04-20 04:00:00 pm","75.1","92.2","78.4","72.7","point"
"2024-04-20 06:00:00 pm","74.5","89.9","77.4","71.3","point"
"2024-04-20 08:00:00 pm","71.6","92.2","73.4","69.2","point"
"2024-04-20 10:00:00 pm","71.1","94.1","73.0","69.3","point"
"2024-04-21 12:00:00 am","71.2","90.7","72.9","68.3","point"
"2024-04-21 02:00:00 am","70.8","91.8","72.5","68.3","point"
"2024-04-21 04:00:00 am","69.6","93.4","71.2","67.6","point"
"2024-04-21 06:00:00 am","69.0","93.7","70.3","67.1","point"
"2024-04-21 08:00:00 am","72.4","90.9","74.7","69.6","point"
"2024-04-21 10:00:00 am","75.7","86.1","78.4","71.3","point"
"2024-04-21 12:00:00 pm","78.5","85.5","83.8","73.8","point"
"2024-04-21 02:00:00 pm","81.2","82.4","88.9","75.3","point"
"2024-04-21 04:00:00 pm","80.9","83.8","88.5","75.5","point"
"2024-04-21 06:00:00 pm","78.1","87.3","83.3","74.0","point"
"2024-04-21 08:00:00 pm","75.8","93.5","79.5","73.8","point"
"2024-04-21 10:00:00 pm","74.3","95.4","77.5","72.9","point"
"2024-04-22 12:00:00 am","73.5","95.8","76.5","72.3","point"
"2024-04-22 02:00:00 am","73.0","95.9","75.7","71.7","point"
"2024-04-22 04:00:00 am","70.8","92.5","72.5","68.5","point"
"2024-04-22 06:00:00 am","70.1","90.8","71.6","67.2","point"
"2024-04-22 08:00:00 am","71.0","91.7","72.7","68.5","point"
"2024-04-22 10:00:00 am","74.9","87.5","77.7","71.0","point"
"2024-04-22 12:00:00 pm","78.3","80.9","82.6","71.9","point"
"2024-04-22 02:00:00 pm","79.7","77.0","84.2","71.8","point"
"2024-04-22 04:00:00 pm","80.2","81.1","86.4","73.8","point"
"2024-04-22 06:00:00 pm","76.0","87.0","79.0","71.9","point"
"2024-04-22 08:00:00 pm","74.0","88.4","76.5","70.4","point"
"2024-04-22 10:00:00 pm","73.1","90.2","75.6","70.1","point"
"2024-04-23 12:00:00 am","71.6","93.1","73.4","69.5","point"
"2024-04-23 02:00:00 am","70.7","93.2","72.1","68.6","point"
"2024-04-23 04:00:00 am","69.5","89.3","70.7","66.3","point"
"2024-04-23 06:00:00 am","70.5","76.1","71.2","62.6","point"
"2024-04-23 08:00:00 am","72.5","84.0","74.3","67.4","point"
"2024-04-23 10:00:00 am","77.0","79.0","79.3","70.0","point"
"2024-04-23 12:00:00 pm","81.4","72.2","86.5","71.6","point"
"2024-04-23 02:00:00 pm","82.6","74.0","89.6","73.5","point"
"2024-04-23 04:00:00 pm","82.2","72.9","88.0","72.6","point"
"2024-04-23 06:00:00 pm","78.5","87.6","84.2","74.6","point"
"2024-04-23 08:00:00 pm","76.0","92.0","79.5","73.5","point"
"2024-04-23 10:00:00 pm","74.8","93.2","77.9","72.6","point"
"2024-04-24 12:00:00 am","73.7","94.0","76.6","71.9","point"
"2024-04-24 02:00:00 am","73.4","94.2","76.1","71.6","point"
"2024-04-24 04:00:00 am","72.8","94.8","75.4","71.3","point"
"2024-04-24 06:00:00 am","72.1","94.1","74.3","70.3","point"
"2024-04-24 08:00:00 am","72.6","93.9","75.2","70.8","point"
"2024-04-24 10:00:00 am","75.3","85.2","77.9","70.5","point"
"2024-04-24 12:00:00 pm","78.9","81.2","83.7","72.7","point"
"2024-04-24 02:00:00 pm","81.9","71.8","87.4","71.9","point"
"2024-04-24 04:00:00 pm","82.0","70.8","87.1","71.5","point"
"2024-04-24 06:00:00 pm","79.5","77.9","84.2","72.0","point"
"2024-04-24 08:00:00 pm","75.5","88.0","78.4","71.7","point"
"2024-04-24 10:00:00 pm","73.5","90.8","76.1","70.6","point"
"2024-04-25 12:00:00 am","72.7","91.5","75.2","70.1","point"
"2024-04-25 02:00:00 am","71.0","92.3","72.7","68.7","point"
"2024-04-25 04:00:00 am","69.9","89.1","71.2","66.5","point"
"2024-04-25 06:00:00 am","69.9","84.1","70.9","64.9","point"
"2024-04-25 08:00:00 am","71.6","84.5","73.2","66.7","point"
"2024-04-25 10:00:00 am","77.3","74.9","79.3","68.7","point"
"2024-04-25 12:00:00 pm","81.3","58.8","83.1","65.4","point"
"2024-04-25 02:00:00 pm","84.7","48.8","86.4","63.3","point"
"2024-04-25 04:00:00 pm","81.4","73.7","86.7","72.2","point"
"2024-04-25 06:00:00 pm","80.2","74.7","84.7","71.4","point"
"2024-04-25 08:00:00 pm","75.7","80.4","77.7","69.2","point"
"2024-04-25 10:00:00 pm","73.7","88.2","76.1","69.9","point"
"2024-04-26 12:00:00 am","72.8","91.0","75.0","70.0","point"
"2024-04-26 02:00:00 am","69.7","84.1","70.7","64.7","point"
"2024-04-26 04:00:00 am","69.4","82.0","70.2","63.6","point"
"2024-04-26 06:00:00 am","69.4","80.4","70.0","63.1","point"
"2024-04-26 08:00:00 am","71.7","75.3","72.7","63.5","point"
"2024-04-26 10:00:00 am","78.0","71.0","80.2","67.8","point"
"2024-04-26 12:00:00 pm","81.8","65.4","85.5","69.0","point"
"2024-04-26 02:00:00 pm","83.4","67.1","89.2","71.4","point"
"2024-04-26 04:00:00 pm","82.8","70.6","89.1","72.3","point"
"2024-04-26 06:00:00 pm","78.8","76.3","82.8","70.7","point"
"2024-04-26 08:00:00 pm","75.4","84.1","77.9","70.3","point"
"2024-04-26 10:00:00 pm","74.3","89.0","76.8","70.8","point"
"2024-04-27 12:00:00 am","73.1","91.6","75.6","70.4","point"
"2024-04-27 02:00:00 am","71.4","87.2","72.9","67.4","point"
"2024-04-27 04:00:00 am","72.3","70.6","72.9","62.2","point"
"2024-04-27 06:00:00 am","72.3","67.5","72.9","61.0","point"
"2024-04-27 08:00:00 am","74.0","75.0","75.4","65.6","point"
"2024-04-27 10:00:00 am","79.5","68.8","82.6","68.4","point"
"2024-04-27 12:00:00 pm","83.2","55.0","85.5","65.4","point"
"2024-04-27 02:00:00 pm","85.4","60.6","91.4","70.3","point"
"2024-04-27 04:00:00 pm","85.8","59.1","91.9","69.9","point"
"2024-04-27 06:00:00 pm","79.8","82.8","85.8","74.0","point"
"2024-04-27 08:00:00 pm","76.6","88.2","80.2","72.9","point"
"2024-04-27 10:00:00 pm","75.5","90.5","78.6","72.5","point"
"2024-04-28 12:00:00 am","74.3","92.5","77.5","72.0","point"
"2024-04-28 02:00:00 am","73.1","90.9","75.6","70.3","point"
"2024-04-28 04:00:00 am","71.9","92.6","73.9","69.6","point"
"2024-04-28 06:00:00 am","71.7","92.8","73.8","69.5","point"
"2024-04-28 08:00:00 am","71.7","92.5","73.6","69.4","point"
"2024-04-28 10:00:00 am","77.6","79.7","81.0","70.8","point"
"2024-04-28 12:00:00 pm","81.2","74.9","86.7","72.5","point"
"2024-04-28 02:00:00 pm","83.1","72.4","90.1","73.3","point"
"2024-04-28 04:00:00 pm","83.3","72.4","90.9","73.5","point"
"2024-04-28 06:00:00 pm","80.0","77.7","85.1","72.4","point"
"2024-04-28 08:00:00 pm","76.4","87.6","79.5","72.4","point"
"2024-04-28 10:00:00 pm","75.3","91.8","78.6","72.7","point"
"2024-04-29 12:00:00 am","73.9","89.5","76.3","70.6","point"
"2024-04-29 02:00:00 am","71.7","89.9","73.4","68.6","point"
"2024-04-29 04:00:00 am","71.9","92.2","73.9","69.5","point"
"2024-04-29 06:00:00 am","71.0","91.2","72.7","68.3","point"
"2024-04-29 08:00:00 am","72.0","90.0","74.1","68.9","point"
"2024-04-29 10:00:00 am","76.6","72.4","77.9","67.1","point"
"2024-04-29 12:00:00 pm","80.9","66.2","84.2","68.6","point"
"2024-04-29 02:00:00 pm","82.9","66.9","87.8","70.7","point"
"2024-04-29 04:00:00 pm","82.9","70.9","89.1","72.5","point"
"2024-04-29 06:00:00 pm","80.8","72.4","85.6","71.1","point"
"2024-04-29 08:00:00 pm","77.4","85.8","81.5","72.8","point"
"2024-04-29 10:00:00 pm","75.2","90.2","78.4","72.2","point"
"2024-04-30 12:00:00 am","74.0","90.9","76.8","71.2","point"
"2024-04-30 02:00:00 am","72.3","93.2","74.5","70.3","point"
"2024-04-30 04:00:00 am","71.1","85.1","72.5","66.3","point"
"2024-04-30 06:00:00 am","71.7","91.2","73.6","69.0","point"
"2024-04-30 08:00:00 am","71.5","91.3","73.4","68.8","point"
"2024-04-30 10:00:00 am","75.5","83.3","77.9","70.1","point"
"2024-04-30 12:00:00 pm","77.7","77.4","80.4","70.1","point"
"2024-04-30 02:00:00 pm","80.6","75.4","85.6","72.1","point"
"2024-04-30 04:00:00 pm","80.4","76.5","85.6","72.3","point"
"2024-04-30 06:00:00 pm","78.3","85.3","83.3","73.5","point"
"2024-04-30 08:00:00 pm","76.5","90.0","80.1","73.4","point"
"2024-04-30 10:00:00 pm","74.7","93.3","77.9","72.6","point"
