"Device Name","D2 - 2815162"
"Device Model","Kestrel DROP 2"
"Serial Number","2815162"
"FORMATTED DATE_TIME","Temperature","Relative Humidity","Heat Index","Dew Point","Data Type","Record name","Start time","Duration (H:M:S)","Location description","Location address","Location coordinates","Notes"
"YYYY-MM-DD HH:MM:SS","°F","%","°F","°F"
"2000-01-01 12:10:00 am","75.0","17.8","70.5","28.3","point"
"2000-01-01 12:20:00 am","74.5","18.2","70.2","28.5","point"
"2024-01-11 09:00:00 pm","71.2","76.1","72.1","63.2","point"
"2024-01-11 11:00:00 pm","70.6","75.9","71.4","62.6","point"
"2024-01-12 01:00:00 am","70.2","75.9","71.1","62.3","point"
"2024-01-12 03:00:00 am","69.9","75.9","70.5","61.9","point"
"2024-01-12 05:00:00 am","69.5","76.0","70.0","61.6","point"
"2024-01-12 07:00:00 am","69.1","76.0","69.6","61.3","point"
"2024-01-12 09:00:00 am","70.5","71.4","71.1","60.8","point"
"2024-01-12 11:00:00 am","71.1","67.3","71.6","59.7","point"
"2024-01-12 01:00:00 pm","75.9","56.8","75.6","59.5","point"
"2024-01-12 03:00:00 pm","75.8","61.4","75.7","61.6","point"
"2024-01-12 05:00:00 pm","72.6","77.0","73.8","64.9","point"
"2024-01-12 07:00:00 pm","66.9","84.0","67.1","61.9","point"
"2024-01-12 09:00:00 pm","63.2","91.2","63.7","60.6","point"
"2024-01-12 11:00:00 pm","61.4","94.0","62.2","59.6","point"
"2024-01-13 01:00:00 am","62.1","93.8","62.8","60.2","point"
"2024-01-13 03:00:00 am","63.6","90.6","64.0","60.8","point"
"2024-01-13 05:00:00 am","61.1","94.7","61.9","59.6","point"
"2024-01-13 07:00:00 am","62.4","95.3","63.1","61.0","point"
"2024-01-13 09:00:00 am","65.0","93.0","65.8","62.9","point"
"2024-01-13 11:00:00 am","70.2","79.5","71.2","63.6","point"
"2024-01-13 01:00:00 pm","75.4","70.4","76.3","65.1","point"
"2024-01-13 03:00:00 pm","74.2","74.5","75.4","65.5","point"
"2024-01-13 05:00:00 pm","72.1","84.4","73.9","67.2","point"
"2024-01-13 07:00:00 pm","67.9","91.3","69.1","65.2","point"
"2024-01-13 09:00:00 pm","65.0","94.9","66.0","63.5","point"
"2024-01-13 11:00:00 pm","63.1","96.1","64.0","62.0","point"
"2024-01-14 01:00:00 am","62.4","97.5","63.5","61.7","point"
"2024-01-14 03:00:00 am","63.8","95.3","64.6","62.4","point"
"2024-01-14 05:00:00 am","63.9","94.1","64.8","62.1","point"
"2024-01-14 07:00:00 am","64.1","93.1","64.8","62.1","point"
"2024-01-14 09:00:00 am","66.1","94.1","67.1","64.4","point"
"2024-01-14 11:00:00 am","72.3","81.4","73.8","66.3","point"
"2024-01-14 01:00:00 pm","73.6","76.1","75.0","65.6","point"
"2024-01-14 03:00:00 pm","73.9","77.6","75.2","66.5","point"
"2024-01-14 05:00:00 pm","72.6","81.6","74.1","66.7","point"
"2024-01-14 07:00:00 pm","68.2","91.1","69.4","65.5","point"
"2024-01-14 09:00:00 pm","63.1","94.1","63.9","61.3","point"
"2024-01-14 11:00:00 pm","65.0","87.2","65.3","61.1","point"
"2024-01-15 01:00:00 am","64.8","85.0","64.8","60.2","point"
"2024-01-15 03:00:00 am","63.0","88.8","63.3","59.6","point"
"2024-01-15 05:00:00 am","62.5","91.1","63.0","59.8","point"
"2024-01-15 07:00:00 am","62.3","94.2","63.1","60.6","point"
"2024-01-15 09:00:00 am","64.8","95.2","65.7","63.4","point"
"2024-01-15 11:00:00 am","69.7","87.5","70.9","65.8","point"
"2024-01-15 01:00:00 pm","73.0","81.3","74.5","66.8","point"
"2024-01-15 03:00:00 pm","74.3","78.8","75.7","67.2","point"
"2024-01-15 05:00:00 pm","72.1","82.7","73.8","66.6","point"
"2024-01-15 07:00:00 pm","66.8","90.3","67.6","63.9","point"
"2024-01-15 09:00:00 pm","63.5","94.5","64.4","61.9","point"
"2024-01-15 11:00:00 pm","61.6","95.7","62.4","60.3","point"
"2024-01-16 01:00:00 am","59.9","96.2","60.6","58.8","point"
"2024-01-16 03:00:00 am","58.8","96.9","59.5","57.9","point"
"2024-01-16 05:00:00 am","57.9","97.6","59.0","57.3","point"
"2024-01-16 07:00:00 am","58.6","97.8","59.5","58.0","point"
"2024-01-16 09:00:00 am","63.3","98.8","64.4","63.0","point"
"2024-01-16 11:00:00 am","69.7","88.9","70.9","66.3","point"
"2024-01-16 01:00:00 pm","72.4","76.5","73.6","64.6","point"
"2024-01-16 03:00:00 pm","73.6","81.4","75.4","67.6","point"
"2024-01-16 05:00:00 pm","72.6","85.2","74.3","67.9","point"
"2024-01-16 07:00:00 pm","67.7","92.4","68.9","65.4","point"
"2024-01-16 09:00:00 pm","65.1","96.3","66.2","64.0","point"
"2024-01-16 11:00:00 pm","63.8","97.2","64.8","63.0","point"
"2024-01-17 01:00:00 am","63.6","98.0","64.8","63.0","point"
"2024-01-17 03:00:00 am","63.4","98.4","64.6","62.9","point"
"2024-01-17 05:00:00 am","64.0","98.9","65.1","63.7","point"
"2024-01-17 07:00:00 am","65.1","99.5","66.6","64.9","point"
"2024-01-17 09:00:00 am","65.7","99.7","67.3","65.6","point"
"2024-01-17 11:00:00 am","70.1","94.2","71.8","68.3","point"
"2024-01-17 01:00:00 pm","74.5","82.4","76.6","68.8","point"
"2024-01-17 03:00:00 pm","75.3","76.3","76.8","67.3","point"
"2024-01-17 05:00:00 pm","72.3","84.1","74.1","67.3","point"
"2024-01-17 07:00:00 pm","66.7","91.3","67.5","64.1","point"
"2024-01-17 09:00:00 pm","66.4","95.8","67.8","65.2","point"
"2024-01-17 11:00:00 pm","66.1","97.3","67.3","65.2","point"
"2024-01-18 01:00:00 am","66.2","98.1","67.5","65.6","point"
"2024-01-18 03:00:00 am","64.1","97.5","65.3","63.3","point"
"2024-01-18 05:00:00 am","62.4","98.0","63.5","61.8","point"
"2024-01-18 07:00:00 am","61.5","98.6","62.8","61.1","point"
"2024-01-18 09:00:00 am","65.4","99.3","66.7","65.2","point"
"2024-01-18 11:00:00 am","70.8","91.7","72.5","68.3","point"
"2024-01-18 01:00:00 pm","74.0","85.3","76.3","69.3","point"
"2024-01-18 03:00:00 pm","76.1","77.1","77.9","68.4","point"
"2024-01-18 05:00:00 pm","73.3","83.5","75.2","68.0","point"
"2024-01-18 07:00:00 pm","68.6","93.2","70.0","66.5","point"
"2024-01-18 09:00:00 pm","66.0","96.4","67.1","64.9","point"
"2024-01-18 11:00:00 pm","64.7","97.6","65.8","64.0","point"
"2024-01-19 01:00:00 am","64.7","98.6","65.8","64.3","point"
"2024-01-19 03:00:00 am","64.3","98.7","65.5","63.9","point"
"2024-01-19 05:00:00 am","63.6","99.2","64.8","63.3","point"
"2024-01-19 07:00:00 am","62.1","98.4","63.3","61.6","point"
"2024-01-19 09:00:00 am","65.3","100.0","66.7","65.3","point"
"2024-01-19 11:00:00 am","70.6","92.3","72.1","68.3","point"
"2024-01-19 01:00:00 pm","72.4","87.0","74.3","68.3","point"
"2024-01-19 03:00:00 pm","75.9","81.5","78.1","69.8","point"
"2024-01-19 05:00:00 pm","74.3","85.1","76.6","69.5","point"
"2024-01-19 07:00:00 pm","69.4","94.2","70.9","67.7","point"
"2024-01-19 09:00:00 pm","69.4","97.7","71.2","68.7","point"
"2024-01-19 11:00:00 pm","65.7","97.4","66.9","64.9","point"
"2024-01-20 01:00:00 am","62.5","97.3","63.5","61.7","point"
"2024-01-20 03:00:00 am","63.9","98.5","65.1","63.4","point"
"2024-01-20 05:00:00 am","63.9","98.6","65.1","63.5","point"
"2024-01-20 07:00:00 am","63.3","99.0","64.4","63.0","point"
"2024-01-20 09:00:00 am","66.0","97.4","67.1","65.2","point"
"2024-01-20 11:00:00 am","70.7","92.5","72.5","68.5","point"
"2024-01-20 01:00:00 pm","71.6","89.2","73.4","68.3","point"
"2024-01-20 03:00:00 pm","72.8","85.3","74.7","68.1","point"
"2024-01-20 05:00:00 pm","75.7","83.1","77.9","70.2","point"
"2024-01-20 07:00:00 pm","69.9","94.4","71.6","68.2","point"
"2024-01-20 09:00:00 pm","66.3","96.2","67.5","65.2","point"
"2024-01-20 11:00:00 pm","63.8","97.2","64.8","63.0","point"
"2024-01-21 01:00:00 am","63.4","98.7","64.6","63.0","point"
"2024-01-21 03:00:00 am","62.8","99.1","64.0","62.5","point"
"2024-01-21 05:00:00 am","64.6","99.4","65.8","64.5","point"
"2024-01-21 07:00:00 am","65.1","100.0","66.6","65.1","point"
"2024-01-21 09:00:00 am","66.8","98.8","68.4","66.4","point"
"2024-01-21 11:00:00 am","71.4","93.1","73.2","69.3","point"
"2024-01-21 01:00:00 pm","75.4","83.8","77.9","70.2","point"
"2024-01-21 03:00:00 pm","78.1","75.5","81.1","69.7","point"
"2024-01-21 05:00:00 pm","75.3","80.1","77.2","68.7","point"
"2024-01-21 07:00:00 pm","70.5","90.0","72.0","67.4","point"
"2024-01-21 09:00:00 pm","70.1","96.7","71.8","69.1","point"
"2024-01-21 11:00:00 pm","66.6","96.7","68.0","65.6","point"
"2024-01-22 01:00:00 am","64.8","97.6","66.0","64.1","point"
"2024-01-22 03:00:00 am","63.5","98.0","64.8","62.9","point"
"2024-01-22 05:00:00 am","63.2","99.3","64.4","63.0","point"
"2024-01-22 07:00:00 am","61.8","98.5","63.0","61.4","point"
"2024-01-22 09:00:00 am","65.4","100.0","66.9","65.4","point"
"2024-01-22 11:00:00 am","70.8","94.4","72.7","69.1","point"
"2024-01-22 01:00:00 pm","73.3","88.1","75.6","69.6","point"
"2024-01-22 03:00:00 pm","76.6","80.0","78.8","69.9","point"
"2024-01-22 05:00:00 pm","74.6","83.9","76.8","69.4","point"
"2024-01-22 07:00:00 pm","69.1","92.1","70.5","66.8","point"
"2024-01-22 09:00:00 pm","68.2","96.7","69.8","67.2","point"
"2024-01-22 11:00:00 pm","65.7","97.4","66.9","65.0","point"
"2024-01-23 01:00:00 am","63.7","97.7","64.9","63.0","point"
"2024-01-23 03:00:00 am","62.8","98.4","64.0","62.3","point"
"2024-01-23 05:00:00 am","61.7","98.6","63.0","61.3","point"
"2024-01-23 07:00:00 am","61.0","99.1","61.9","60.7","point"
"2024-01-23 09:00:00 am","66.1","98.8","67.5","65.8","point"
"2024-01-23 11:00:00 am","70.5","91.6","72.0","67.9","point"
"2024-01-23 01:00:00 pm","72.7","85.8","74.7","68.2","point"
"2024-01-23 03:00:00 pm","76.2","81.1","78.4","70.0","point"
"2024-01-23 05:00:00 pm","74.7","83.8","77.0","69.4","point"
"2024-01-23 07:00:00 pm","68.8","91.4","70.0","66.1","point"
"2024-01-23 09:00:00 pm","65.0","95.4","66.0","63.6","point"
"2024-01-23 11:00:00 pm","62.5","96.6","63.5","61.5","point"
"2024-01-24 01:00:00 am","60.4","97.0","61.5","59.6","point"
"2024-01-24 03:00:00 am","58.7","97.5","59.5","57.9","point"
"2024-01-24 05:00:00 am","57.3","97.9","58.3","56.7","point"
"2024-01-24 07:00:00 am","55.5","97.7","56.3","54.9","point"
"2024-01-24 09:00:00 am","60.6","100.0","61.9","60.6","point"
"2024-01-24 11:00:00 am","66.3","92.3","67.3","64.0","point"
"2024-01-24 01:00:00 pm","76.1","75.9","77.7","68.0","point"
"2024-01-24 03:00:00 pm","75.3","65.4","75.6","62.9","point"
"2024-01-24 05:00:00 pm","73.7","75.4","75.0","65.4","point"
"2024-01-24 07:00:00 pm","67.0","86.3","67.6","62.8","point"
"2024-01-24 09:00:00 pm","65.4","92.7","66.2","63.2","point"
"2024-01-24 11:00:00 pm","61.5","95.4","62.4","60.2","point"
"2024-01-25 01:00:00 am","59.5","97.0","60.3","58.7","point"
"2024-01-25 03:00:00 am","57.0","96.2","57.9","56.0","point"
"2024-01-25 05:00:00 am","55.7","97.6","56.5","55.0","point"
"2024-01-25 07:00:00 am","55.2","97.9","55.9","54.6","point"
"2024-01-25 09:00:00 am","60.2","100.0","61.3","60.2","point"
"2024-01-25 11:00:00 am","67.3","93.7","68.5","65.4","point"
"2024-01-25 01:00:00 pm","77.0","69.3","78.4","66.2","point"
"2024-01-25 03:00:00 pm","74.8","71.0","75.7","64.7","point"
"2024-01-25 05:00:00 pm","72.7","79.8","74.3","66.1","point"
"2024-01-25 07:00:00 pm","67.1","91.0","68.2","64.4","point"
"2024-01-25 09:00:00 pm","65.4","95.3","66.4","64.0","point"
"2024-01-25 11:00:00 pm","62.9","96.4","63.9","61.8","point"
"2024-01-26 01:00:00 am","61.4","97.4","62.4","60.7","point"
"2024-01-26 03:00:00 am","59.8","97.8","60.8","59.2","point"
"2024-01-26 05:00:00 am","62.4","100.0","63.7","62.4","point"
"2024-01-26 07:00:00 am","62.3","97.9","63.5","61.7","point"
"2024-01-26 09:00:00 am","64.9","97.3","65.8","64.1","point"
"2024-01-26 11:00:00 am","69.7","85.3","70.7","65.0","point"
"2024-01-26 01:00:00 pm","74.4","72.1","75.4","64.9","point"
"2024-01-26 03:00:00 pm","74.2","74.4","75.4","65.5","point"
"2024-01-26 05:00:00 pm","71.5","76.3","72.5","63.6","point"
"2024-01-26 07:00:00 pm","67.4","90.1","68.4","64.4","point"
"2024-01-26 09:00:00 pm","63.0","94.7","63.9","61.4","point"
"2024-01-26 11:00:00 pm","60.3","95.8","61.3","59.1","point"
"2024-01-27 01:00:00 am","57.6","95.8","58.5","56.4","point"
"2024-01-27 03:00:00 am","58.2","89.7","58.5","55.2","point"
"2024-01-27 05:00:00 am","61.2","87.6","61.3","57.4","point"
"2024-01-27 07:00:00 am","61.2","91.6","61.7","58.7","point"
"2024-01-27 09:00:00 am","63.8","93.8","64.4","62.0","point"
"2024-01-27 11:00:00 am","69.9","77.8","70.5","62.6","point"
"2024-01-27 01:00:00 pm","74.2","70.3","75.0","63.9","point"
"2024-01-27 03:00:00 pm","75.5","62.3","75.6","61.7","point"
"2024-01-27 05:00:00 pm","72.6","71.2","73.2","62.8","point"
"2024-01-27 07:00:00 pm","65.7","79.6","65.5","59.2","point"
"2024-01-27 09:00:00 pm","60.6","90.3","61.2","57.8","point"
"2024-01-27 11:00:00 pm","58.8","94.0","59.4","57.1","point"
"2024-01-28 01:00:00 am","60.0","92.2","60.6","57.7","point"
"2024-01-28 03:00:00 am","61.8","88.4","62.1","58.4","point"
"2024-01-28 05:00:00 am","61.9","89.1","62.2","58.7","point"
"2024-01-28 07:00:00 am","61.0","95.0","61.9","59.5","point"
"2024-01-28 09:00:00 am","64.2","94.5","64.9","62.6","point"
"2024-01-28 11:00:00 am","70.8","76.8","71.8","63.2","point"
"2024-01-28 01:00:00 pm","74.4","63.0","74.5","61.0","point"
"2024-01-28 03:00:00 pm","76.3","57.2","75.9","60.1","point"
"2024-01-28 05:00:00 pm","72.0","72.0","72.9","62.5","point"
"2024-01-28 07:00:00 pm","67.2","87.0","67.8","63.2","point"
"2024-01-28 09:00:00 pm","62.6","92.8","63.1","60.4","point"
"2024-01-28 11:00:00 pm","60.0","95.3","60.8","58.6","point"
"2024-01-29 01:00:00 am","58.3","96.0","59.2","57.2","point"
"2024-01-29 03:00:00 am","56.9","96.6","57.7","55.9","point"
"2024-01-29 05:00:00 am","60.3","92.4","61.0","58.1","point"
"2024-01-29 07:00:00 am","60.2","91.9","60.8","57.9","point"
"2024-01-29 09:00:00 am","63.3","94.3","64.0","61.6","point"
"2024-01-29 11:00:00 am","68.6","85.2","69.4","64.0","point"
"2024-01-29 01:00:00 pm","74.1","72.4","75.0","64.7","point"
"2024-01-29 03:00:00 pm","73.3","74.4","74.3","64.7","point"
"2024-01-29 05:00:00 pm","73.0","78.9","74.3","66.0","point"
"2024-01-29 07:00:00 pm","67.3","89.9","68.2","64.3","point"
"2024-01-29 09:00:00 pm","62.8","94.4","63.5","61.1","point"
"2024-01-29 11:00:00 pm","59.6","95.5","60.4","58.3","point"
"2024-01-30 01:00:00 am","56.6","95.8","57.4","55.4","point"
"2024-01-30 03:00:00 am","59.6","90.1","60.1","56.7","point"
"2024-01-30 05:00:00 am","61.7","83.4","61.5","56.6","point"
"2024-01-30 07:00:00 am","61.1","86.8","61.2","57.1","point"
"2024-01-30 09:00:00 am","62.3","93.9","63.1","60.5","point"
"2024-01-30 11:00:00 am","69.9","83.6","70.9","64.8","point"
"2024-01-30 01:00:00 pm","72.5","75.8","73.6","64.4","point"
"2024-01-30 03:00:00 pm","76.2","60.1","76.1","61.4","point"
"2024-01-30 05:00:00 pm","72.6","72.3","73.4","63.1","point"
"2024-01-30 07:00:00 pm","65.4","85.7","65.5","61.0","point"
"2024-01-30 09:00:00 pm","61.8","93.0","62.4","59.8","point"
"2024-01-30 11:00:00 pm","60.5","95.5","61.3","59.2","point"
"2024-01-31 01:00:00 am","58.7","96.1","59.5","57.5","point"
"2024-01-31 03:00:00 am","56.8","96.5","57.6","55.8","point"
"2024-01-31 05:00:00 am","55.5","97.1","56.1","54.6","point"
"2024-01-31 07:00:00 am","54.6","97.5","55.2","53.9","point"
"2024-01-31 09:00:00 am","60.1","100.0","61.3","60.1","point"
"2024-01-31 11:00:00 am","66.0","88.7","66.4","62.5","point"
"2024-01-31 01:00:00 pm","73.4","66.2","73.9","61.5","point"
"2024-01-31 03:00:00 pm","76.5","50.9","75.4","57.0","point"
"2024-01-31 05:00:00 pm","73.0","69.0","73.4","62.2","point"
"2024-01-31 07:00:00 pm","65.3","86.0","65.3","60.9","point"
"2024-01-31 09:00:00 pm","59.8","92.5","60.4","57.6","point"
"2024-01-31 11:00:00 pm","57.7","94.3","58.3","56.0","point"
"2024-02-01 01:00:00 am","56.1","95.6","56.7","54.9","point"
"2024-02-01 03:00:00 am","55.7","97.4","56.5","54.9","point"
"2024-02-01 05:00:00 am","55.3","97.3","55.9","54.5","point"
"2024-02-01 07:00:00 am","54.0","97.3","54.7","53.3","point"
"2024-02-01 09:00:00 am","58.7","99.6","59.9","58.6","point"
"2024-02-01 11:00:00 am","66.8","85.4","67.3","62.3","point"
"2024-02-01 01:00:00 pm","75.0","69.4","75.7","64.3","point"
"2024-02-01 03:00:00 pm","75.1","68.2","75.7","63.8","point"
"2024-02-01 05:00:00 pm","74.1","71.4","74.8","64.3","point"
"2024-02-01 07:00:00 pm","67.0","88.1","67.6","63.4","point"
"2024-02-01 09:00:00 pm","62.3","94.0","63.1","60.6","point"
"2024-02-01 11:00:00 pm","60.2","95.5","61.0","58.9","point"
"2024-02-02 01:00:00 am","58.9","96.8","59.7","57.9","point"
"2024-02-02 03:00:00 am","58.2","97.0","59.0","57.3","point"
"2024-02-02 05:00:00 am","56.3","97.3","57.0","55.5","point"
"2024-02-02 07:00:00 am","54.6","97.5","55.4","53.9","point"
"2024-02-02 09:00:00 am","60.2","100.0","61.3","60.2","point"
"2024-02-02 11:00:00 am","67.2","94.4","68.4","65.6","point"
"2024-02-02 01:00:00 pm","75.1","69.7","75.9","64.5","point"
"2024-02-02 03:00:00 pm","76.1","59.5","75.9","61.0","point"
"2024-02-02 05:00:00 pm","74.7","67.6","75.4","63.2","point"
"2024-02-02 07:00:00 pm","67.7","87.0","68.5","63.7","point"
"2024-02-02 09:00:00 pm","63.7","93.8","64.4","61.8","point"
"2024-02-02 11:00:00 pm","61.1","95.6","61.9","59.8","point"
"2024-02-03 01:00:00 am","58.8","96.4","59.5","57.8","point"
"2024-02-03 03:00:00 am","57.2","96.8","58.1","56.3","point"
"2024-02-03 05:00:00 am","55.7","97.0","56.5","54.8","point"
"2024-02-03 07:00:00 am","56.1","98.6","56.8","55.7","point"
"2024-02-03 09:00:00 am","63.5","98.9","64.8","63.2","point"
"2024-02-03 11:00:00 am","69.7","92.6","71.2","67.4","point"
"2024-02-03 01:00:00 pm","75.4","77.9","77.2","68.0","point"
"2024-02-03 03:00:00 pm","77.7","73.8","80.2","68.7","point"
"2024-02-03 05:00:00 pm","73.8","83.0","75.7","68.3","point"
"2024-02-03 07:00:00 pm","70.1","89.8","71.4","67.0","point"
"2024-02-03 09:00:00 pm","66.6","95.0","67.8","65.1","point"
"2024-02-03 11:00:00 pm","65.5","97.1","66.7","64.7","point"
"2024-02-04 01:00:00 am","63.9","97.8","65.1","63.3","point"
"2024-02-04 03:00:00 am","64.4","98.9","65.5","64.0","point"
"2024-02-04 05:00:00 am","66.2","97.5","67.3","65.4","point"
"2024-02-04 07:00:00 am","65.8","95.5","66.7","64.5","point"
"2024-02-04 09:00:00 am","66.6","95.7","68.0","65.4","point"
"2024-02-04 11:00:00 am","72.6","86.3","74.5","68.2","point"
"2024-02-04 01:00:00 pm","74.6","74.9","75.7","66.1","point"
"2024-02-04 03:00:00 pm","73.9","80.7","75.6","67.6","point"
"2024-02-04 05:00:00 pm","74.5","82.5","76.6","68.9","point"
"2024-02-04 07:00:00 pm","71.3","92.5","73.2","69.0","point"
"2024-02-04 09:00:00 pm","68.2","95.4","69.6","66.8","point"
"2024-02-04 11:00:00 pm","65.9","97.6","67.3","65.2","point"
"2024-02-05 01:00:00 am","63.6","96.9","64.6","62.7","point"
"2024-02-05 03:00:00 am","60.3","97.2","61.3","59.5","point"
"2024-02-05 05:00:00 am","60.0","99.3","61.0","59.7","point"
"2024-02-05 07:00:00 am","60.2","96.6","61.0","59.3","point"
"2024-02-05 09:00:00 am","63.2","95.7","64.0","62.0","point"
"2024-02-05 11:00:00 am","70.1","87.5","71.4","66.2","point"
"2024-02-05 01:00:00 pm","75.1","70.7","76.1","64.9","point"
"2024-02-05 03:00:00 pm","76.2","71.3","77.2","66.2","point"
"2024-02-05 05:00:00 pm","73.9","69.4","74.7","63.2","point"
"2024-02-05 07:00:00 pm","68.9","86.8","69.8","64.8","point"
"2024-02-05 09:00:00 pm","66.2","93.7","67.3","64.3","point"
"2024-02-05 11:00:00 pm","65.2","96.0","66.4","64.0","point"
"2024-02-06 01:00:00 am","62.8","96.8","63.7","61.8","point"
"2024-02-06 03:00:00 am","60.1","97.0","61.0","59.3","point"
"2024-02-06 05:00:00 am","59.9","98.4","60.8","59.4","point"
"2024-02-06 07:00:00 am","60.2","97.7","61.2","59.6","point"
"2024-02-06 09:00:00 am","63.6","95.7","64.4","62.3","point"
"2024-02-06 11:00:00 am","71.7","77.9","72.7","64.4","point"
"2024-02-06 01:00:00 pm","75.7","66.4","76.1","63.7","point"
"2024-02-06 03:00:00 pm","77.6","60.8","78.1","63.0","point"
"2024-02-06 05:00:00 pm","75.1","63.3","75.4","61.7","point"
"2024-02-06 07:00:00 pm","68.7","78.1","69.1","61.6","point"
"2024-02-06 09:00:00 pm","63.4","87.9","63.5","59.8","point"
"2024-02-06 11:00:00 pm","61.8","94.4","62.6","60.2","point"
"2024-02-07 01:00:00 am","59.9","95.3","60.8","58.6","point"
"2024-02-07 03:00:00 am","61.0","94.2","61.7","59.3","point"
"2024-02-07 05:00:00 am","63.7","83.2","63.5","58.5","point"
"2024-02-07 07:00:00 am","63.9","85.2","63.9","59.4","point"
"2024-02-07 09:00:00 am","65.5","88.3","66.0","62.0","point"
"2024-02-07 11:00:00 am","70.7","77.5","71.8","63.3","point"
"2024-02-07 01:00:00 pm","75.1","65.7","75.4","62.9","point"
"2024-02-07 03:00:00 pm","77.2","57.6","77.0","61.1","point"
"2024-02-07 05:00:00 pm","75.9","67.5","76.5","64.4","point"
"2024-02-07 07:00:00 pm","70.3","84.4","71.4","65.4","point"
"2024-02-07 09:00:00 pm","65.7","92.2","66.6","63.4","point"
"2024-02-07 11:00:00 pm","63.3","94.5","64.0","61.7","point"
"2024-02-08 01:00:00 am","60.2","95.7","61.0","59.0","point"
"2024-02-08 03:00:00 am","61.7","96.5","62.8","60.7","point"
"2024-02-08 05:00:00 am","63.0","90.2","63.5","60.1","point"
"2024-02-08 07:00:00 am","60.2","90.4","60.6","57.3","point"
"2024-02-08 09:00:00 am","64.8","84.7","64.8","60.1","point"
"2024-02-08 11:00:00 am","70.1","79.0","70.9","63.2","point"
"2024-02-08 01:00:00 pm","76.0","65.2","76.3","63.5","point"
"2024-02-08 03:00:00 pm","80.2","63.6","82.4","66.7","point"
"2024-02-08 05:00:00 pm","75.5","75.6","77.0","67.2","point"
"2024-02-08 07:00:00 pm","70.3","84.4","71.4","65.3","point"
"2024-02-08 09:00:00 pm","65.9","93.2","66.7","63.8","point"
"2024-02-08 11:00:00 pm","63.1","95.1","63.9","61.6","point"
"2024-02-09 01:00:00 am","60.5","95.7","61.3","59.3","point"
"2024-02-09 03:00:00 am","58.7","96.3","59.5","57.7","point"
"2024-02-09 05:00:00 am","57.1","96.8","57.9","56.2","point"
"2024-02-09 07:00:00 am","56.5","97.5","57.4","55.8","point"
"2024-02-09 09:00:00 am","61.4","99.7","62.8","61.3","point"
"2024-02-09 11:00:00 am","68.5","85.4","69.3","64.0","point"
"2024-02-09 01:00:00 pm","75.7","71.4","76.6","65.8","point"
"2024-02-09 03:00:00 pm","79.0","68.2","81.7","67.6","point"
"2024-02-09 05:00:00 pm","75.6","80.7","77.7","69.3","point"
"2024-02-09 07:00:00 pm","70.8","90.3","72.5","67.8","point"
"2024-02-09 09:00:00 pm","66.8","95.2","68.0","65.4","point"
"2024-02-09 11:00:00 pm","66.7","96.4","68.0","65.7","point"
"2024-02-10 01:00:00 am","66.2","96.9","67.5","65.3","point"
"2024-02-10 03:00:00 am","61.3","96.6","62.2","60.3","point"
"2024-02-10 05:00:00 am","62.5","96.8","63.5","61.6","point"
"2024-02-10 07:00:00 am","61.9","94.9","62.8","60.4","point"
"2024-02-10 09:00:00 am","64.3","95.0","65.1","62.8","point"
"2024-02-10 11:00:00 am","72.2","81.0","73.6","66.0","point"
"2024-02-10 01:00:00 pm","77.2","69.5","78.6","66.4","point"
"2024-02-10 03:00:00 pm","78.3","60.0","79.2","63.2","point"
"2024-02-10 05:00:00 pm","76.7","72.3","78.1","67.1","point"
"2024-02-10 07:00:00 pm","71.8","87.0","73.6","67.7","point"
"2024-02-10 09:00:00 pm","70.0","93.9","71.8","68.1","point"
"2024-02-10 11:00:00 pm","66.4","95.7","67.6","65.1","point"
"2024-02-11 01:00:00 am","63.9","96.8","64.9","63.0","point"
"2024-02-11 03:00:00 am","61.4","96.9","62.4","60.5","point"
"2024-02-11 05:00:00 am","61.3","98.4","62.4","60.8","point"
"2024-02-11 07:00:00 am","61.6","98.1","62.8","61.0","point"
"2024-02-11 09:00:00 am","65.3","96.1","66.4","64.1","point"
"2024-02-11 11:00:00 am","70.7","85.9","72.1","66.3","point"
"2024-02-11 01:00:00 pm","76.9","63.0","77.4","63.4","point"
"2024-02-11 03:00:00 pm","76.9","58.4","76.5","61.2","point"
"2024-02-11 05:00:00 pm","73.9","60.9","73.8","59.6","point"
"2024-02-11 07:00:00 pm","66.7","80.1","66.6","60.4","point"
"2024-02-11 09:00:00 pm","61.2","89.3","61.5","58.0","point"
"2024-02-11 11:00:00 pm","59.9","93.6","60.4","58.0","point"
"2024-02-12 01:00:00 am","58.8","94.9","59.4","57.3","point"
"2024-02-12 03:00:00 am","58.2","95.9","59.0","57.1","point"
"2024-02-12 05:00:00 am","61.4","91.3","61.9","58.9","point"
"2024-02-12 07:00:00 am","61.9","91.9","62.4","59.5","point"
"2024-02-12 09:00:00 am","63.9","90.1","64.4","60.9","point"
"2024-02-12 11:00:00 am","69.1","76.3","69.3","61.3","point"
"2024-02-12 01:00:00 pm","79.6","38.9","77.5","52.4","point"
"2024-02-12 03:00:00 pm","77.6","49.3","76.5","57.1","point"
"2024-02-12 05:00:00 pm","74.9","50.4","73.8","55.2","point"
"2024-02-12 07:00:00 pm","66.6","72.2","66.0","57.3","point"
"2024-02-12 09:00:00 pm","63.3","88.4","63.5","59.8","point"
"2024-02-12 11:00:00 pm","61.3","93.6","61.9","59.5","point"
"2024-02-13 01:00:00 am","59.2","94.6","59.9","57.7","point"
"2024-02-13 03:00:00 am","57.6","95.9","58.5","56.4","point"
"2024-02-13 05:00:00 am","57.7","95.1","58.5","56.3","point"
"2024-02-13 07:00:00 am","57.0","96.3","57.7","56.0","point"
"2024-02-13 09:00:00 am","62.0","97.9","63.1","61.4","point"
"2024-02-13 11:00:00 am","70.5","75.9","71.2","62.5","point"
"2024-02-13 01:00:00 pm","78.3","48.2","77.2","57.1","point"
"2024-02-13 03:00:00 pm","78.2","49.9","77.2","57.9","point"
"2024-02-13 05:00:00 pm","75.1","66.7","75.6","63.3","point"
"2024-02-13 07:00:00 pm","68.4","80.2","68.9","62.1","point"
"2024-02-13 09:00:00 pm","64.1","91.2","64.6","61.4","point"
"2024-02-13 11:00:00 pm","61.8","94.4","62.6","60.2","point"
"2024-02-14 01:00:00 am","60.0","95.6","60.8","58.7","point"
"2024-02-14 03:00:00 am","59.3","96.9","60.1","58.4","point"
"2024-02-14 05:00:00 am","59.6","97.8","60.6","58.9","point"
"2024-02-14 07:00:00 am","61.8","96.3","62.8","60.8","point"
"2024-02-14 09:00:00 am","65.3","95.5","66.2","64.0","point"
"2024-02-14 11:00:00 am","72.0","83.8","73.6","66.8","point"
"2024-02-14 01:00:00 pm","77.9","64.3","78.8","64.8","point"
"2024-02-14 03:00:00 pm","75.7","60.6","75.6","61.1","point"
"2024-02-14 05:00:00 pm","74.4","58.0","73.9","58.6","point"
"2024-02-14 07:00:00 pm","70.3","82.5","71.4","64.7","point"
"2024-02-14 09:00:00 pm","70.1","91.6","71.6","67.6","point"
"2024-02-14 11:00:00 pm","66.1","95.0","67.1","64.7","point"
"2024-02-15 01:00:00 am","63.5","96.0","64.6","62.4","point"
"2024-02-15 03:00:00 am","61.8","96.8","62.8","60.9","point"
"2024-02-15 05:00:00 am","62.7","98.5","63.9","62.3","point"
"2024-02-15 07:00:00 am","63.4","96.2","64.4","62.3","point"
"2024-02-15 09:00:00 am","65.4","94.3","66.4","63.7","point"
"2024-02-15 11:00:00 am","71.7","87.2","73.4","67.6","point"
"2024-02-15 01:00:00 pm","79.4","56.7","80.1","62.7","point"
"2024-02-15 03:00:00 pm","74.5","66.3","75.0","62.5","point"
"2024-02-15 05:00:00 pm","72.7","66.0","73.2","60.7","point"
"2024-02-15 07:00:00 pm","68.0","85.8","68.5","63.6","point"
"2024-02-15 09:00:00 pm","63.2","92.8","63.9","61.1","point"
"2024-02-15 11:00:00 pm","60.5","94.7","61.3","59.0","point"
"2024-02-16 01:00:00 am","59.9","96.6","60.6","58.9","point"
"2024-02-16 03:00:00 am","61.4","94.3","62.2","59.8","point"
"2024-02-16 05:00:00 am","63.1","88.2","63.1","59.6","point"
"2024-02-16 07:00:00 am","63.4","86.1","63.3","59.2","point"
"2024-02-16 09:00:00 am","65.3","84.1","65.3","60.4","point"
"2024-02-16 11:00:00 am","72.1","68.9","72.7","61.4","point"
"2024-02-16 01:00:00 pm","78.3","53.0","77.9","59.8","point"
"2024-02-16 03:00:00 pm","77.4","56.3","77.2","60.6","point"
"2024-02-16 05:00:00 pm","74.6","58.0","74.1","58.8","point"
"2024-02-16 07:00:00 pm","69.5","80.1","70.3","63.1","point"
"2024-02-16 09:00:00 pm","64.3","89.3","64.6","61.1","point"
"2024-02-16 11:00:00 pm","62.5","94.4","63.3","60.8","point"
"2024-02-17 01:00:00 am","61.1","95.5","61.9","59.8","point"
"2024-02-17 03:00:00 am","61.0","96.8","61.9","60.1","point"
"2024-02-17 05:00:00 am","63.1","94.1","63.9","61.3","point"
"2024-02-17 07:00:00 am","64.1","93.1","64.8","62.1","point"
"2024-02-17 09:00:00 am","66.6","88.7","67.3","63.2","point"
"2024-02-17 11:00:00 am","74.0","68.8","74.7","63.1","point"
"2024-02-17 01:00:00 pm","78.8","62.8","80.1","65.0","point"
"2024-02-17 03:00:00 pm","78.4","55.5","78.4","61.1","point"
"2024-02-17 05:00:00 pm","78.0","67.1","79.5","66.2","point"
"2024-02-17 07:00:00 pm","71.9","82.2","73.2","66.1","point"
"2024-02-17 09:00:00 pm","68.3","91.8","69.4","65.9","point"
"2024-02-17 11:00:00 pm","65.2","94.9","66.2","63.7","point"
"2024-02-18 01:00:00 am","63.6","96.5","64.6","62.6","point"
"2024-02-18 03:00:00 am","61.4","96.8","62.4","60.5","point"
"2024-02-18 05:00:00 am","59.8","97.2","60.6","59.0","point"
"2024-02-18 07:00:00 am","58.7","97.5","59.7","58.0","point"
"2024-02-18 09:00:00 am","64.3","99.7","65.7","64.2","point"
"2024-02-18 11:00:00 am","70.1","90.7","71.6","67.3","point"
"2024-02-18 01:00:00 pm","75.8","75.7","77.4","67.6","point"
"2024-02-18 03:00:00 pm","79.0","67.8","81.5","67.4","point"
"2024-02-18 05:00:00 pm","76.6","72.3","78.1","67.0","point"
"2024-02-18 07:00:00 pm","71.0","87.3","72.5","67.1","point"
"2024-02-18 09:00:00 pm","67.0","93.9","68.2","65.2","point"
"2024-02-18 11:00:00 pm","65.5","96.7","66.7","64.6","point"
"2024-02-19 01:00:00 am","66.4","98.6","68.0","66.0","point"
"2024-02-19 03:00:00 am","65.2","98.5","66.6","64.7","point"
"2024-02-19 05:00:00 am","62.8","97.6","64.0","62.1","point"
"2024-02-19 07:00:00 am","64.1","99.6","65.5","64.0","point"
"2024-02-19 09:00:00 am","65.9","97.0","67.1","65.0","point"
"2024-02-19 11:00:00 am","72.3","84.8","74.1","67.5","point"
"2024-02-19 01:00:00 pm","79.2","59.1","80.2","63.6","point"
"2024-02-19 03:00:00 pm","80.0","64.4","82.2","66.9","point"
"2024-02-19 05:00:00 pm","76.2","74.1","77.5","67.4","point"
"2024-02-19 07:00:00 pm","71.0","83.7","72.3","65.8","point"
"2024-02-19 09:00:00 pm","67.6","93.1","68.7","65.6","point"
"2024-02-19 11:00:00 pm","65.4","95.9","66.6","64.2","point"
"2024-02-20 01:00:00 am","64.0","96.9","64.9","63.1","point"
"2024-02-20 03:00:00 am","63.5","97.4","64.6","62.8","point"
"2024-02-20 05:00:00 am","61.3","97.7","62.4","60.6","point"
"2024-02-20 07:00:00 am","59.3","97.8","60.3","58.6","point"
"2024-02-20 09:00:00 am","65.3","100.0","66.9","65.3","point"
"2024-02-20 11:00:00 am","72.9","87.9","75.0","69.1","point"
"2024-02-20 01:00:00 pm","75.9","78.2","77.7","68.6","point"
"2024-02-20 03:00:00 pm","79.4","73.6","83.3","70.3","point"
"2024-02-20 05:00:00 pm","76.3","79.8","78.4","69.6","point"
"2024-02-20 07:00:00 pm","71.6","88.0","73.2","67.8","point"
"2024-02-20 09:00:00 pm","69.2","94.8","70.7","67.7","point"
"2024-02-20 11:00:00 pm","66.9","96.8","68.2","65.9","point"
"2024-02-21 01:00:00 am","66.0","98.0","67.3","65.4","point"
"2024-02-21 03:00:00 am","67.0","98.9","68.5","66.7","point"
"2024-02-21 05:00:00 am","67.2","99.0","68.7","66.9","point"
"2024-02-21 07:00:00 am","65.2","99.3","66.6","65.0","point"
"2024-02-21 09:00:00 am","67.7","99.0","69.3","67.5","point"
"2024-02-21 11:00:00 am","72.0","91.9","74.1","69.5","point"
"2024-02-21 01:00:00 pm","79.2","71.2","82.4","69.1","point"
"2024-02-21 03:00:00 pm","80.0","76.0","84.7","71.7","point"
"2024-02-21 05:00:00 pm","77.4","77.7","80.1","69.9","point"
"2024-02-21 07:00:00 pm","71.8","88.4","73.6","68.2","point"
"2024-02-21 09:00:00 pm","67.2","94.3","68.4","65.5","point"
"2024-02-21 11:00:00 pm","64.6","95.9","65.7","63.4","point"
"2024-02-22 01:00:00 am","61.8","96.8","62.8","60.9","point"
"2024-02-22 03:00:00 am","59.3","97.0","60.1","58.5","point"
"2024-02-22 05:00:00 am","57.9","97.5","59.0","57.3","point"
"2024-02-22 07:00:00 am","60.4","98.9","61.3","60.1","point"
"2024-02-22 09:00:00 am","64.6","99.7","66.0","64.5","point"
"2024-02-22 11:00:00 am","67.7","82.5","68.0","62.2","point"
"2024-02-22 01:00:00 pm","78.5","68.0","80.6","67.1","point"
"2024-02-22 03:00:00 pm","78.4","67.0","80.1","66.5","point"
"2024-02-22 05:00:00 pm","75.9","69.8","76.8","65.4","point"
"2024-02-22 07:00:00 pm","69.5","78.5","70.2","62.6","point"
"2024-02-22 09:00:00 pm","67.2","91.5","68.2","64.6","point"
"2024-02-22 11:00:00 pm","63.1","94.5","63.9","61.4","point"
"2024-02-23 01:00:00 am","59.8","95.9","60.6","58.7","point"
"2024-02-23 03:00:00 am","57.9","96.4","58.6","56.9","point"
"2024-02-23 05:00:00 am","55.8","96.5","56.7","54.8","point"
"2024-02-23 07:00:00 am","54.0","97.0","54.7","53.1","point"
"2024-02-23 09:00:00 am","58.6","92.6","59.2","56.5","point"
"2024-02-23 11:00:00 am","67.8","77.8","67.8","60.6","point"
"2024-02-23 01:00:00 pm","78.4","54.3","78.3","60.5","point"
"2024-02-23 03:00:00 pm","78.0","53.8","77.7","59.9","point"
"2024-02-23 05:00:00 pm","77.2","59.6","77.4","62.1","point"
"2024-02-23 07:00:00 pm","68.6","76.0","68.9","60.8","point"
"2024-02-23 09:00:00 pm","64.4","91.1","64.8","61.7","point"
"2024-02-23 11:00:00 pm","62.3","94.6","63.1","60.7","point"
"2024-02-24 01:00:00 am","60.4","96.1","61.5","59.3","point"
"2024-02-24 03:00:00 am","58.6","96.4","59.4","57.6","point"
"2024-02-24 05:00:00 am","57.1","97.0","57.9","56.2","point"
"2024-02-24 07:00:00 am","55.3","97.5","55.9","54.6","point"
"2024-02-24 09:00:00 am","60.7","99.5","61.9","60.5","point"
"2024-02-24 11:00:00 am","69.5","85.2","70.5","64.8","point"
"2024-02-24 01:00:00 pm","76.5","55.6","75.9","59.5","point"
"2024-02-24 03:00:00 pm","77.3","57.7","77.0","61.3","point"
"2024-02-24 05:00:00 pm","76.6","57.1","76.1","60.2","point"
"2024-02-24 07:00:00 pm","70.7","84.3","72.1","65.8","point"
"2024-02-24 09:00:00 pm","67.1","93.5","68.2","65.2","point"
"2024-02-24 11:00:00 pm","64.6","95.3","65.5","63.3","point"
"2024-02-25 01:00:00 am","61.8","96.0","62.8","60.6","point"
"2024-02-25 03:00:00 am","59.1","96.5","59.9","58.1","point"
"2024-02-25 05:00:00 am","57.4","96.9","58.3","56.5","point"
"2024-02-25 07:00:00 am","57.9","98.0","59.0","57.4","point"
"2024-02-25 09:00:00 am","63.9","99.0","65.1","63.6","point"
"2024-02-25 11:00:00 am","70.8","91.0","72.5","68.0","point"
"2024-02-25 01:00:00 pm","76.4","79.4","78.4","69.5","point"
"2024-02-25 03:00:00 pm","76.8","79.9","79.2","70.1","point"
"2024-02-25 05:00:00 pm","76.5","81.4","79.0","70.3","point"
"2024-02-25 07:00:00 pm","71.5","89.8","73.2","68.4","point"
"2024-02-25 09:00:00 pm","67.4","94.0","68.7","65.6","point"
"2024-02-25 11:00:00 pm","64.2","95.9","65.3","63.1","point"
"2024-02-26 01:00:00 am","63.5","97.2","64.4","62.7","point"
"2024-02-26 03:00:00 am","62.6","97.8","63.9","62.0","point"
"2024-02-26 05:00:00 am","64.6","98.7","65.8","64.3","point"
"2024-02-26 07:00:00 am","64.6","96.9","65.7","63.7","point"
"2024-02-26 09:00:00 am","67.5","91.4","68.5","64.9","point"
"2024-02-26 11:00:00 am","74.0","69.8","74.8","63.5","point"
"2024-02-26 01:00:00 pm","78.8","61.8","79.9","64.5","point"
"2024-02-26 03:00:00 pm","80.7","56.7","81.9","63.9","point"
"2024-02-26 05:00:00 pm","76.5","61.3","76.5","62.2","point"
"2024-02-26 07:00:00 pm","70.5","74.3","71.2","62.0","point"
"2024-02-26 09:00:00 pm","67.3","91.2","68.4","64.7","point"
"2024-02-26 11:00:00 pm","64.8","94.9","65.7","63.3","point"
"2024-02-27 01:00:00 am","62.8","95.9","63.9","61.6","point"
"2024-02-27 03:00:00 am","62.1","96.9","63.1","61.2","point"
"2024-02-27 05:00:00 am","64.5","93.7","65.1","62.7","point"
"2024-02-27 07:00:00 am","64.9","92.8","65.5","62.8","point"
"2024-02-27 09:00:00 am","68.0","90.9","69.1","65.2","point"
"2024-02-27 11:00:00 am","74.8","78.7","76.5","67.7","point"
"2024-02-27 01:00:00 pm","78.5","62.1","79.7","64.5","point"
"2024-02-27 03:00:00 pm","80.0","58.7","81.1","64.3","point"
"2024-02-27 05:00:00 pm","80.7","65.5","83.7","68.1","point"
"2024-02-27 07:00:00 pm","74.1","81.7","75.7","68.1","point"
"2024-02-27 09:00:00 pm","70.5","90.6","72.1","67.7","point"
"2024-02-27 11:00:00 pm","67.4","94.8","68.7","65.9","point"
"2024-02-28 01:00:00 am","65.0","96.1","66.2","63.9","point"
"2024-02-28 03:00:00 am","65.1","98.4","66.6","64.7","point"
"2024-02-28 05:00:00 am","64.2","97.2","65.3","63.4","point"
"2024-02-28 07:00:00 am","62.0","97.1","63.0","61.1","point"
"2024-02-28 09:00:00 am","66.7","96.7","68.0","65.8","point"
"2024-02-28 11:00:00 am","72.3","86.7","74.1","68.1","point"
"2024-02-28 01:00:00 pm","76.3","70.3","77.2","65.9","point"
"2024-02-28 03:00:00 pm","82.0","60.5","84.6","67.0","point"
"2024-02-28 05:00:00 pm","78.6","69.7","81.0","67.9","point"
"2024-02-28 07:00:00 pm","74.0","86.4","76.5","69.6","point"
"2024-02-28 09:00:00 pm","69.6","93.2","71.2","67.6","point"
"2024-02-28 11:00:00 pm","68.3","96.3","69.8","67.2","point"
"2024-02-29 01:00:00 am","63.5","91.1","64.0","60.9","point"
"2024-02-29 03:00:00 am","65.4","84.6","65.5","60.6","point"
"2024-02-29 05:00:00 am","65.3","85.6","65.5","60.9","point"
"2024-02-29 07:00:00 am","63.3","89.3","63.7","60.1","point"
"2024-02-29 09:00:00 am","65.8","90.9","66.4","63.1","point"
"2024-02-29 11:00:00 am","72.8","78.9","74.1","65.9","point"
"2024-02-29 01:00:00 pm","77.6","60.4","78.1","62.8","point"
"2024-02-29 03:00:00 pm","78.8","48.7","78.1","57.9","point"
"2024-02-29 05:00:00 pm","78.6","61.8","79.5","64.4","point"
"2024-02-29 07:00:00 pm","74.0","88.2","76.5","70.3","point"
"2024-02-29 09:00:00 pm","72.0","94.0","74.3","70.2","point"
"2024-02-29 11:00:00 pm","68.4","95.7","70.0","67.1","point"
"2024-03-01 01:00:00 am","65.5","96.3","66.7","64.5","point"
"2024-03-01 03:00:00 am","63.6","96.7","64.6","62.6","point"
"2024-03-01 05:00:00 am","61.3","96.2","62.2","60.2","point"
"2024-03-01 07:00:00 am","60.4","97.5","61.3","59.7","point"
"2024-03-01 09:00:00 am","65.3","95.8","66.6","64.1","point"
"2024-03-01 11:00:00 am","73.1","72.7","74.1","63.8","point"
"2024-03-01 01:00:00 pm","75.0","69.0","75.7","64.1","point"
"2024-03-01 03:00:00 pm","80.2","51.3","80.1","60.6","point"
"2024-03-01 05:00:00 pm","75.2","60.5","75.0","60.6","point"
"2024-03-01 07:00:00 pm","72.1","80.1","73.4","65.6","point"
"2024-03-01 09:00:00 pm","72.3","92.4","74.5","69.9","point"
"2024-03-01 11:00:00 pm","70.0","94.9","71.8","68.5","point"
"2024-03-02 01:00:00 am","66.9","96.0","68.4","65.8","point"
"2024-03-02 03:00:00 am","64.6","96.8","65.5","63.6","point"
"2024-03-02 05:00:00 am","62.8","96.8","63.7","61.8","point"
"2024-03-02 07:00:00 am","60.9","96.6","61.9","59.9","point"
"2024-03-02 09:00:00 am","64.9","93.4","65.5","62.9","point"
"2024-03-02 11:00:00 am","71.4","81.2","72.5","65.3","point"
"2024-03-02 01:00:00 pm","77.5","60.4","77.7","62.7","point"
"2024-03-02 03:00:00 pm","78.6","58.6","79.3","62.9","point"
"2024-03-02 05:00:00 pm","75.6","70.8","76.6","65.5","point"
"2024-03-02 07:00:00 pm","73.0","86.6","75.0","68.8","point"
"2024-03-02 09:00:00 pm","72.1","92.4","74.1","69.8","point"
"2024-03-02 11:00:00 pm","70.1","93.9","71.8","68.2","point"
"2024-03-03 01:00:00 am","69.9","95.5","71.6","68.5","point"
"2024-03-03 03:00:00 am","65.9","96.1","67.1","64.8","point"
"2024-03-03 05:00:00 am","63.6","97.0","64.6","62.7","point"
"2024-03-03 07:00:00 am","62.9","98.1","64.0","62.3","point"
"2024-03-03 09:00:00 am","67.2","98.5","68.7","66.7","point"
"2024-03-03 11:00:00 am","72.5","88.9","74.7","69.1","point"
"2024-03-03 01:00:00 pm","75.5","84.5","77.9","70.5","point"
"2024-03-03 03:00:00 pm","79.4","72.0","82.9","69.6","point"
"2024-03-03 05:00:00 pm","77.2","77.8","79.7","69.7","point"
"2024-03-03 07:00:00 pm","72.6","88.1","74.7","68.9","point"
"2024-03-03 09:00:00 pm","68.7","93.4","70.0","66.7","point"
"2024-03-03 11:00:00 pm","66.1","95.9","67.3","64.9","point"
"2024-03-04 01:00:00 am","64.5","97.1","65.5","63.6","point"
"2024-03-04 03:00:00 am","62.6","97.5","63.9","61.9","point"
"2024-03-04 05:00:00 am","61.6","98.1","62.8","61.1","point"
"2024-03-04 07:00:00 am","60.9","98.2","61.9","60.4","point"
"2024-03-04 09:00:00 am","64.8","97.5","65.8","64.0","point"
"2024-03-04 11:00:00 am","71.2","90.3","72.9","68.1","point"
"2024-03-04 01:00:00 pm","78.4","72.1","81.0","68.7","point"
"2024-03-04 03:00:00 pm","79.5","70.8","82.9","69.2","point"
"2024-03-04 05:00:00 pm","77.2","77.6","79.7","69.7","point"
"2024-03-04 07:00:00 pm","72.7","89.0","74.8","69.2","point"
"2024-03-04 09:00:00 pm","69.1","94.0","70.5","67.3","point"
"2024-03-04 11:00:00 pm","66.3","96.2","67.5","65.2","point"
"2024-03-05 01:00:00 am","65.3","97.3","66.6","64.5","point"
"2024-03-05 03:00:00 am","64.1","98.0","65.3","63.5","point"
"2024-03-05 05:00:00 am","63.0","98.1","64.2","62.4","point"
"2024-03-05 07:00:00 am","61.0","98.3","61.9","60.5","point"
"2024-03-05 09:00:00 am","66.2","100.0","67.8","66.2","point"
"2024-03-05 11:00:00 am","73.1","90.9","75.6","70.3","point"
"2024-03-05 01:00:00 pm","79.8","77.0","84.6","71.9","point"
"2024-03-05 03:00:00 pm","79.8","77.9","84.7","72.3","point"
"2024-03-05 05:00:00 pm","78.0","75.4","81.0","69.5","point"
"2024-03-05 07:00:00 pm","73.0","88.2","75.0","69.3","point"
"2024-03-05 09:00:00 pm","70.3","94.6","72.0","68.6","point"
"2024-03-05 11:00:00 pm","66.8","95.9","68.2","65.6","point"
"2024-03-06 01:00:00 am","65.9","97.0","67.1","65.0","point"
"2024-03-06 03:00:00 am","66.1","98.4","67.5","65.7","point"
"2024-03-06 05:00:00 am","63.4","98.0","64.6","62.8","point"
"2024-03-06 07:00:00 am","60.9","97.4","61.9","60.1","point"
"2024-03-06 09:00:00 am","64.2","95.6","65.1","63.0","point"
"2024-03-06 11:00:00 am","71.7","87.3","73.4","67.7","point"
"2024-03-06 01:00:00 pm","79.1","65.9","81.1","66.7","point"
"2024-03-06 03:00:00 pm","79.3","70.3","82.2","68.8","point"
"2024-03-06 05:00:00 pm","77.1","73.4","78.8","67.9","point"
"2024-03-06 07:00:00 pm","72.5","85.1","74.3","67.8","point"
"2024-03-06 09:00:00 pm","69.1","92.9","70.5","67.0","point"
"2024-03-06 11:00:00 pm","65.9","95.2","66.9","64.5","point"
"2024-03-07 01:00:00 am","62.7","95.9","63.7","61.5","point"
"2024-03-07 03:00:00 am","61.0","97.1","61.9","60.1","point"
"2024-03-07 05:00:00 am","60.6","97.5","61.5","59.9","point"
"2024-03-07 07:00:00 am","59.6","98.0","60.6","59.0","point"
"2024-03-07 09:00:00 am","65.7","96.6","66.9","64.7","point"
"2024-03-07 11:00:00 am","71.5","87.0","73.2","67.4","point"
"2024-03-07 01:00:00 pm","81.2","62.9","84.0","67.3","point"
"2024-03-07 03:00:00 pm","79.6","65.6","82.0","67.1","point"
"2024-03-07 05:00:00 pm","76.7","75.4","78.4","68.4","point"
"2024-03-07 07:00:00 pm","72.9","81.6","74.5","66.9","point"
"2024-03-07 09:00:00 pm","68.4","91.6","69.6","65.8","point"
"2024-03-07 11:00:00 pm","65.8","95.0","66.7","64.3","point"
"2024-03-08 01:00:00 am","64.2","95.9","65.1","63.0","point"
"2024-03-08 03:00:00 am","62.1","93.9","63.0","60.3","point"
"2024-03-08 05:00:00 am","60.0","90.9","60.4","57.4","point"
"2024-03-08 07:00:00 am","57.5","93.6","57.9","55.6","point"
"2024-03-08 09:00:00 am","62.4","84.3","62.2","57.6","point"
"2024-03-08 11:00:00 am","71.0","69.8","71.6","60.6","point"
"2024-03-08 01:00:00 pm","79.2","60.7","80.4","64.5","point"
"2024-03-08 03:00:00 pm","80.4","65.3","83.1","67.7","point"
"2024-03-08 05:00:00 pm","76.1","73.5","77.4","67.0","point"
"2024-03-08 07:00:00 pm","72.1","83.1","73.6","66.7","point"
"2024-03-08 09:00:00 pm","68.8","92.8","70.2","66.6","point"
"2024-03-08 11:00:00 pm","65.3","95.0","66.4","63.8","point"
"2024-03-09 01:00:00 am","63.0","96.5","64.0","62.0","point"
"2024-03-09 03:00:00 am","61.7","96.7","62.6","60.7","point"
"2024-03-09 05:00:00 am","59.8","97.3","60.6","59.1","point"
"2024-03-09 07:00:00 am","59.4","97.9","60.4","58.8","point"
"2024-03-09 09:00:00 am","63.7","98.5","64.9","63.2","point"
"2024-03-09 11:00:00 am","70.8","82.4","72.0","65.1","point"
"2024-03-09 01:00:00 pm","80.4","59.0","81.7","64.8","point"
"2024-03-09 03:00:00 pm","79.7","66.3","82.2","67.4","point"
"2024-03-09 05:00:00 pm","77.0","68.6","77.9","65.9","point"
"2024-03-09 07:00:00 pm","73.3","83.9","75.2","68.1","point"
"2024-03-09 09:00:00 pm","72.4","93.4","74.7","70.4","point"
"2024-03-09 11:00:00 pm","71.2","93.7","72.9","69.2","point"
"2024-03-10 01:00:00 am","70.5","94.9","72.1","69.0","point"
"2024-03-10 03:00:00 am","68.7","96.6","70.2","67.7","point"
"2024-03-10 05:00:00 am","68.1","98.0","69.8","67.5","point"
"2024-03-10 07:00:00 am","66.5","97.6","68.0","65.8","point"
"2024-03-10 09:00:00 am","65.6","86.7","65.8","61.5","point"
"2024-03-10 11:00:00 am","71.9","81.0","73.2","65.8","point"
"2024-03-10 01:00:00 pm","79.4","64.7","81.5","66.4","point"
"2024-03-10 03:00:00 pm","79.9","62.7","81.7","66.0","point"
"2024-03-10 05:00:00 pm","77.9","70.2","79.7","67.4","point"
"2024-03-10 07:00:00 pm","74.8","89.0","77.5","71.3","point"
"2024-03-10 09:00:00 pm","73.0","93.8","75.6","71.1","point"
"2024-03-10 11:00:00 pm","72.1","95.5","74.5","70.7","point"
"2024-03-11 01:00:00 am","71.3","97.0","73.4","70.4","point"
"2024-03-11 03:00:00 am","70.1","97.6","72.0","69.4","point"
"2024-03-11 05:00:00 am","68.7","98.0","70.5","68.1","point"
"2024-03-11 07:00:00 am","67.7","98.3","69.3","67.2","point"
"2024-03-11 09:00:00 am","70.1","97.6","72.0","69.4","point"
"2024-03-11 11:00:00 am","75.1","86.2","77.7","70.7","point"
"2024-03-11 01:00:00 pm","80.1","74.7","84.7","71.3","point"
"2024-03-11 03:00:00 pm","79.3","71.5","82.4","69.3","point"
"2024-03-11 05:00:00 pm","78.8","71.8","81.5","68.9","point"
"2024-03-11 07:00:00 pm","75.3","89.1","78.3","71.8","point"
"2024-03-11 09:00:00 pm","72.6","91.6","74.8","70.1","point"
"2024-03-11 11:00:00 pm","71.8","94.9","74.1","70.3","point"
"2024-03-12 01:00:00 am","71.4","96.2","73.4","70.2","point"
"2024-03-12 03:00:00 am","70.4","96.6","72.1","69.4","point"
"2024-03-12 05:00:00 am","68.1","97.5","69.6","67.4","point"
"2024-03-12 07:00:00 am","65.8","97.9","67.1","65.2","point"
"2024-03-12 09:00:00 am","69.9","98.1","71.8","69.3","point"
"2024-03-12 11:00:00 am","73.7","90.9","76.3","70.8","point"
"2024-03-12 01:00:00 pm","80.3","77.2","85.6","72.5","point"
"2024-03-12 03:00:00 pm","80.2","73.1","84.4","70.8","point"
"2024-03-12 05:00:00 pm","78.5","79.1","82.6","71.5","point"
"2024-03-12 07:00:00 pm","74.3","89.0","77.0","70.9","point"
"2024-03-12 09:00:00 pm","71.8","92.8","73.9","69.6","point"
"2024-03-12 11:00:00 pm","71.0","96.4","72.9","69.9","point"
"2024-03-13 01:00:00 am","68.1","96.4","69.6","67.0","point"
"2024-03-13 03:00:00 am","65.7","97.1","66.9","64.9","point"
"2024-03-13 05:00:00 am","64.9","97.9","66.4","64.3","point"
"2024-03-13 07:00:00 am","63.6","98.0","64.8","63.1","point"
"2024-03-13 09:00:00 am","67.6","97.4","68.9","66.8","point"
"2024-03-13 11:00:00 am","73.5","83.8","75.4","68.3","point"
"2024-03-13 01:00:00 pm","77.1","79.7","79.9","70.4","point"
"2024-03-13 03:00:00 pm","78.2","78.2","81.7","70.8","point"
"2024-03-13 05:00:00 pm","77.7","80.4","81.3","71.2","point"
"2024-03-13 07:00:00 pm","74.3","90.4","77.2","71.3","point"
"2024-03-13 09:00:00 pm","72.4","93.7","74.7","70.5","point"
"2024-03-13 11:00:00 pm","70.4","95.6","72.1","69.0","point"
"2024-03-14 01:00:00 am","68.9","97.2","70.5","68.1","point"
"2024-03-14 03:00:00 am","68.4","97.3","70.0","67.6","point"
"2024-03-14 05:00:00 am","67.1","97.9","68.7","66.5","point"
"2024-03-14 07:00:00 am","66.7","98.5","68.2","66.3","point"
"2024-03-14 09:00:00 am","68.1","95.0","69.4","66.6","point"
"2024-03-14 11:00:00 am","73.8","80.2","75.6","67.3","point"
"2024-03-14 01:00:00 pm","77.8","78.9","81.1","70.7","point"
"2024-03-14 03:00:00 pm","77.8","77.7","80.8","70.3","point"
"2024-03-14 05:00:00 pm","77.0","76.7","79.3","69.2","point"
"2024-03-14 07:00:00 pm","73.4","88.7","75.9","69.9","point"
"2024-03-14 09:00:00 pm","70.7","91.4","72.5","68.1","point"
"2024-03-14 11:00:00 pm","66.9","95.5","68.2","65.6","point"
"2024-03-15 01:00:00 am","64.8","96.8","65.8","63.8","point"
"2024-03-15 03:00:00 am","63.5","97.4","64.6","62.7","point"
"2024-03-15 05:00:00 am","62.3","97.9","63.5","61.7","point"
"2024-03-15 07:00:00 am","61.2","97.9","62.4","60.6","point"
"2024-03-15 09:00:00 am","65.7","97.8","67.1","65.1","point"
"2024-03-15 11:00:00 am","71.8","87.9","73.6","68.0","point"
"2024-03-15 01:00:00 pm","80.0","71.1","83.7","69.8","point"
"2024-03-15 03:00:00 pm","79.5","75.3","83.8","71.1","point"
"2024-03-15 05:00:00 pm","77.9","77.6","81.1","70.3","point"
"2024-03-15 07:00:00 pm","73.7","88.0","76.1","69.9","point"
"2024-03-15 09:00:00 pm","71.0","94.1","72.9","69.2","point"
"2024-03-15 11:00:00 pm","69.7","96.9","71.4","68.7","point"
"2024-03-16 01:00:00 am","69.1","97.8","70.9","68.5","point"
"2024-03-16 03:00:00 am","67.8","98.4","69.6","67.4","point"
"2024-03-16 05:00:00 am","65.3","98.0","66.7","64.7","point"
"2024-03-16 07:00:00 am","61.3","97.0","62.2","60.5","point"
"2024-03-16 09:00:00 am","66.7","95.3","67.8","65.3","point"
"2024-03-16 11:00:00 am","72.2","83.6","73.9","66.9","point"
"2024-03-16 01:00:00 pm","80.4","69.3","84.0","69.4","point"
"2024-03-16 03:00:00 pm","79.2","74.9","83.1","70.5","point"
"2024-03-16 05:00:00 pm","77.7","78.5","81.0","70.5","point"
"2024-03-16 07:00:00 pm","74.0","88.5","76.5","70.4","point"
"2024-03-16 09:00:00 pm","71.3","94.7","73.4","69.7","point"
"2024-03-16 11:00:00 pm","68.4","96.3","70.0","67.3","point"
"2024-03-17 01:00:00 am","66.7","97.0","68.0","65.8","point"
"2024-03-17 03:00:00 am","64.5","97.5","65.5","63.8","point"
"2024-03-17 05:00:00 am","63.0","97.5","64.0","62.3","point"
"2024-03-17 07:00:00 am","63.8","95.6","64.6","62.5","point"
"2024-03-17 09:00:00 am","68.8","90.0","70.0","65.7","point"
"2024-03-17 11:00:00 am","74.8","86.0","77.2","70.3","point"
"2024-03-17 01:00:00 pm","81.4","69.2","85.8","70.3","point"
"2024-03-17 03:00:00 pm","81.2","73.0","86.4","71.8","point"
"2024-03-17 05:00:00 pm","79.4","76.2","83.8","71.2","point"
"2024-03-17 07:00:00 pm","74.1","87.3","76.5","70.1","point"
"2024-03-17 09:00:00 pm","72.3","92.2","74.5","69.9","point"
"2024-03-17 11:00:00 pm","71.0","93.5","72.7","69.0","point"
"2024-03-18 01:00:00 am","70.3","95.0","72.0","68.8","point"
"2024-03-18 03:00:00 am","67.4","96.5","68.7","66.4","point"
"2024-03-18 05:00:00 am","64.5","96.7","65.5","63.5","point"
"2024-03-18 07:00:00 am","62.3","97.3","63.3","61.5","point"
"2024-03-18 09:00:00 am","66.1","91.9","66.9","63.7","point"
"2024-03-18 11:00:00 am","73.3","83.7","75.2","68.1","point"
"2024-03-18 01:00:00 pm","78.7","76.6","82.4","70.7","point"
"2024-03-18 03:00:00 pm","79.8","76.3","84.4","71.6","point"
"2024-03-18 05:00:00 pm","77.8","77.3","80.8","70.1","point"
"2024-03-18 07:00:00 pm","74.2","88.6","76.6","70.6","point"
"2024-03-18 09:00:00 pm","71.0","89.3","72.5","67.7","point"
"2024-03-18 11:00:00 pm","67.0","94.5","68.2","65.3","point"
"2024-03-19 01:00:00 am","65.2","96.3","66.4","64.1","point"
"2024-03-19 03:00:00 am","64.5","96.9","65.5","63.6","point"
"2024-03-19 05:00:00 am","62.7","97.2","63.7","61.8","point"
"2024-03-19 07:00:00 am","62.7","97.3","63.7","61.9","point"
"2024-03-19 09:00:00 am","66.9","88.2","67.5","63.3","point"
"2024-03-19 11:00:00 am","72.5","80.4","73.9","66.1","point"
"2024-03-19 12:00:00 pm","75.4","72.2","76.6","65.9","point"
"2024-03-19 02:00:00 pm","80.8","70.9","85.3","70.4","point"
"2024-03-19 04:00:00 pm","80.6","71.4","84.9","70.5","point"
"2024-03-19 06:00:00 pm","76.2","82.2","78.6","70.4","point"
"2024-03-19 08:00:00 pm","72.7","90.6","75.0","69.8","point"
"2024-03-19 10:00:00 pm","68.5","94.3","69.8","66.8","point"
"2024-03-20 12:00:00 am","65.8","95.9","66.9","64.6","point"
"2024-03-20 02:00:00 am","64.1","96.8","65.1","63.1","point"
"2024-03-20 04:00:00 am","62.4","96.9","63.5","61.6","point"
"2024-03-20 06:00:00 am","60.6","97.3","61.7","59.9","point"
"2024-03-20 08:00:00 am","61.8","98.9","63.0","61.5","point"
"2024-03-20 10:00:00 am","69.7","92.7","71.2","67.6","point"
"2024-03-20 12:00:00 pm","78.5","71.7","81.1","68.6","point"
"2024-03-20 02:00:00 pm","79.3","73.5","82.8","70.1","point"
"2024-03-20 04:00:00 pm","78.5","73.9","81.7","69.5","point"
"2024-03-20 06:00:00 pm","75.7","84.6","78.3","70.8","point"
"2024-03-20 08:00:00 pm","73.8","90.9","76.5","70.9","point"
"2024-03-20 10:00:00 pm","72.1","93.5","74.1","70.1","point"
"2024-03-21 12:00:00 am","68.9","96.1","70.5","67.8","point"
"2024-03-21 02:00:00 am","67.9","97.6","69.6","67.2","point"
"2024-03-21 04:00:00 am","68.6","98.0","70.3","68.0","point"
"2024-03-21 06:00:00 am","66.5","98.2","68.0","66.0","point"
"2024-03-21 08:00:00 am","69.6","99.1","71.6","69.4","point"
"2024-03-21 10:00:00 am","72.2","89.1","74.1","68.8","point"
"2024-03-21 12:00:00 pm","77.2","75.5","79.5","68.9","point"
"2024-03-21 02:00:00 pm","78.5","73.7","81.5","69.4","point"
"2024-03-21 04:00:00 pm","76.7","79.8","79.2","70.0","point"
"2024-03-21 06:00:00 pm","75.3","86.4","78.1","71.0","point"
"2024-03-21 08:00:00 pm","74.7","93.8","78.1","72.8","point"
"2024-03-21 10:00:00 pm","73.2","95.4","76.3","71.8","point"
"2024-03-22 12:00:00 am","71.9","96.7","74.1","70.9","point"
"2024-03-22 02:00:00 am","70.3","97.1","72.0","69.4","point"
"2024-03-22 04:00:00 am","68.4","98.0","70.2","67.7","point"
"2024-03-22 06:00:00 am","66.4","97.8","68.0","65.8","point"
"2024-03-22 08:00:00 am","67.2","99.1","68.7","66.9","point"
"2024-03-22 10:00:00 am","73.4","94.6","76.1","71.7","point"
"2024-03-22 12:00:00 pm","77.2","85.7","80.6","72.6","point"
"2024-03-22 02:00:00 pm","79.7","81.4","85.6","73.5","point"
"2024-03-22 04:00:00 pm","79.2","80.7","84.4","72.8","point"
"2024-03-22 06:00:00 pm","76.1","90.8","79.3","73.2","point"
"2024-03-22 08:00:00 pm","73.8","94.4","76.8","72.1","point"
"2024-03-22 10:00:00 pm","73.1","96.7","76.1","72.1","point"
"2024-03-23 12:00:00 am","72.6","97.5","75.2","71.8","point"
"2024-03-23 02:00:00 am","70.8","98.4","72.9","70.4","point"
"2024-03-23 04:00:00 am","68.9","97.6","70.7","68.2","point"
"2024-03-23 06:00:00 am","69.0","99.1","70.7","68.7","point"
"2024-03-23 08:00:00 am","69.3","98.6","71.2","68.8","point"
"2024-03-23 10:00:00 am","73.5","93.5","76.3","71.5","point"
"2024-03-23 12:00:00 pm","75.6","90.2","79.0","72.5","point"
"2024-03-23 02:00:00 pm","79.6","81.7","85.3","73.5","point"
"2024-03-23 04:00:00 pm","80.7","76.7","86.2","72.7","point"
"2024-03-23 06:00:00 pm","77.2","87.2","81.3","73.1","point"
"2024-03-23 08:00:00 pm","75.0","93.5","78.3","73.0","point"
"2024-03-23 10:00:00 pm","73.0","95.5","75.7","71.7","point"
"2024-03-24 12:00:00 am","72.3","96.1","74.8","71.2","point"
"2024-03-24 02:00:00 am","71.0","97.0","72.9","70.1","point"
"2024-03-24 04:00:00 am","68.2","97.5","69.8","67.4","point"
"2024-03-24 06:00:00 am","66.2","97.8","67.5","65.5","point"
"2024-03-24 08:00:00 am","67.2","99.1","68.7","66.9","point"
"2024-03-24 10:00:00 am","73.2","97.6","76.3","72.4","point"
"2024-03-24 12:00:00 pm","80.4","78.9","86.2","73.3","point"
"2024-03-24 02:00:00 pm","80.4","78.9","86.2","73.2","point"
"2024-03-24 04:00:00 pm","80.4","77.7","86.2","72.8","point"
"2024-03-24 06:00:00 pm","77.3","85.8","81.0","72.7","point"
"2024-03-24 08:00:00 pm","74.9","92.6","78.3","72.6","point"
"2024-03-24 10:00:00 pm","73.5","96.1","76.5","72.3","point"
"2024-03-25 12:00:00 am","72.7","97.2","75.6","71.9","point"
"2024-03-25 02:00:00 am","69.5","97.2","71.2","68.7","point"
"2024-03-25 04:00:00 am","69.3","98.5","71.2","68.9","point"
"2024-03-25 06:00:00 am","66.4","97.9","68.0","65.8","point"
"2024-03-25 08:00:00 am","66.4","99.2","68.0","66.2","point"
"2024-03-25 10:00:00 am","71.0","90.3","72.7","68.1","point"
"2024-03-25 12:00:00 pm","76.2","73.3","77.4","67.1","point"
"2024-03-25 02:00:00 pm","82.5","64.7","86.5","69.4","point"
"2024-03-25 04:00:00 pm","81.3","66.6","84.9","69.1","point"
"2024-03-25 06:00:00 pm","76.8","79.5","79.2","70.0","point"
"2024-03-25 08:00:00 pm","75.3","91.4","78.6","72.6","point"
"2024-03-25 10:00:00 pm","74.0","94.3","77.2","72.2","point"
"2024-03-26 12:00:00 am","70.8","96.1","72.7","69.6","point"
"2024-03-26 02:00:00 am","66.5","95.0","67.6","65.0","point"
"2024-03-26 04:00:00 am","63.5","96.4","64.6","62.4","point"
"2024-03-26 06:00:00 am","62.4","97.4","63.5","61.7","point"
"2024-03-26 08:00:00 am","64.7","98.9","65.8","64.4","point"
"2024-03-26 10:00:00 am","71.8","94.5","74.1","70.1","point"
"2024-03-26 12:00:00 pm","81.1","71.4","85.6","70.9","point"
"2024-03-26 02:00:00 pm","81.7","70.7","86.7","71.2","point"
"2024-03-26 04:00:00 pm","80.1","74.4","84.7","71.2","point"
"2024-03-26 06:00:00 pm","77.0","87.1","80.8","72.9","point"
"2024-03-26 08:00:00 pm","75.2","93.2","78.4","73.1","point"
"2024-03-26 10:00:00 pm","73.9","95.0","76.8","72.3","point"
"2024-03-27 12:00:00 am","72.1","95.9","74.5","70.8","point"
"2024-03-27 02:00:00 am","71.8","97.7","74.3","71.1","point"
"2024-03-27 04:00:00 am","71.1","97.5","73.0","70.3","point"
"2024-03-27 06:00:00 am","70.1","97.0","71.8","69.2","point"
"2024-03-27 08:00:00 am","68.3","97.5","69.8","67.6","point"
"2024-03-27 10:00:00 am","73.0","92.9","75.4","70.8","point"
"2024-03-27 12:00:00 pm","78.3","72.0","81.0","68.6","point"
"2024-03-27 02:00:00 pm","81.8","73.3","87.4","72.4","point"
"2024-03-27 04:00:00 pm","81.4","74.3","86.9","72.4","point"
"2024-03-27 06:00:00 pm","78.2","86.6","83.1","73.8","point"
"2024-03-27 08:00:00 pm","75.4","93.7","79.0","73.4","point"
"2024-03-27 10:00:00 pm","73.7","95.3","76.8","72.3","point"
"2024-03-28 12:00:00 am","71.2","96.4","73.0","70.1","point"
"2024-03-28 02:00:00 am","67.8","96.6","69.1","66.8","point"
"2024-03-28 04:00:00 am","64.8","97.0","65.8","63.9","point"
"2024-03-28 06:00:00 am","62.6","97.2","63.5","61.8","point"
"2024-03-28 08:00:00 am","64.5","99.0","65.7","64.2","point"
"2024-03-28 10:00:00 am","71.7","94.8","73.9","70.1","point"
"2024-03-28 12:00:00 pm","77.2","77.4","79.3","69.5","point"
"2024-03-28 02:00:00 pm","82.9","69.5","88.7","71.9","point"
"2024-03-28 04:00:00 pm","81.1","75.3","86.5","72.5","point"
"2024-03-28 06:00:00 pm","78.6","87.3","84.0","74.5","point"
"2024-03-28 08:00:00 pm","75.6","93.3","79.2","73.5","point"
"2024-03-28 10:00:00 pm","74.0","94.9","77.2","72.4","point"
"2024-03-29 12:00:00 am","73.1","95.7","75.9","71.8","point"
"2024-03-29 02:00:00 am","72.2","96.6","74.7","71.2","point"
"2024-03-29 04:00:00 am","69.1","97.1","70.7","68.3","point"
"2024-03-29 06:00:00 am","66.5","97.2","67.8","65.6","point"
"2024-03-29 08:00:00 am","67.4","98.7","68.9","67.0","point"
"2024-03-29 10:00:00 am","71.9","91.7","73.9","69.3","point"
"2024-03-29 12:00:00 pm","80.1","75.4","84.9","71.6","point"
"2024-03-29 02:00:00 pm","81.0","74.3","86.4","72.1","point"
"2024-03-29 04:00:00 pm","80.2","79.4","86.0","73.2","point"
"2024-03-29 06:00:00 pm","76.8","84.7","79.9","71.8","point"
"2024-03-29 08:00:00 pm","74.1","90.5","76.8","71.1","point"
"2024-03-29 10:00:00 pm","72.6","92.8","75.0","70.4","point"
"2024-03-30 12:00:00 am","69.4","95.4","70.9","68.0","point"
"2024-03-30 02:00:00 am","67.4","96.6","68.7","66.4","point"
"2024-03-30 04:00:00 am","63.9","95.6","64.8","62.6","point"
"2024-03-30 06:00:00 am","62.1","96.7","63.1","61.1","point"
"2024-03-30 08:00:00 am","64.1","98.5","65.3","63.6","point"
"2024-03-30 10:00:00 am","71.4","92.4","73.2","69.1","point"
"2024-03-30 12:00:00 pm","80.2","70.8","84.0","69.8","point"
"2024-03-30 02:00:00 pm","82.4","65.6","86.9","69.7","point"
"2024-03-30 04:00:00 pm","80.7","73.5","85.5","71.5","point"
"2024-03-30 06:00:00 pm","77.1","82.9","80.2","71.5","point"
"2024-03-30 08:00:00 pm","74.0","88.4","76.5","70.3","point"
"2024-03-30 10:00:00 pm","72.8","92.7","75.2","70.6","point"
"2024-03-31 12:00:00 am","71.8","92.6","73.9","69.5","point"
"2024-03-31 02:00:00 am","70.7","94.5","72.3","69.0","point"
"2024-03-31 04:00:00 am","67.0","95.9","68.4","65.8","point"
"2024-03-31 06:00:00 am","64.1","96.8","65.1","63.2","point"
"2024-03-31 08:00:00 am","65.3","98.5","66.7","64.9","point"
"2024-03-31 10:00:00 am","70.9","91.2","72.7","68.2","point"
"2024-03-31 12:00:00 pm","81.4","70.3","86.0","70.7","point"
"2024-03-31 02:00:00 pm","81.4","72.0","86.5","71.5","point"
"2024-03-31 04:00:00 pm","80.4","74.7","85.1","71.6","point"
"2024-03-31 06:00:00 pm","77.2","82.9","80.6","71.6","point"
"2024-03-31 08:00:00 pm","75.5","93.3","79.0","73.5","point"
"2024-03-31 10:00:00 pm","73.7","96.0","76.8","72.5","point"
"2024-04-01 12:00:00 am","72.8","96.3","75.4","71.6","point"
"2024-04-01 02:00:00 am","72.0","97.2","74.5","71.2","point"
"2024-04-01 04:00:00 am","71.4","97.3","73.4","70.6","point"
"2024-04-01 06:00:00 am","70.1","97.8","72.0","69.4","point"
"2024-04-01 08:00:00 am","71.5","98.4","73.8","71.0","point"
"2024-04-01 10:00:00 am","74.2","91.7","77.2","71.6","point"
"2024-04-01 12:00:00 pm","79.4","78.5","84.2","72.1","point"
"2024-04-01 02:00:00 pm","81.7","69.6","86.4","70.8","point"
"2024-04-01 04:00:00 pm","81.2","74.9","86.7","72.4","point"
"2024-04-01 06:00:00 pm","77.5","84.2","81.1","72.3","point"
"2024-04-01 08:00:00 pm","76.1","93.4","80.1","74.1","point"
"2024-04-01 10:00:00 pm","74.7","95.4","78.3","73.3","point"
"2024-04-02 12:00:00 am","74.0","96.0","77.2","72.8","point"
"2024-04-02 02:00:00 am","72.7","95.7","75.4","71.4","point"
"2024-04-02 04:00:00 am","69.5","96.5","71.2","68.5","point"
"2024-04-02 06:00:00 am","67.0","97.0","68.4","66.1","point"
"2024-04-02 08:00:00 am","67.9","98.6","69.6","67.5","point"
"2024-04-02 10:00:00 am","72.3","91.2","74.7","69.6","point"
"2024-04-02 12:00:00 pm","81.5","71.7","86.4","71.5","point"
"2024-04-02 02:00:00 pm","82.7","73.9","89.6","73.5","point"
"2024-04-02 04:00:00 pm","81.2","77.8","87.6","73.6","point"
"2024-04-02 06:00:00 pm","78.3","87.1","83.7","74.1","point"
"2024-04-02 08:00:00 pm","76.0","92.9","79.7","73.8","point"
"2024-04-02 10:00:00 pm","74.3","96.5","77.5","73.2","point"
"2024-04-03 12:00:00 am","73.3","97.7","76.5","72.6","point"
"2024-04-03 02:00:00 am","72.9","98.0","75.9","72.3","point"
"2024-04-03 04:00:00 am","72.3","98.3","75.2","71.8","point"
"2024-04-03 06:00:00 am","71.2","97.6","73.2","70.4","point"
"2024-04-03 08:00:00 am","71.0","96.8","72.9","70.0","point"
"2024-04-03 10:00:00 am","73.7","87.9","76.1","69.9","point"
"2024-04-03 12:00:00 pm","79.8","75.7","84.4","71.4","point"
"2024-04-03 02:00:00 pm","81.7","73.8","87.6","72.5","point"
"2024-04-03 04:00:00 pm","82.0","74.5","88.2","73.1","point"
"2024-04-03 06:00:00 pm","78.4","85.3","83.3","73.6","point"
"2024-04-03 08:00:00 pm","75.2","91.0","78.4","72.4","point"
"2024-04-03 10:00:00 pm","73.9","93.1","76.6","71.8","point"
"2024-04-04 12:00:00 am","71.6","95.6","73.9","70.3","point"
"2024-04-04 02:00:00 am","69.7","96.2","71.4","68.6","point"
"2024-04-04 04:00:00 am","67.4","96.7","68.7","66.4","point"
"2024-04-04 06:00:00 am","65.6","97.1","66.7","64.8","point"
"2024-04-04 08:00:00 am","67.0","98.6","68.5","66.6","point"
"2024-04-04 10:00:00 am","72.0","88.7","73.9","68.5","point"
"2024-04-04 12:00:00 pm","80.8","66.1","84.2","68.5","point"
"2024-04-04 02:00:00 pm","82.4","70.2","87.6","71.7","point"
"2024-04-04 04:00:00 pm","81.2","76.0","87.1","72.9","point"
"2024-04-04 06:00:00 pm","78.5","80.3","82.8","72.0","point"
"2024-04-04 08:00:00 pm","76.0","91.9","79.5","73.4","point"
"2024-04-04 10:00:00 pm","73.8","94.9","76.8","72.2","point"
"2024-04-05 12:00:00 am","73.0","95.0","75.7","71.5","point"
"2024-04-05 02:00:00 am","71.2","96.1","73.0","70.0","point"
"2024-04-05 04:00:00 am","69.0","96.2","70.5","67.8","point"
"2024-04-05 06:00:00 am","66.1","96.7","67.3","65.1","point"
"2024-04-05 08:00:00 am","67.4","98.6","68.9","66.9","point"
"2024-04-05 10:00:00 am","72.6","89.8","74.7","69.5","point"
"2024-04-05 12:00:00 pm","81.3","71.8","86.2","71.3","point"
"2024-04-05 02:00:00 pm","82.3","75.7","89.2","73.9","point"
"2024-04-05 04:00:00 pm","81.2","79.6","88.2","74.3","point"
"2024-04-05 06:00:00 pm","78.9","84.7","84.6","73.9","point"
"2024-04-05 08:00:00 pm","76.0","91.6","79.5","73.3","point"
"2024-04-05 10:00:00 pm","74.2","94.3","77.4","72.5","point"
"2024-04-06 12:00:00 am","72.5","95.0","74.8","71.0","point"
"2024-04-06 02:00:00 am","70.7","96.7","72.3","69.7","point"
"2024-04-06 04:00:00 am","69.0","97.8","70.7","68.3","point"
"2024-04-06 06:00:00 am","67.6","97.6","69.1","66.9","point"
"2024-04-06 08:00:00 am","67.5","97.4","68.9","66.7","point"
"2024-04-06 10:00:00 am","74.1","89.6","76.6","70.8","point"
"2024-04-06 12:00:00 pm","83.6","72.3","91.2","73.7","point"
"2024-04-06 02:00:00 pm","85.9","68.5","95.5","74.3","point"
"2024-04-06 04:00:00 pm","83.0","74.5","90.7","74.1","point"
"2024-04-06 06:00:00 pm","79.9","81.7","86.0","73.8","point"
"2024-04-06 08:00:00 pm","76.7","92.1","80.8","74.2","point"
"2024-04-06 10:00:00 pm","75.0","93.6","78.3","73.0","point"
"2024-04-07 12:00:00 am","74.2","96.1","77.5","73.0","point"
"2024-04-07 02:00:00 am","73.7","97.2","76.8","72.8","point"
"2024-04-07 04:00:00 am","73.3","97.4","76.3","72.4","point"
"2024-04-07 06:00:00 am","72.5","96.9","75.2","71.6","point"
"2024-04-07 08:00:00 am","72.7","95.0","75.4","71.2","point"
"2024-04-07 10:00:00 am","75.0","90.0","77.9","71.9","point"
"2024-04-07 12:00:00 pm","80.2","76.6","85.3","72.2","point"
"2024-04-07 02:00:00 pm","82.1","75.7","88.9","73.7","point"
"2024-04-07 04:00:00 pm","81.6","75.8","87.8","73.2","point"
"2024-04-07 06:00:00 pm","77.5","83.5","81.1","72.1","point"
"2024-04-07 08:00:00 pm","74.0","87.8","76.5","70.1","point"
"2024-04-07 10:00:00 pm","73.6","92.5","76.5","71.3","point"
"2024-04-08 12:00:00 am","72.1","93.3","74.1","70.0","point"
"2024-04-08 02:00:00 am","70.4","94.7","72.1","68.8","point"
"2024-04-08 04:00:00 am","67.4","95.7","68.7","66.1","point"
"2024-04-08 06:00:00 am","64.7","95.3","65.5","63.3","point"
"2024-04-08 08:00:00 am","66.0","97.4","67.1","65.2","point"
"2024-04-08 10:00:00 am","72.2","87.5","74.1","68.3","point"
"2024-04-08 12:00:00 pm","81.8","61.2","84.4","67.2","point"
"2024-04-08 02:00:00 pm","84.2","60.7","88.7","69.1","point"
"2024-04-08 04:00:00 pm","82.5","66.9","87.1","70.4","point"
"2024-04-08 06:00:00 pm","79.5","79.0","84.4","72.4","point"
"2024-04-08 08:00:00 pm","75.3","85.2","77.9","70.6","point"
"2024-04-08 10:00:00 pm","74.3","91.0","77.0","71.5","point"
"2024-04-09 12:00:00 am","71.0","93.7","72.7","69.1","point"
"2024-04-09 02:00:00 am","67.9","94.9","69.3","66.4","point"
"2024-04-09 04:00:00 am","63.6","94.1","64.4","61.9","point"
"2024-04-09 06:00:00 am","61.6","95.1","62.4","60.2","point"
"2024-04-09 08:00:00 am","62.9","95.1","63.7","61.4","point"
"2024-04-09 10:00:00 am","72.6","91.0","74.8","69.9","point"
"2024-04-09 12:00:00 pm","81.3","71.7","86.2","71.3","point"
"2024-04-09 02:00:00 pm","82.6","66.4","87.4","70.3","point"
"2024-04-09 04:00:00 pm","82.7","69.0","88.2","71.5","point"
"2024-04-09 06:00:00 pm","79.1","81.6","84.2","73.0","point"
"2024-04-09 08:00:00 pm","75.7","89.2","78.8","72.3","point"
"2024-04-09 10:00:00 pm","74.1","92.3","76.8","71.7","point"
"2024-04-10 12:00:00 am","72.2","93.5","74.5","70.2","point"
"2024-04-10 02:00:00 am","68.8","95.2","70.3","67.4","point"
"2024-04-10 04:00:00 am","66.0","95.5","66.9","64.6","point"
"2024-04-10 06:00:00 am","64.5","96.1","65.5","63.4","point"
"2024-04-10 08:00:00 am","67.3","97.7","68.9","66.6","point"
"2024-04-10 10:00:00 am","74.6","92.2","77.5","72.2","point"
"2024-04-10 12:00:00 pm","79.4","72.6","83.1","69.9","point"
"2024-04-10 02:00:00 pm","83.3","71.4","90.5","73.1","point"
"2024-04-10 04:00:00 pm","82.9","71.5","89.2","72.7","point"
"2024-04-10 06:00:00 pm","78.5","77.7","82.2","70.9","point"
"2024-04-10 08:00:00 pm","73.9","85.4","75.9","69.2","point"
"2024-04-10 10:00:00 pm","72.1","92.1","74.1","69.7","point"
"2024-04-11 12:00:00 am","69.5","94.6","71.1","67.9","point"
"2024-04-11 02:00:00 am","67.2","95.5","68.4","65.9","point"
"2024-04-11 04:00:00 am","65.2","95.5","66.2","63.9","point"
"2024-04-11 06:00:00 am","63.2","96.2","64.2","62.1","point"
"2024-04-11 08:00:00 am","65.5","97.7","66.9","64.9","point"
"2024-04-11 10:00:00 am","72.2","90.8","74.3","69.4","point"
"2024-04-11 12:00:00 pm","80.0","74.1","84.4","71.0","point"
"2024-04-11 02:00:00 pm","82.1","69.1","87.1","71.0","point"
"2024-04-11 04:00:00 pm","82.7","66.3","87.4","70.3","point"
"2024-04-11 06:00:00 pm","78.0","79.3","81.7","71.0","point"
"2024-04-11 08:00:00 pm","73.7","84.3","75.7","68.6","point"
"2024-04-11 10:00:00 pm","70.1","91.8","71.6","67.6","point"
"2024-04-12 12:00:00 am","67.9","94.5","69.3","66.2","point"
"2024-04-12 02:00:00 am","65.9","94.9","66.9","64.4","point"
"2024-04-12 04:00:00 am","64.5","95.8","65.5","63.2","point"
"2024-04-12 06:00:00 am","63.9","96.7","64.9","63.0","point"
"2024-04-12 08:00:00 am","66.5","97.7","68.0","65.8","point"
"2024-04-12 10:00:00 am","72.8","91.3","75.2","70.1","point"
"2024-04-12 12:00:00 pm","77.6","77.7","80.4","70.1","point"
"2024-04-12 02:00:00 pm","82.6","69.3","88.2","71.6","point"
"2024-04-12 04:00:00 pm","82.4","64.8","86.2","69.3","point"
"2024-04-12 06:00:00 pm","76.0","78.8","77.9","69.0","point"
"2024-04-12 08:00:00 pm","74.3","91.4","77.2","71.6","point"
"2024-04-12 10:00:00 pm","72.6","93.7","75.0","70.7","point"
"2024-04-13 12:00:00 am","71.0","95.2","72.9","69.6","point"
"2024-04-13 02:00:00 am","69.0","95.7","70.5","67.7","point"
"2024-04-13 04:00:00 am","66.2","95.8","67.5","65.0","point"
"2024-04-13 06:00:00 am","63.8","96.2","64.8","62.7","point"
"2024-04-13 08:00:00 am","65.9","97.3","67.1","65.1","point"
"2024-04-13 10:00:00 am","71.7","91.0","73.6","69.0","point"
"2024-04-13 12:00:00 pm","78.9","73.9","82.2","69.9","point"
"2024-04-13 02:00:00 pm","82.0","71.4","87.6","71.9","point"
"2024-04-13 04:00:00 pm","79.4","73.9","83.3","70.3","point"
"2024-04-13 06:00:00 pm","76.2","82.2","78.6","70.4","point"
"2024-04-13 08:00:00 pm","72.8","89.9","74.8","69.7","point"
"2024-04-13 10:00:00 pm","70.1","96.9","71.8","69.1","point"
"2024-04-14 12:00:00 am","68.7","97.6","70.3","68.0","point"
"2024-04-14 02:00:00 am","67.3","97.7","68.9","66.7","point"
"2024-04-14 04:00:00 am","65.9","98.0","67.3","65.2","point"
"2024-04-14 06:00:00 am","65.7","98.3","67.1","65.2","point"
"2024-04-14 08:00:00 am","67.6","99.3","69.1","67.4","point"
"2024-04-14 10:00:00 am","73.3","97.0","76.3","72.4","point"
"2024-04-14 12:00:00 pm","77.4","87.2","81.7","73.3","point"
"2024-04-14 02:00:00 pm","81.3","81.3","88.5","75.0","point"
"2024-04-14 04:00:00 pm","81.6","79.5","88.9","74.7","point"
"2024-04-14 06:00:00 pm","76.8","88.2","80.2","73.0","point"
"2024-04-14 08:00:00 pm","75.6","92.9","79.2","73.4","point"
"2024-04-14 10:00:00 pm","74.6","94.8","77.9","73.0","point"
"2024-04-15 12:00:00 am","71.4","95.6","73.4","70.1","point"
"2024-04-15 02:00:00 am","68.8","96.1","70.3","67.6","point"
"2024-04-15 04:00:00 am","66.3","96.4","67.5","65.3","point"
"2024-04-15 06:00:00 am","64.7","96.9","65.7","63.8","point"
"2024-04-15 08:00:00 am","67.6","98.6","69.1","67.2","point"
"2024-04-15 10:00:00 am","72.7","91.3","75.0","70.0","point"
"2024-04-15 12:00:00 pm","78.4","73.2","81.1","69.1","point"
"2024-04-15 02:00:00 pm","81.1","60.0","82.9","65.9","point"
"2024-04-15 04:00:00 pm","82.6","51.6","83.7","63.0","point"
"2024-04-15 06:00:00 pm","80.2","78.8","85.8","73.0","point"
"2024-04-15 08:00:00 pm","76.3","88.8","79.7","72.8","point"
"2024-04-15 10:00:00 pm","74.6","92.2","77.5","72.1","point"
"2024-04-16 12:00:00 am","70.4","93.8","72.0","68.5","point"
"2024-04-16 02:00:00 am","68.4","95.0","69.8","66.9","point"
"2024-04-16 04:00:00 am","66.1","95.8","67.3","64.9","point"
"2024-04-16 06:00:00 am","64.8","96.1","65.8","63.6","point"
"2024-04-16 08:00:00 am","67.0","97.8","68.5","66.3","point"
"2024-04-16 10:00:00 am","73.7","90.2","76.3","70.6","point"
"2024-04-16 12:00:00 pm","80.0","78.4","85.3","72.7","point"
"2024-04-16 02:00:00 pm","83.3","71.8","90.7","73.2","point"
"2024-04-16 04:00:00 pm","82.4","74.5","88.9","73.4","point"
"2024-04-16 06:00:00 pm","78.9","84.0","84.4","73.7","point"
"2024-04-16 08:00:00 pm","75.7","90.4","79.0","72.7","point"
"2024-04-16 10:00:00 pm","74.4","93.2","77.5","72.3","point"
"2024-04-17 12:00:00 am","72.9","94.3","75.6","71.2","point"
"2024-04-17 02:00:00 am","70.3","95.0","72.0","68.8","point"
"2024-04-17 04:00:00 am","67.8","95.7","69.1","66.5","point"
"2024-04-17 06:00:00 am","66.5","96.3","67.8","65.3","point"
"2024-04-17 08:00:00 am","68.6","96.7","70.2","67.6","point"
"2024-04-17 10:00:00 am","72.8","90.3","75.0","69.8","point"
"2024-04-17 12:00:00 pm","77.3","80.6","80.4","70.9","point"
"2024-04-17 02:00:00 pm","80.6","74.8","85.5","71.8","point"
"2024-04-17 04:00:00 pm","79.9","77.8","85.1","72.3","point"
"2024-04-17 06:00:00 pm","76.8","87.7","80.2","72.8","point"
"2024-04-17 08:00:00 pm","74.2","89.9","76.8","71.0","point"
"2024-04-17 10:00:00 pm","71.1","93.2","72.9","69.0","point"
"2024-04-18 12:00:00 am","69.3","95.4","70.9","67.9","point"
"2024-04-18 02:00:00 am","69.0","96.4","70.5","67.9","point"
"2024-04-18 04:00:00 am","67.2","96.6","68.5","66.2","point"
"2024-04-18 06:00:00 am","65.0","96.1","66.2","63.9","point"
"2024-04-18 08:00:00 am","65.9","96.1","67.1","64.7","point"
"2024-04-18 10:00:00 am","72.1","84.7","73.6","67.2","point"
"2024-04-18 12:00:00 pm","79.4","73.4","83.1","70.1","point"
"2024-04-18 02:00:00 pm","84.0","65.5","90.0","71.2","point"
"2024-04-18 04:00:00 pm","80.6","75.9","85.6","72.2","point"
"2024-04-18 06:00:00 pm","78.9","85.2","84.6","74.1","point"
"2024-04-18 08:00:00 pm","75.5","92.9","79.0","73.2","point"
"2024-04-18 10:00:00 pm","68.9","99.8","70.9","68.8","point"
"2024-04-19 12:00:00 am","70.9","100.0","73.0","70.9","point"
"2024-04-19 02:00:00 am","71.4","100.0","73.6","71.4","point"
"2024-04-19 04:00:00 am","72.0","100.0","74.7","72.0","point"
"2024-04-19 06:00:00 am","71.8","100.0","74.5","71.8","point"
"2024-04-19 08:00:00 am","72.3","100.0","75.0","72.3","point"
"2024-04-19 10:00:00 am","74.0","100.0","77.7","74.0","point"
"2024-04-19 12:00:00 pm","76.6","99.8","81.5","76.5","point"
"2024-04-19 02:00:00 pm","79.7","96.3","88.9","78.5","point"
"2024-04-19 04:00:00 pm","78.9","89.2","85.3","75.5","point"
"2024-04-19 06:00:00 pm","77.2","94.5","82.4","75.5","point"
"2024-04-19 08:00:00 pm","74.4","96.2","77.7","73.2","point"
"2024-04-19 10:00:00 pm","66.6","99.5","68.2","66.4","point"
"2024-04-20 12:00:00 am","68.4","100.0","70.2","68.4","point"
"2024-04-20 02:00:00 am","69.9","100.0","71.8","69.9","point"
"2024-04-20 04:00:00 am","68.9","100.0","70.9","68.9","point"
"2024-04-20 06:00:00 am","69.1","100.0","71.1","69.1","point"
"2024-04-20 08:00:00 am","67.7","100.0","69.4","67.7","point"
"2024-04-20 10:00:00 am","69.5","100.0","71.4","69.5","point"
"2024-04-20 12:00:00 pm","72.6","100.0","75.6","72.6","point"
"2024-04-20 02:00:00 pm","74.0","100.0","77.7","74.0","point"
"2024-04-20 04:00:00 pm","74.7","100.0","78.8","74.7","point"
"2024-04-20 06:00:00 pm","73.6","100.0","77.2","73.6","point"
"2024-04-20 08:00:00 pm","71.1","100.0","73.4","71.1","point"
"2024-04-20 10:00:00 pm","69.0","100.0","70.9","69.0","point"
"2024-04-21 12:00:00 am","67.6","99.8","69.3","67.6","point"
"2024-04-21 02:00:00 am","66.5","99.5","68.0","66.4","point"
"2024-04-21 04:00:00 am","65.8","99.3","67.1","65.6","point"
"2024-04-21 06:00:00 am","64.8","99.2","66.0","64.5","point"
"2024-04-21 08:00:00 am","67.4","99.9","69.1","67.4","point"
"2024-04-21 10:00:00 am","72.8","99.9","75.7","72.7","point"
"2024-04-21 12:00:00 pm","76.7","95.5","81.3","75.3","point"
"2024-04-21 02:00:00 pm","80.3","90.3","88.9","77.2","point"
"2024-04-21 04:00:00 pm","79.7","91.6","87.4","77.0","point"
"2024-04-21 06:00:00 pm","77.2","94.9","82.6","75.7","point"
"2024-04-21 08:00:00 pm","76.0","97.1","80.2","75.1","point"
"2024-04-21 10:00:00 pm","74.6","98.6","78.3","74.1","point"
"2024-04-22 12:00:00 am","73.9","99.0","77.4","73.5","point"
"2024-04-22 02:00:00 am","73.3","98.9","76.6","73.0","point"
"2024-04-22 04:00:00 am","71.7","97.8","74.1","71.1","point"
"2024-04-22 06:00:00 am","70.2","98.1","72.1","69.6","point"
"2024-04-22 08:00:00 am","70.4","98.5","72.3","69.9","point"
"2024-04-22 10:00:00 am","75.0","95.0","78.4","73.5","point"
"2024-04-22 12:00:00 pm","79.0","87.5","85.5","74.9","point"
"2024-04-22 02:00:00 pm","80.2","82.2","86.5","74.3","point"
"2024-04-22 04:00:00 pm","78.8","88.3","84.7","75.0","point"
"2024-04-22 06:00:00 pm","74.2","98.4","77.7","73.8","point"
"2024-04-22 08:00:00 pm","72.7","97.3","75.6","71.9","point"
"2024-04-22 10:00:00 pm","72.7","97.6","75.7","71.9","point"
"2024-04-23 12:00:00 am","71.3","97.4","73.4","70.6","point"
"2024-04-23 02:00:00 am","69.4","98.0","71.2","68.8","point"
"2024-04-23 04:00:00 am","67.6","97.9","69.1","66.9","point"
"2024-04-23 06:00:00 am","65.4","97.6","66.7","64.7","point"
"2024-04-23 08:00:00 am","68.0","98.4","69.8","67.6","point"
"2024-04-23 10:00:00 am","73.9","95.5","77.0","72.5","point"
"2024-04-23 12:00:00 pm","79.0","89.7","85.8","75.7","point"
"2024-04-23 02:00:00 pm","82.2","80.8","90.1","75.7","point"
"2024-04-23 04:00:00 pm","81.2","82.1","88.7","75.2","point"
"2024-04-23 06:00:00 pm","78.5","92.0","85.1","76.0","point"
"2024-04-23 08:00:00 pm","76.2","95.2","80.4","74.8","point"
"2024-04-23 10:00:00 pm","74.9","96.4","78.6","73.9","point"
"2024-04-24 12:00:00 am","74.1","97.2","77.4","73.2","point"
"2024-04-24 02:00:00 am","73.6","97.4","76.8","72.8","point"
"2024-04-24 04:00:00 am","72.8","98.3","75.7","72.3","point"
"2024-04-24 06:00:00 am","71.9","97.9","74.3","71.3","point"
"2024-04-24 08:00:00 am","72.8","98.7","75.7","72.4","point"
"2024-04-24 10:00:00 am","74.8","93.4","77.9","72.8","point"
"2024-04-24 12:00:00 pm","78.2","87.2","83.3","74.1","point"
"2024-04-24 02:00:00 pm","81.6","79.5","88.9","74.6","point"
"2024-04-24 04:00:00 pm","80.7","79.0","86.9","73.6","point"
"2024-04-24 06:00:00 pm","77.8","86.9","82.4","73.6","point"
"2024-04-24 08:00:00 pm","75.6","89.9","78.8","72.4","point"
"2024-04-24 10:00:00 pm","73.3","94.6","76.1","71.7","point"
"2024-04-25 12:00:00 am","73.1","95.0","75.9","71.6","point"
"2024-04-25 02:00:00 am","69.8","95.9","71.6","68.6","point"
"2024-04-25 04:00:00 am","67.6","96.4","68.9","66.5","point"
"2024-04-25 06:00:00 am","65.3","96.6","66.6","64.3","point"
"2024-04-25 08:00:00 am","67.5","98.2","69.1","67.0","point"
"2024-04-25 10:00:00 am","73.7","92.8","76.5","71.5","point"
"2024-04-25 12:00:00 pm","79.5","77.5","84.0","71.8","point"
"2024-04-25 02:00:00 pm","82.4","59.9","84.9","67.0","point"
"2024-04-25 04:00:00 pm","80.5","82.6","87.4","74.8","point"
"2024-04-25 06:00:00 pm","78.7","85.6","84.2","74.0","point"
"2024-04-25 08:00:00 pm","74.6","88.0","77.2","70.8","point"
"2024-04-25 10:00:00 pm","73.7","93.5","76.5","71.7","point"
"2024-04-26 12:00:00 am","73.0","93.9","75.6","71.1","point"
"2024-04-26 02:00:00 am","69.5","95.6","71.1","68.2","point"
"2024-04-26 04:00:00 am","65.8","94.9","66.7","64.3","point"
"2024-04-26 06:00:00 am","63.8","95.6","64.6","62.5","point"
"2024-04-26 08:00:00 am","66.5","97.2","67.8","65.7","point"
"2024-04-26 10:00:00 am","74.2","89.9","76.8","71.1","point"
"2024-04-26 12:00:00 pm","79.3","81.1","84.4","73.0","point"
"2024-04-26 02:00:00 pm","82.0","75.1","88.3","73.3","point"
"2024-04-26 04:00:00 pm","82.3","77.4","89.6","74.5","point"
"2024-04-26 06:00:00 pm","78.5","83.1","83.3","72.9","point"
"2024-04-26 08:00:00 pm","74.8","89.5","77.5","71.5","point"
"2024-04-26 10:00:00 pm","74.7","92.6","77.9","72.4","point"
"2024-04-27 12:00:00 am","73.1","94.8","75.9","71.5","point"
"2024-04-27 02:00:00 am","70.4","95.5","72.1","69.0","point"
"2024-04-27 04:00:00 am","66.1","93.9","67.1","64.3","point"
"2024-04-27 06:00:00 am","64.6","95.6","65.5","63.3","point"
"2024-04-27 08:00:00 am","67.0","95.9","68.4","65.8","point"
"2024-04-27 10:00:00 am","74.7","89.0","77.5","71.2","point"
"2024-04-27 12:00:00 pm","79.4","73.2","83.1","70.0","point"
"2024-04-27 02:00:00 pm","83.8","72.3","91.8","73.9","point"
"2024-04-27 04:00:00 pm","83.8","70.3","91.2","73.1","point"
"2024-04-27 06:00:00 pm","79.9","86.7","87.3","75.6","point"
"2024-04-27 08:00:00 pm","76.9","92.2","81.1","74.4","point"
"2024-04-27 10:00:00 pm","75.6","94.0","79.3","73.7","point"
"2024-04-28 12:00:00 am","74.7","95.7","78.3","73.3","point"
"2024-04-28 02:00:00 am","72.7","95.5","75.4","71.3","point"
"2024-04-28 04:00:00 am","70.3","96.5","72.0","69.3","point"
"2024-04-28 06:00:00 am","71.1","97.6","73.2","70.3","point"
"2024-04-28 08:00:00 am","72.0","97.0","74.5","71.1","point"
"2024-04-28 10:00:00 am","74.8","90.9","77.7","72.0","point"
"2024-04-28 12:00:00 pm","82.7","78.6","90.9","75.3","point"
"2024-04-28 02:00:00 pm","84.4","76.1","94.5","76.0","point"
"2024-04-28 04:00:00 pm","83.1","78.6","91.9","75.7","point"
"2024-04-28 06:00:00 pm","79.9","84.0","86.5","74.6","point"
"2024-04-28 08:00:00 pm","76.8","90.7","81.0","73.9","point"
"2024-04-28 10:00:00 pm","75.5","95.0","79.3","74.0","point"
"2024-04-29 12:00:00 am","74.1","92.0","76.8","71.6","point"
"2024-04-29 02:00:00 am","70.5","95.2","72.3","69.1","point"
"2024-04-29 04:00:00 am","69.2","96.4","70.7","68.1","point"
"2024-04-29 06:00:00 am","67.6","96.5","68.9","66.6","point"
"2024-04-29 08:00:00 am","70.8","98.3","72.9","70.3","point"
"2024-04-29 10:00:00 am","73.5","87.7","75.7","69.6","point"
"2024-04-29 12:00:00 pm","81.5","69.2","85.8","70.4","point"
"2024-04-29 02:00:00 pm","83.0","73.2","90.3","73.5","point"
"2024-04-29 04:00:00 pm","82.6","76.1","90.1","74.3","point"
"2024-04-29 06:00:00 pm","78.8","85.5","84.6","74.1","point"
"2024-04-29 08:00:00 pm","77.5","91.2","82.2","74.7","point"
"2024-04-29 10:00:00 pm","75.0","94.1","78.4","73.2","point"
"2024-04-30 12:00:00 am","72.7","95.1","75.4","71.2","point"
"2024-04-30 02:00:00 am","71.3","96.5","73.4","70.3","point"
"2024-04-30 04:00:00 am","69.5","95.0","71.1","68.1","point"
"2024-04-30 06:00:00 am","65.9","95.9","67.1","64.7","point"
"2024-04-30 08:00:00 am","69.4","97.7","71.2","68.7","point"
"2024-04-30 10:00:00 am","75.1","91.6","78.4","72.5","point"
"2024-04-30 12:00:00 pm","79.6","80.3","84.9","73.0","point"
"2024-04-30 02:00:00 pm","81.9","78.8","89.4","74.7","point"
"2024-04-30 04:00:00 pm","80.5","80.8","86.9","74.1","point"
"2024-04-30 06:00:00 pm","78.5","89.2","84.6","75.0","point"
"2024-04-30 08:00:00 pm","77.0","92.8","81.9","74.8","point"
"2024-04-30 10:00:00 pm","75.1","96.0","78.8","73.9","point"
"2024-05-01 12:00:00 am","74.1","94.4","77.2","72.4","point"
"2024-05-01 02:00:00 am","73.6","96.8","76.8","72.6","point"
"2024-05-01 04:00:00 am","73.3","97.0","76.3","72.4","point"
"2024-05-01 06:00:00 am","72.9","96.3","75.7","71.8","point"
"2024-05-01 08:00:00 am","73.7","95.0","76.6","72.2","point"
"2024-05-01 10:00:00 am","76.5","88.7","80.1","73.0","point"
"2024-05-01 12:00:00 pm","80.0","81.9","86.0","73.9","point"
"2024-05-01 02:00:00 pm","81.7","77.4","88.5","73.9","point"
"2024-05-01 04:00:00 pm","81.6","79.7","88.9","74.7","point"
"2024-05-01 06:00:00 pm","79.0","85.3","84.9","74.2","point"
"2024-05-01 08:00:00 pm","76.5","92.1","80.4","74.0","point"
"2024-05-01 10:00:00 pm","75.0","93.2","78.3","72.9","point"
"2024-05-02 12:00:00 am","73.9","93.5","76.6","71.9","point"
"2024-05-02 02:00:00 am","73.4","94.3","76.1","71.6","point"
"2024-05-02 04:00:00 am","72.2","94.4","74.7","70.5","point"
"2024-05-02 06:00:00 am","70.3","96.2","72.0","69.1","point"
"2024-05-02 08:00:00 am","72.3","97.2","74.7","71.5","point"
"2024-05-02 10:00:00 am","77.2","89.8","81.7","74.0","point"
"2024-05-02 12:00:00 pm","81.4","80.1","88.5","74.7","point"
"2024-05-02 02:00:00 pm","83.8","76.1","93.0","75.4","point"
"2024-05-02 04:00:00 pm","83.8","77.2","93.4","75.8","point"
"2024-05-02 06:00:00 pm","80.7","83.9","88.0","75.3","point"
"2024-05-02 08:00:00 pm","77.6","91.9","82.9","75.0","point"
"2024-05-02 10:00:00 pm","76.9","94.0","81.5","75.0","point"
"2024-05-03 12:00:00 am","75.5","95.8","79.3","74.2","point"
"2024-05-03 02:00:00 am","75.1","96.6","79.0","74.0","point"
"2024-05-03 04:00:00 am","73.0","92.2","75.4","70.6","point"
"2024-05-03 06:00:00 am","68.7","89.4","69.8","65.5","point"
"2024-05-03 08:00:00 am","69.6","87.1","70.9","65.6","point"
"2024-05-03 10:00:00 am","73.1","82.7","74.8","67.5","point"
"2024-05-03 12:00:00 pm","77.8","87.4","82.6","73.7","point"
"2024-05-03 02:00:00 pm","79.4","83.9","85.5","74.1","point"
"2024-05-03 04:00:00 pm","80.6","81.4","87.1","74.3","point"
"2024-05-03 06:00:00 pm","78.4","86.1","83.5","73.9","point"
"2024-05-03 08:00:00 pm","75.5","89.6","78.4","72.3","point"
"2024-05-03 10:00:00 pm","72.8","91.0","75.0","70.0","point"
"2024-05-04 12:00:00 am","70.3","94.3","72.0","68.5","point"
"2024-05-04 02:00:00 am","68.5","95.7","69.8","67.2","point"
"2024-05-04 04:00:00 am","67.2","96.3","68.5","66.1","point"
"2024-05-04 06:00:00 am","67.1","97.3","68.5","66.3","point"
"2024-05-04 08:00:00 am","70.8","98.8","72.9","70.5","point"
"2024-05-04 10:00:00 am","75.5","90.0","78.4","72.4","point"
"2024-05-04 12:00:00 pm","80.2","77.3","85.3","72.4","point"
"2024-05-04 02:00:00 pm","82.1","73.2","88.2","72.7","point"
"2024-05-04 04:00:00 pm","81.7","68.5","86.2","70.4","point"
"2024-05-04 06:00:00 pm","78.7","76.7","82.4","70.8","point"
"2024-05-04 08:00:00 pm","76.2","88.6","79.3","72.6","point"
"2024-05-04 10:00:00 pm","73.7","91.2","76.3","70.9","point"
"2024-05-05 12:00:00 am","71.6","94.4","73.6","69.9","point"
"2024-05-05 02:00:00 am","69.9","92.2","71.4","67.5","point"
"2024-05-05 04:00:00 am","68.7","94.2","70.3","67.0","point"
"2024-05-05 06:00:00 am","65.7","95.2","66.7","64.3","point"
"2024-05-05 08:00:00 am","68.3","97.3","69.8","67.5","point"
"2024-05-05 10:00:00 am","73.2","85.2","75.0","68.5","point"
"2024-05-05 12:00:00 pm","78.2","73.8","81.0","69.1","point"
"2024-05-05 02:00:00 pm","80.4","64.6","83.3","67.4","point"
"2024-05-05 04:00:00 pm","80.9","70.8","85.3","70.5","point"
"2024-05-05 06:00:00 pm","77.8","77.1","80.8","70.1","point"
"2024-05-05 08:00:00 pm","74.4","89.7","77.0","71.2","point"
"2024-05-05 10:00:00 pm","73.9","93.8","76.6","72.0","point"
"2024-05-06 12:00:00 am","72.3","92.8","74.7","70.2","point"
"2024-05-06 02:00:00 am","71.9","93.9","74.1","70.0","point"
"2024-05-06 04:00:00 am","71.8","95.0","74.1","70.3","point"
"2024-05-06 06:00:00 am","71.7","95.8","73.9","70.5","point"
"2024-05-06 08:00:00 am","72.3","92.8","74.5","70.1","point"
"2024-05-06 10:00:00 am","74.3","86.7","76.8","70.1","point"
"2024-05-06 12:00:00 pm","78.4","81.6","82.6","72.2","point"
"2024-05-06 02:00:00 pm","81.1","76.2","86.9","72.9","point"
"2024-05-06 04:00:00 pm","80.4","76.7","85.8","72.5","point"
"2024-05-06 06:00:00 pm","77.6","84.7","81.7","72.6","point"
"2024-05-06 08:00:00 pm","75.3","89.6","78.3","72.1","point"
"2024-05-06 10:00:00 pm","73.9","92.9","76.6","71.7","point"
"2024-05-07 12:00:00 am","73.7","95.4","76.8","72.3","point"
"2024-05-07 02:00:00 am","73.3","96.2","76.3","72.2","point"
"2024-05-07 04:00:00 am","72.8","97.0","75.6","71.9","point"
"2024-05-07 06:00:00 am","72.1","96.8","74.5","71.1","point"
"2024-05-07 08:00:00 am","69.8","97.4","71.4","69.0","point"
"2024-05-07 10:00:00 am","72.5","100.0","75.2","72.5","point"
"2024-05-07 12:00:00 pm","76.5","96.9","81.1","75.6","point"
"2024-05-07 02:00:00 pm","79.7","89.1","86.9","76.2","point"
"2024-05-07 04:00:00 pm","76.6","95.7","81.0","75.3","point"
"2024-05-07 06:00:00 pm","75.8","98.2","80.2","75.3","point"
"2024-05-07 08:00:00 pm","74.4","99.6","78.3","74.2","point"
"2024-05-07 10:00:00 pm","74.1","100.0","77.7","74.1","point"
"2024-05-08 12:00:00 am","73.3","100.0","76.6","73.3","point"
"2024-05-08 02:00:00 am","72.6","100.0","75.6","72.6","point"
"2024-05-08 04:00:00 am","72.0","100.0","74.7","72.0","point"
"2024-05-08 06:00:00 am","70.3","99.9","72.1","70.3","point"
"2024-05-08 08:00:00 am","72.3","100.0","75.0","72.3","point"
"2024-05-08 10:00:00 am","74.0","100.0","77.7","74.0","point"
"2024-05-08 12:00:00 pm","77.2","93.6","82.2","75.2","point"
"2024-05-08 02:00:00 pm","80.7","89.6","89.6","77.4","point"
"2024-05-08 04:00:00 pm","81.4","86.0","90.1","76.8","point"
"2024-05-08 06:00:00 pm","67.8","99.7","69.6","67.7","point"
"2024-05-08 08:00:00 pm","67.7","100.0","69.4","67.7","point"
"2024-05-08 10:00:00 pm","70.5","100.0","72.3","70.5","point"
"2024-05-09 12:00:00 am","71.4","100.0","73.6","71.4","point"
"2024-05-09 02:00:00 am","69.5","100.0","71.4","69.5","point"
"2024-05-09 04:00:00 am","68.2","100.0","70.0","68.2","point"
"2024-05-09 06:00:00 am","67.8","100.0","69.6","67.8","point"
"2024-05-09 08:00:00 am","71.0","100.0","73.0","71.0","point"
"2024-05-09 10:00:00 am","73.0","100.0","76.1","73.0","point"
"2024-05-09 12:00:00 pm","75.8","100.0","80.4","75.8","point"
"2024-05-09 02:00:00 pm","78.3","88.8","84.0","74.7","point"
"2024-05-09 04:00:00 pm","67.9","94.5","69.3","66.3","point"
"2024-05-09 06:00:00 pm","68.9","99.7","70.5","68.8","point"
"2024-05-09 08:00:00 pm","69.1","100.0","70.9","69.1","point"
"2024-05-09 10:00:00 pm","71.2","100.0","73.4","71.2","point"
"2024-05-10 12:00:00 am","70.6","100.0","72.5","70.6","point"
"2024-05-10 02:00:00 am","71.2","100.0","73.4","71.2","point"
"2024-05-10 04:00:00 am","70.3","100.0","72.1","70.3","point"
"2024-05-10 06:00:00 am","69.8","100.0","71.6","69.8","point"
"2024-05-10 08:00:00 am","70.9","100.0","73.0","70.9","point"
"2024-05-10 10:00:00 am","72.6","100.0","75.6","72.6","point"
"2024-05-10 12:00:00 pm","77.1","95.6","82.2","75.7","point"
"2024-05-10 02:00:00 pm","77.4","89.4","82.0","74.0","point"
"2024-05-10 04:00:00 pm","76.5","93.3","80.6","74.4","point"
"2024-05-10 06:00:00 pm","76.0","95.5","80.1","74.6","point"
"2024-05-10 08:00:00 pm","75.2","97.1","79.0","74.3","point"
"2024-05-10 10:00:00 pm","74.1","97.8","77.5","73.4","point"
"2024-05-11 12:00:00 am","73.5","97.8","76.8","72.8","point"
"2024-05-11 02:00:00 am","70.5","96.1","72.3","69.4","point"
"2024-05-11 04:00:00 am","69.8","95.9","71.6","68.6","point"
"2024-05-11 06:00:00 am","68.6","97.6","70.3","67.9","point"
"2024-05-11 08:00:00 am","69.6","97.8","71.6","69.0","point"
"2024-05-11 10:00:00 am","73.9","96.0","77.0","72.6","point"
"2024-05-11 12:00:00 pm","79.3","87.2","85.6","75.1","point"
"2024-05-11 02:00:00 pm","80.6","84.7","88.3","75.6","point"
"2024-05-11 04:00:00 pm","71.7","98.6","74.1","71.3","point"
"2024-05-11 06:00:00 pm","70.3","99.2","72.1","70.0","point"
"2024-05-11 08:00:00 pm","70.1","99.5","72.0","70.0","point"
"2024-05-11 10:00:00 pm","70.2","99.8","72.1","70.2","point"
"2024-05-12 12:00:00 am","71.2","99.9","73.4","71.1","point"
"2024-05-12 02:00:00 am","71.6","100.0","73.9","71.6","point"
"2024-05-12 04:00:00 am","70.7","100.0","72.9","70.7","point"
"2024-05-12 06:00:00 am","70.2","100.0","72.1","70.2","point"
"2024-05-12 08:00:00 am","71.7","100.0","74.1","71.7","point"
"2024-05-12 10:00:00 am","74.2","99.9","77.9","74.2","point"
"2024-05-12 12:00:00 pm","76.8","97.8","81.7","76.1","point"
"2024-05-12 02:00:00 pm","76.8","97.9","81.7","76.2","point"
"2024-05-12 04:00:00 pm","70.6","84.7","71.8","65.8","point"
"2024-05-12 06:00:00 pm","68.3","99.2","70.0","68.0","point"
"2024-05-12 08:00:00 pm","68.9","99.6","70.9","68.8","point"
"2024-05-12 10:00:00 pm","67.7","99.6","69.4","67.6","point"
"2024-05-13 12:00:00 am","67.9","99.7","69.6","67.9","point"
"2024-05-13 02:00:00 am","68.5","99.8","70.2","68.4","point"
"2024-05-13 04:00:00 am","69.5","--","--","--","point"
"2024-05-13 06:00:00 am","65.8","100.0","67.3","65.8","point"
"2024-05-13 08:00:00 am","66.6","100.0","68.2","66.6","point"
"2024-05-13 10:00:00 am","68.1","100.0","69.8","68.1","point"
"2024-05-13 12:00:00 pm","72.5","100.0","75.6","72.5","point"
"2024-05-13 02:00:00 pm","74.7","99.7","78.8","74.6","point"
"2024-05-13 04:00:00 pm","76.5","94.0","80.8","74.7","point"
"2024-05-13 06:00:00 pm","74.3","98.2","78.1","73.8","point"
"2024-05-13 08:00:00 pm","72.3","98.6","75.2","71.9","point"
"2024-05-13 10:00:00 pm","70.9","98.7","73.0","70.5","point"
"2024-05-14 12:00:00 am","68.9","98.5","70.7","68.5","point"
"2024-05-14 02:00:00 am","69.1","99.0","70.9","68.8","point"
"2024-05-14 04:00:00 am","69.8","99.3","71.8","69.6","point"
"2024-05-14 06:00:00 am","69.1","99.2","70.9","68.9","point"
"2024-05-14 08:00:00 am","69.9","99.6","71.8","69.8","point"
"2024-05-14 10:00:00 am","71.8","99.6","74.5","71.7","point"
"2024-05-14 12:00:00 pm","75.3","94.2","79.0","73.5","point"
"2024-05-14 02:00:00 pm","77.4","89.1","82.0","73.9","point"
"2024-05-14 04:00:00 pm","75.8","94.5","79.7","74.1","point"
"2024-05-14 06:00:00 pm","74.3","98.7","77.7","73.9","point"
"2024-05-14 08:00:00 pm","72.9","99.1","76.1","72.6","point"
"2024-05-14 10:00:00 pm","73.0","99.4","76.1","72.8","point"
"2024-05-15 12:00:00 am","72.3","99.6","75.2","72.2","point"
"2024-05-15 02:00:00 am","72.2","99.6","75.0","72.1","point"
"2024-05-15 04:00:00 am","71.8","99.7","74.5","71.7","point"
"2024-05-15 06:00:00 am","71.7","99.7","74.1","71.6","point"
"2024-05-15 08:00:00 am","68.1","99.6","69.8","67.9","point"
"2024-05-15 10:00:00 am","72.8","99.8","75.7","72.7","point"
"2024-05-15 12:00:00 pm","75.2","99.1","79.5","74.9","point"
"2024-05-15 02:00:00 pm","78.0","95.2","84.6","76.5","point"
"2024-05-15 04:00:00 pm","79.5","88.4","86.4","75.7","point"
"2024-05-15 06:00:00 pm","71.2","98.5","73.2","70.7","point"
"2024-05-15 08:00:00 pm","71.0","99.2","73.0","70.8","point"
"2024-05-15 10:00:00 pm","70.7","99.5","72.5","70.5","point"
"2024-05-16 12:00:00 am","72.0","99.6","74.7","71.9","point"
"2024-05-16 02:00:00 am","72.0","99.6","74.7","71.9","point"
"2024-05-16 04:00:00 am","70.0","99.8","72.0","70.0","point"
"2024-05-16 06:00:00 am","69.7","99.8","71.6","69.6","point"
"2024-05-16 08:00:00 am","71.6","99.8","74.1","71.6","point"
"2024-05-16 10:00:00 am","73.4","99.7","76.8","73.3","point"
"2024-05-16 12:00:00 pm","76.1","99.0","81.0","75.8","point"
"2024-05-16 02:00:00 pm","76.3","93.8","80.4","74.4","point"
"2024-05-16 04:00:00 pm","77.3","92.9","82.2","75.1","point"
"2024-05-16 06:00:00 pm","74.0","96.5","77.4","72.9","point"
"2024-05-16 08:00:00 pm","69.6","98.6","71.6","69.2","point"
"2024-05-16 10:00:00 pm","70.1","99.1","72.0","69.9","point"
"2024-05-17 12:00:00 am","69.9","99.3","71.8","69.7","point"
