"Device Name","#2815161"
"Device Model","Kestrel DROP 2"
"Serial Number","2815161"
"FORMATTED DATE_TIME","Temperature","Relative Humidity","Heat Index","Dew Point","Data Type","Record name","Start time","Duration (H:M:S)","Location description","Location address","Location coordinates","Notes"
"YYYY-MM-DD HH:MM:SS","°F","%","°F","°F"
"2024-01-15 09:00:00 am","69.9","77.2","70.5","62.4","point"
"2024-01-15 11:00:00 am","69.5","89.0","70.7","66.1","point"
"2024-01-15 01:00:00 pm","72.6","71.0","73.2","62.6","point"
"2024-01-15 03:00:00 pm","74.9","66.0","75.4","62.7","point"
"2024-01-15 05:00:00 pm","73.2","71.0","73.9","63.2","point"
"2024-01-15 07:00:00 pm","69.7","79.8","70.5","63.2","point"
"2024-01-15 09:00:00 pm","67.7","85.6","68.4","63.2","point"
"2024-01-15 11:00:00 pm","66.5","91.5","67.3","64.0","point"
"2024-01-16 01:00:00 am","66.6","87.3","67.1","62.7","point"
"2024-01-16 03:00:00 am","66.3","84.8","66.6","61.6","point"
"2024-01-16 05:00:00 am","65.0","81.2","64.8","59.1","point"
"2024-01-16 07:00:00 am","61.7","88.5","62.1","58.3","point"
"2024-01-16 09:00:00 am","63.8","92.4","64.4","61.5","point"
"2024-01-16 11:00:00 am","68.3","88.8","69.3","64.9","point"
"2024-01-16 01:00:00 pm","72.7","71.1","73.6","62.8","point"
"2024-01-16 03:00:00 pm","74.9","70.9","75.9","64.8","point"
"2024-01-16 05:00:00 pm","72.7","83.2","74.5","67.3","point"
"2024-01-16 07:00:00 pm","68.2","90.7","69.4","65.3","point"
"2024-01-16 09:00:00 pm","67.4","95.2","68.7","66.0","point"
"2024-01-16 11:00:00 pm","66.6","97.5","68.2","65.9","point"
"2024-01-17 01:00:00 am","65.7","98.0","67.1","65.1","point"
"2024-01-17 03:00:00 am","65.2","98.5","66.6","64.7","point"
"2024-01-17 05:00:00 am","64.7","99.2","65.8","64.5","point"
"2024-01-17 07:00:00 am","64.9","99.1","66.0","64.7","point"
"2024-01-17 09:00:00 am","65.6","98.9","66.9","65.2","point"
"2024-01-17 11:00:00 am","69.3","92.1","70.7","66.9","point"
"2024-01-17 01:00:00 pm","73.4","79.5","75.0","66.7","point"
"2024-01-17 03:00:00 pm","75.0","73.6","76.1","66.0","point"
"2024-01-17 05:00:00 pm","73.2","76.4","74.5","65.3","point"
"2024-01-17 07:00:00 pm","69.1","81.5","69.8","63.2","point"
"2024-01-17 09:00:00 pm","67.5","95.1","68.9","66.0","point"
"2024-01-17 11:00:00 pm","66.6","97.7","68.2","65.9","point"
"2024-01-18 01:00:00 am","66.0","98.4","67.3","65.5","point"
"2024-01-18 03:00:00 am","64.6","98.3","65.8","64.1","point"
"2024-01-18 05:00:00 am","64.6","98.0","65.7","64.0","point"
"2024-01-18 07:00:00 am","64.2","98.1","65.5","63.7","point"
"2024-01-18 09:00:00 am","65.9","97.8","67.3","65.2","point"
"2024-01-18 11:00:00 am","69.4","91.2","70.7","66.7","point"
"2024-01-18 01:00:00 pm","72.1","81.6","73.6","66.2","point"
"2024-01-18 03:00:00 pm","72.6","83.8","74.3","67.4","point"
"2024-01-18 05:00:00 pm","72.8","81.5","74.3","66.8","point"
"2024-01-18 07:00:00 pm","69.0","91.8","70.3","66.5","point"
"2024-01-18 09:00:00 pm","68.3","96.7","69.8","67.3","point"
"2024-01-18 11:00:00 pm","67.3","98.2","68.9","66.8","point"
"2024-01-19 01:00:00 am","67.2","99.0","68.7","66.9","point"
"2024-01-19 03:00:00 am","66.8","99.7","68.4","66.7","point"
"2024-01-19 05:00:00 am","65.9","99.6","67.5","65.8","point"
"2024-01-19 07:00:00 am","64.7","98.7","65.8","64.3","point"
"2024-01-19 09:00:00 am","65.7","100.0","67.3","65.7","point"
"2024-01-19 11:00:00 am","69.3","95.2","70.9","67.8","point"
"2024-01-19 01:00:00 pm","71.1","86.5","72.7","66.8","point"
"2024-01-19 03:00:00 pm","72.1","88.3","73.9","68.4","point"
"2024-01-19 05:00:00 pm","72.8","88.5","74.8","69.2","point"
"2024-01-19 07:00:00 pm","69.2","94.8","70.7","67.6","point"
"2024-01-19 09:00:00 pm","68.1","98.2","69.8","67.6","point"
"2024-01-19 11:00:00 pm","67.0","98.7","68.5","66.6","point"
"2024-01-20 01:00:00 am","66.2","98.6","67.6","65.8","point"
"2024-01-20 03:00:00 am","64.9","99.8","66.2","64.9","point"
"2024-01-20 05:00:00 am","63.6","99.2","64.8","63.4","point"
"2024-01-20 07:00:00 am","62.9","100.0","64.2","62.9","point"
"2024-01-20 09:00:00 am","64.6","100.0","66.0","64.6","point"
"2024-01-20 11:00:00 am","68.6","97.8","70.3","68.0","point"
"2024-01-20 01:00:00 pm","71.0","88.3","72.5","67.3","point"
"2024-01-20 03:00:00 pm","73.9","82.7","75.7","68.3","point"
"2024-01-20 05:00:00 pm","74.3","85.2","76.5","69.5","point"
"2024-01-20 07:00:00 pm","70.4","94.1","72.1","68.6","point"
"2024-01-20 09:00:00 pm","68.8","95.7","70.3","67.5","point"
"2024-01-20 11:00:00 pm","67.9","98.1","69.6","67.4","point"
"2024-01-21 01:00:00 am","67.2","99.5","68.9","67.1","point"
"2024-01-21 03:00:00 am","67.2","100.0","68.9","67.2","point"
"2024-01-21 05:00:00 am","65.4","100.0","66.9","65.4","point"
"2024-01-21 07:00:00 am","65.2","100.0","66.7","65.2","point"
"2024-01-21 09:00:00 am","65.9","100.0","67.5","65.9","point"
"2024-01-21 11:00:00 am","69.4","97.6","71.2","68.7","point"
"2024-01-21 01:00:00 pm","73.5","81.2","75.2","67.4","point"
"2024-01-21 03:00:00 pm","77.0","63.5","77.5","63.6","point"
"2024-01-21 05:00:00 pm","75.2","76.3","76.8","67.2","point"
"2024-01-21 07:00:00 pm","71.1","86.0","72.5","66.7","point"
"2024-01-21 09:00:00 pm","69.5","95.8","71.2","68.2","point"
"2024-01-21 11:00:00 pm","68.4","97.9","70.2","67.7","point"
"2024-01-22 01:00:00 am","67.8","98.7","69.6","67.5","point"
"2024-01-22 03:00:00 am","67.5","98.9","69.1","67.2","point"
"2024-01-22 05:00:00 am","65.2","99.3","66.6","65.0","point"
"2024-01-22 07:00:00 am","65.0","100.0","66.6","65.0","point"
"2024-01-22 09:00:00 am","66.2","100.0","67.8","66.2","point"
"2024-01-22 11:00:00 am","69.6","94.8","71.1","68.0","point"
"2024-01-22 01:00:00 pm","73.9","77.2","75.2","66.3","point"
"2024-01-22 03:00:00 pm","75.6","80.8","77.7","69.2","point"
"2024-01-22 05:00:00 pm","74.9","77.5","76.5","67.4","point"
"2024-01-22 07:00:00 pm","71.2","85.9","72.5","66.7","point"
"2024-01-22 09:00:00 pm","69.9","97.2","71.6","69.0","point"
"2024-01-22 11:00:00 pm","68.9","98.1","70.5","68.3","point"
"2024-01-23 01:00:00 am","67.7","98.3","69.3","67.2","point"
"2024-01-23 03:00:00 am","66.7","97.7","68.2","66.1","point"
"2024-01-23 05:00:00 am","65.5","99.0","66.9","65.2","point"
"2024-01-23 07:00:00 am","64.8","90.5","65.3","62.0","point"
"2024-01-23 09:00:00 am","66.5","96.7","67.8","65.5","point"
"2024-01-23 11:00:00 am","69.9","89.3","71.2","66.6","point"
"2024-01-23 01:00:00 pm","73.8","80.8","75.6","67.6","point"
"2024-01-23 03:00:00 pm","73.7","85.8","75.7","69.2","point"
"2024-01-23 05:00:00 pm","74.0","82.9","75.9","68.5","point"
"2024-01-23 07:00:00 pm","70.1","85.5","71.2","65.5","point"
"2024-01-23 09:00:00 pm","67.6","89.1","68.4","64.3","point"
"2024-01-23 11:00:00 pm","65.9","92.1","66.7","63.5","point"
"2024-01-24 01:00:00 am","65.2","94.3","66.2","63.5","point"
"2024-01-24 03:00:00 am","64.4","91.5","64.8","61.8","point"
"2024-01-24 05:00:00 am","63.3","86.0","63.1","59.0","point"
"2024-01-24 07:00:00 am","61.8","88.5","62.1","58.4","point"
"2024-01-24 09:00:00 am","65.5","83.1","65.5","60.2","point"
"2024-01-24 11:00:00 am","70.1","78.2","70.7","62.9","point"
"2024-01-24 01:00:00 pm","73.1","71.2","73.9","63.2","point"
"2024-01-24 03:00:00 pm","73.9","69.3","74.7","63.2","point"
"2024-01-24 05:00:00 pm","72.6","72.1","73.4","63.1","point"
"2024-01-24 07:00:00 pm","68.0","81.5","68.5","62.2","point"
"2024-01-24 09:00:00 pm","65.7","89.5","66.2","62.5","point"
"2024-01-24 11:00:00 pm","63.7","86.0","63.7","59.4","point"
"2024-01-25 01:00:00 am","64.2","74.6","63.3","56.0","point"
"2024-01-25 03:00:00 am","64.3","65.0","62.4","52.3","point"
"2024-01-25 05:00:00 am","64.8","74.9","63.9","56.6","point"
"2024-01-25 07:00:00 am","63.2","79.1","62.8","56.7","point"
"2024-01-25 09:00:00 am","65.3","85.0","65.5","60.7","point"
"2024-01-25 11:00:00 am","69.7","79.8","70.5","63.2","point"
"2024-01-25 01:00:00 pm","71.1","74.3","72.0","62.5","point"
"2024-01-25 03:00:00 pm","73.3","74.7","74.3","64.7","point"
"2024-01-25 05:00:00 pm","72.1","77.2","73.4","64.6","point"
"2024-01-25 07:00:00 pm","67.7","86.1","68.4","63.4","point"
"2024-01-25 09:00:00 pm","66.5","95.2","67.6","65.0","point"
"2024-01-25 11:00:00 pm","65.3","96.3","66.6","64.2","point"
"2024-01-26 01:00:00 am","65.0","95.8","66.2","63.8","point"
"2024-01-26 03:00:00 am","63.9","96.1","64.9","62.7","point"
"2024-01-26 05:00:00 am","64.4","94.6","65.3","62.8","point"
"2024-01-26 07:00:00 am","62.2","96.5","63.1","61.2","point"
"2024-01-26 09:00:00 am","63.9","97.7","65.1","63.2","point"
"2024-01-26 11:00:00 am","67.2","91.1","68.2","64.5","point"
"2024-01-26 01:00:00 pm","72.1","68.2","72.5","61.0","point"
"2024-01-26 03:00:00 pm","73.1","65.6","73.4","60.9","point"
"2024-01-26 05:00:00 pm","73.8","57.2","73.4","57.7","point"
"2024-01-26 07:00:00 pm","70.1","79.8","70.9","63.5","point"
"2024-01-26 09:00:00 pm","67.6","87.8","68.4","63.8","point"
"2024-01-26 11:00:00 pm","66.3","86.4","66.7","62.1","point"
"2024-01-27 01:00:00 am","64.6","75.5","63.9","56.7","point"
"2024-01-27 03:00:00 am","61.3","75.4","60.4","53.4","point"
"2024-01-27 05:00:00 am","59.6","88.2","59.9","56.1","point"
"2024-01-27 07:00:00 am","59.2","91.5","59.7","56.7","point"
"2024-01-27 09:00:00 am","62.0","95.9","63.0","60.8","point"
"2024-01-27 11:00:00 am","67.0","85.2","67.5","62.4","point"
"2024-01-27 01:00:00 pm","70.4","72.2","71.1","61.0","point"
"2024-01-27 03:00:00 pm","73.9","56.3","73.2","57.3","point"
"2024-01-27 05:00:00 pm","73.7","56.5","73.2","57.3","point"
"2024-01-27 07:00:00 pm","69.6","61.4","69.3","55.8","point"
"2024-01-27 09:00:00 pm","67.3","65.6","66.2","55.4","point"
"2024-01-27 11:00:00 pm","65.9","68.1","64.6","55.0","point"
"2024-01-28 01:00:00 am","63.1","77.6","62.4","56.0","point"
"2024-01-28 03:00:00 am","61.2","84.7","61.2","56.5","point"
"2024-01-28 05:00:00 am","60.1","90.1","60.6","57.2","point"
"2024-01-28 07:00:00 am","59.6","94.8","60.4","58.1","point"
"2024-01-28 09:00:00 am","62.4","97.0","63.3","61.5","point"
"2024-01-28 11:00:00 am","65.7","87.2","66.0","61.8","point"
"2024-01-28 01:00:00 pm","70.8","68.0","71.2","59.7","point"
"2024-01-28 03:00:00 pm","73.3","61.2","73.2","59.2","point"
"2024-01-28 05:00:00 pm","73.4","61.2","73.4","59.3","point"
"2024-01-28 07:00:00 pm","70.4","71.1","70.9","60.5","point"
"2024-01-28 09:00:00 pm","67.6","78.1","67.5","60.5","point"
"2024-01-28 11:00:00 pm","66.0","85.6","66.2","61.5","point"
"2024-01-29 01:00:00 am","64.9","83.4","64.9","59.8","point"
"2024-01-29 03:00:00 am","64.1","73.7","63.1","55.5","point"
"2024-01-29 05:00:00 am","61.8","80.3","61.3","55.6","point"
"2024-01-29 07:00:00 am","60.6","88.2","60.6","57.1","point"
"2024-01-29 09:00:00 am","62.6","91.7","63.1","60.2","point"
"2024-01-29 11:00:00 am","67.0","89.6","67.8","63.8","point"
"2024-01-29 01:00:00 pm","70.3","74.5","70.9","61.8","point"
"2024-01-29 03:00:00 pm","73.2","63.6","73.6","60.1","point"
"2024-01-29 05:00:00 pm","73.8","70.9","74.7","63.8","point"
"2024-01-29 07:00:00 pm","69.8","77.3","70.5","62.4","point"
"2024-01-29 09:00:00 pm","67.1","83.6","67.6","62.0","point"
"2024-01-29 11:00:00 pm","65.2","87.2","65.5","61.3","point"
"2024-01-30 01:00:00 am","65.0","67.5","63.5","54.0","point"
"2024-01-30 03:00:00 am","63.8","69.9","62.4","53.8","point"
"2024-01-30 05:00:00 am","62.3","75.4","61.5","54.4","point"
"2024-01-30 07:00:00 am","59.9","86.1","59.9","55.7","point"
"2024-01-30 09:00:00 am","61.6","90.4","62.1","58.7","point"
"2024-01-30 11:00:00 am","68.2","83.6","68.9","63.0","point"
"2024-01-30 01:00:00 pm","73.0","67.3","73.4","61.5","point"
"2024-01-30 03:00:00 pm","75.8","62.7","75.9","62.2","point"
"2024-01-30 05:00:00 pm","74.3","55.6","73.6","57.4","point"
"2024-01-30 07:00:00 pm","69.1","69.3","68.9","58.6","point"
"2024-01-30 09:00:00 pm","67.6","88.3","68.4","64.0","point"
"2024-01-30 11:00:00 pm","66.3","86.8","66.7","62.2","point"
"2024-01-31 01:00:00 am","66.2","74.5","65.7","57.9","point"
"2024-01-31 03:00:00 am","65.6","78.0","64.9","58.5","point"
"2024-01-31 05:00:00 am","65.5","77.8","64.9","58.4","point"
"2024-01-31 07:00:00 am","64.4","81.1","64.0","58.4","point"
"2024-01-31 09:00:00 am","65.5","87.9","65.8","61.8","point"
"2024-01-31 11:00:00 am","70.3","64.9","70.2","58.0","point"
"2024-01-31 01:00:00 pm","74.8","59.8","74.5","59.9","point"
"2024-01-31 03:00:00 pm","75.5","51.3","74.3","56.3","point"
"2024-01-31 05:00:00 pm","74.0","62.3","74.1","60.4","point"
"2024-01-31 07:00:00 pm","69.1","70.9","69.1","59.3","point"
"2024-01-31 09:00:00 pm","66.7","74.5","66.0","58.4","point"
"2024-01-31 11:00:00 pm","65.5","89.0","66.0","62.2","point"
"2024-02-01 01:00:00 am","65.1","92.9","65.8","63.0","point"
"2024-02-01 03:00:00 am","64.5","94.5","65.3","62.9","point"
"2024-02-01 05:00:00 am","63.7","92.2","64.4","61.4","point"
"2024-02-01 07:00:00 am","62.9","80.9","62.6","56.9","point"
"2024-02-01 09:00:00 am","65.4","73.1","64.2","56.5","point"
"2024-02-01 11:00:00 am","70.9","63.7","71.2","58.0","point"
"2024-02-01 01:00:00 pm","73.4","63.6","73.6","60.3","point"
"2024-02-01 03:00:00 pm","74.7","64.4","75.0","61.9","point"
"2024-02-01 05:00:00 pm","73.7","66.4","74.1","61.8","point"
"2024-02-01 07:00:00 pm","69.1","81.4","69.6","63.1","point"
"2024-02-01 09:00:00 pm","66.6","90.3","67.5","63.6","point"
"2024-02-01 11:00:00 pm","66.5","91.6","67.3","63.9","point"
"2024-02-02 01:00:00 am","65.9","92.7","66.7","63.7","point"
"2024-02-02 03:00:00 am","66.1","89.9","66.7","63.0","point"
"2024-02-02 05:00:00 am","64.5","91.3","64.9","61.8","point"
"2024-02-02 07:00:00 am","62.6","91.9","63.3","60.2","point"
"2024-02-02 09:00:00 am","63.8","93.1","64.4","61.8","point"
"2024-02-02 11:00:00 am","69.5","82.8","70.5","64.1","point"
"2024-02-02 01:00:00 pm","75.1","66.5","75.6","63.2","point"
"2024-02-02 03:00:00 pm","76.1","59.8","75.7","61.1","point"
"2024-02-02 05:00:00 pm","74.4","65.2","74.7","61.9","point"
"2024-02-02 07:00:00 pm","69.6","79.8","70.3","63.1","point"
"2024-02-02 09:00:00 pm","67.0","92.9","68.0","64.9","point"
"2024-02-02 11:00:00 pm","66.0","94.0","66.9","64.2","point"
"2024-02-03 01:00:00 am","66.0","87.6","66.4","62.2","point"
"2024-02-03 03:00:00 am","66.5","83.3","66.7","61.3","point"
"2024-02-03 05:00:00 am","64.2","74.8","63.1","56.0","point"
"2024-02-03 07:00:00 am","63.1","86.2","63.0","58.9","point"
"2024-02-03 09:00:00 am","65.3","90.7","65.8","62.5","point"
"2024-02-03 11:00:00 am","70.9","83.6","72.3","65.7","point"
"2024-02-03 01:00:00 pm","74.6","73.6","75.7","65.6","point"
"2024-02-03 03:00:00 pm","75.0","74.5","76.1","66.3","point"
"2024-02-03 05:00:00 pm","75.0","74.7","76.1","66.4","point"
"2024-02-03 07:00:00 pm","71.1","86.2","72.5","66.7","point"
"2024-02-03 09:00:00 pm","68.6","90.8","69.8","65.8","point"
"2024-02-03 11:00:00 pm","68.3","89.6","69.3","65.2","point"
"2024-02-04 01:00:00 am","67.5","92.2","68.7","65.1","point"
"2024-02-04 03:00:00 am","66.7","94.4","67.8","65.0","point"
"2024-02-04 05:00:00 am","66.3","94.8","67.5","64.8","point"
"2024-02-04 07:00:00 am","65.4","94.6","66.4","63.8","point"
"2024-02-04 09:00:00 am","66.4","94.6","67.6","64.8","point"
"2024-02-04 11:00:00 am","70.7","87.0","72.3","66.7","point"
"2024-02-04 01:00:00 pm","73.1","75.5","74.3","64.9","point"
"2024-02-04 03:00:00 pm","76.3","65.3","76.6","63.8","point"
"2024-02-04 05:00:00 pm","76.5","72.3","77.9","66.9","point"
"2024-02-04 07:00:00 pm","71.7","88.2","73.4","68.0","point"
"2024-02-04 09:00:00 pm","69.3","95.4","70.9","67.9","point"
"2024-02-04 11:00:00 pm","67.7","96.6","69.1","66.7","point"
"2024-02-05 01:00:00 am","67.0","96.0","68.4","65.9","point"
"2024-02-05 03:00:00 am","64.9","90.8","65.3","62.2","point"
"2024-02-05 05:00:00 am","62.2","90.5","62.6","59.3","point"
"2024-02-05 07:00:00 am","61.2","87.8","61.3","57.5","point"
"2024-02-05 09:00:00 am","63.6","90.3","64.0","60.7","point"
"2024-02-05 11:00:00 am","68.1","88.8","69.1","64.7","point"
"2024-02-05 01:00:00 pm","75.5","56.8","75.0","59.1","point"
"2024-02-05 03:00:00 pm","77.8","49.5","76.8","57.4","point"
"2024-02-05 05:00:00 pm","77.7","51.5","76.8","58.4","point"
"2024-02-05 07:00:00 pm","73.3","71.8","74.1","63.6","point"
"2024-02-05 09:00:00 pm","70.3","90.7","71.8","67.4","point"
"2024-02-05 11:00:00 pm","69.4","96.3","71.1","68.3","point"
"2024-02-06 01:00:00 am","66.7","95.5","67.8","65.4","point"
"2024-02-06 03:00:00 am","65.3","95.3","66.4","64.0","point"
"2024-02-06 05:00:00 am","62.3","87.1","62.4","58.4","point"
"2024-02-06 07:00:00 am","61.1","91.0","61.5","58.4","point"
"2024-02-06 09:00:00 am","64.0","89.1","64.2","60.7","point"
"2024-02-06 11:00:00 am","71.7","70.1","72.3","61.5","point"
"2024-02-06 01:00:00 pm","76.5","52.5","75.6","57.8","point"
"2024-02-06 03:00:00 pm","79.4","37.9","77.2","51.5","point"
"2024-02-06 05:00:00 pm","79.1","39.7","77.0","52.5","point"
"2024-02-06 07:00:00 pm","75.3","60.9","75.2","60.9","point"
"2024-02-06 09:00:00 pm","71.6","84.1","73.2","66.5","point"
"2024-02-06 11:00:00 pm","68.2","88.2","69.1","64.5","point"
"2024-02-07 01:00:00 am","67.2","78.5","67.1","60.3","point"
"2024-02-07 03:00:00 am","65.1","73.7","64.0","56.4","point"
"2024-02-07 05:00:00 am","63.6","76.9","62.8","56.2","point"
"2024-02-07 07:00:00 am","62.9","82.6","62.8","57.5","point"
"2024-02-07 09:00:00 am","65.8","83.3","65.8","60.5","point"
"2024-02-07 11:00:00 am","72.6","58.8","72.3","57.4","point"
"2024-02-07 01:00:00 pm","78.5","42.1","76.8","53.6","point"
"2024-02-07 03:00:00 pm","80.9","35.7","78.4","51.2","point"
"2024-02-07 05:00:00 pm","80.1","55.4","81.0","62.6","point"
"2024-02-07 07:00:00 pm","73.7","68.6","74.3","62.7","point"
"2024-02-07 09:00:00 pm","71.3","92.1","73.2","68.8","point"
"2024-02-07 11:00:00 pm","68.4","82.5","68.9","62.8","point"
"2024-02-08 01:00:00 am","68.0","82.7","68.5","62.5","point"
"2024-02-08 03:00:00 am","66.5","80.0","66.4","60.1","point"
"2024-02-08 05:00:00 am","64.3","77.9","63.7","57.3","point"
"2024-02-08 07:00:00 am","63.7","73.1","62.6","55.0","point"
"2024-02-08 09:00:00 am","66.7","74.3","66.0","58.2","point"
"2024-02-08 11:00:00 am","72.3","62.9","72.5","59.0","point"
"2024-02-08 01:00:00 pm","78.2","48.9","77.2","57.4","point"
"2024-02-08 03:00:00 pm","80.0","58.0","81.0","63.9","point"
"2024-02-08 05:00:00 pm","77.4","65.6","78.4","64.9","point"
"2024-02-08 07:00:00 pm","72.8","74.9","73.8","64.4","point"
"2024-02-08 09:00:00 pm","70.5","89.0","71.8","67.1","point"
"2024-02-08 11:00:00 pm","68.2","89.6","69.3","65.0","point"
"2024-02-09 01:00:00 am","68.1","78.0","68.2","61.0","point"
"2024-02-09 03:00:00 am","67.4","77.2","67.3","60.0","point"
"2024-02-09 05:00:00 am","64.6","83.3","64.4","59.4","point"
"2024-02-09 07:00:00 am","64.1","82.2","63.9","58.6","point"
"2024-02-09 09:00:00 am","67.4","81.3","67.6","61.5","point"
"2024-02-09 11:00:00 am","72.8","65.1","73.0","60.4","point"
"2024-02-09 01:00:00 pm","77.2","58.2","77.0","61.4","point"
"2024-02-09 03:00:00 pm","80.0","45.9","79.0","57.3","point"
"2024-02-09 05:00:00 pm","77.7","70.0","79.3","67.1","point"
"2024-02-09 07:00:00 pm","72.9","81.2","74.5","66.8","point"
"2024-02-09 09:00:00 pm","71.7","93.5","73.8","69.7","point"
"2024-02-09 11:00:00 pm","69.9","96.0","71.6","68.7","point"
"2024-02-10 01:00:00 am","67.8","95.5","69.1","66.4","point"
"2024-02-10 03:00:00 am","64.9","90.1","65.3","61.9","point"
"2024-02-10 05:00:00 am","63.6","89.6","63.9","60.5","point"
"2024-02-10 07:00:00 am","61.9","92.5","62.6","59.7","point"
"2024-02-10 09:00:00 am","63.7","94.3","64.6","62.1","point"
"2024-02-10 11:00:00 am","69.7","84.9","70.7","65.0","point"
"2024-02-10 01:00:00 pm","75.5","64.3","75.7","62.6","point"
"2024-02-10 03:00:00 pm","79.5","45.3","78.4","56.6","point"
"2024-02-10 05:00:00 pm","78.8","64.1","80.2","65.6","point"
"2024-02-10 07:00:00 pm","72.7","86.2","74.7","68.3","point"
"2024-02-10 09:00:00 pm","70.3","94.1","72.0","68.5","point"
"2024-02-10 11:00:00 pm","68.6","94.5","70.2","66.9","point"
"2024-02-11 01:00:00 am","67.4","93.4","68.5","65.4","point"
"2024-02-11 03:00:00 am","65.7","95.6","66.7","64.4","point"
"2024-02-11 05:00:00 am","63.1","95.8","64.0","61.8","point"
"2024-02-11 07:00:00 am","61.3","96.5","62.2","60.3","point"
"2024-02-11 09:00:00 am","64.5","96.0","65.5","63.3","point"
"2024-02-11 11:00:00 am","68.5","88.3","69.4","64.9","point"
"2024-02-11 01:00:00 pm","74.6","63.8","74.8","61.5","point"
"2024-02-11 03:00:00 pm","79.4","45.1","78.3","56.3","point"
"2024-02-11 05:00:00 pm","77.0","40.8","74.8","51.4","point"
"2024-02-11 07:00:00 pm","73.9","56.5","73.2","57.4","point"
"2024-02-11 09:00:00 pm","69.9","74.0","70.3","61.2","point"
"2024-02-11 11:00:00 pm","67.9","85.6","68.5","63.5","point"
"2024-02-12 01:00:00 am","65.9","77.4","65.5","58.6","point"
"2024-02-12 03:00:00 am","63.5","81.3","63.3","57.7","point"
"2024-02-12 05:00:00 am","62.3","84.7","62.2","57.7","point"
"2024-02-12 07:00:00 am","62.0","88.6","62.2","58.6","point"
"2024-02-12 09:00:00 am","63.6","84.9","63.5","59.0","point"
"2024-02-12 11:00:00 am","69.7","62.3","69.3","56.2","point"
"2024-02-12 01:00:00 pm","75.1","47.1","73.6","53.6","point"
"2024-02-12 03:00:00 pm","81.0","30.5","77.7","47.1","point"
"2024-02-12 05:00:00 pm","78.3","32.0","75.2","46.1","point"
"2024-02-12 07:00:00 pm","73.3","40.8","71.4","48.1","point"
"2024-02-12 09:00:00 pm","69.3","81.7","70.2","63.4","point"
"2024-02-12 11:00:00 pm","67.1","85.0","67.6","62.5","point"
"2024-02-13 01:00:00 am","64.5","85.9","64.4","60.2","point"
"2024-02-13 03:00:00 am","63.0","83.6","63.0","58.0","point"
"2024-02-13 05:00:00 am","61.3","80.9","61.0","55.3","point"
"2024-02-13 07:00:00 am","59.8","86.4","59.9","55.7","point"
"2024-02-13 09:00:00 am","62.9","89.1","63.1","59.6","point"
"2024-02-13 11:00:00 am","68.6","77.7","68.9","61.4","point"
"2024-02-13 01:00:00 pm","75.6","41.7","73.6","50.8","point"
"2024-02-13 03:00:00 pm","80.9","33.2","78.1","49.2","point"
"2024-02-13 05:00:00 pm","78.3","52.5","77.9","59.5","point"
"2024-02-13 07:00:00 pm","72.0","59.5","71.8","57.1","point"
"2024-02-13 09:00:00 pm","68.6","84.3","69.4","63.7","point"
"2024-02-13 11:00:00 pm","66.3","89.3","66.9","63.0","point"
"2024-02-14 01:00:00 am","65.4","91.0","66.0","62.7","point"
"2024-02-14 03:00:00 am","65.8","84.6","65.8","61.0","point"
"2024-02-14 05:00:00 am","64.1","87.3","64.2","60.2","point"
"2024-02-14 07:00:00 am","62.3","90.9","62.8","59.6","point"
"2024-02-14 09:00:00 am","65.0","92.4","65.8","62.7","point"
"2024-02-14 11:00:00 am","70.2","85.3","71.4","65.6","point"
"2024-02-14 01:00:00 pm","75.4","58.2","75.0","59.7","point"
"2024-02-14 03:00:00 pm","80.4","41.4","78.6","54.8","point"
"2024-02-14 05:00:00 pm","78.4","36.6","75.7","49.7","point"
"2024-02-14 07:00:00 pm","73.2","71.4","74.1","63.4","point"
"2024-02-14 09:00:00 pm","70.1","91.2","71.6","67.4","point"
"2024-02-14 11:00:00 pm","68.6","91.8","69.8","66.1","point"
"2024-02-15 01:00:00 am","67.2","93.5","68.2","65.2","point"
"2024-02-15 03:00:00 am","65.5","93.9","66.6","63.7","point"
"2024-02-15 05:00:00 am","63.9","94.7","64.8","62.4","point"
"2024-02-15 07:00:00 am","62.8","95.6","63.7","61.5","point"
"2024-02-15 09:00:00 am","65.2","92.3","66.0","62.9","point"
"2024-02-15 11:00:00 am","70.5","85.0","71.6","65.8","point"
"2024-02-15 01:00:00 pm","74.5","58.8","74.3","59.1","point"
"2024-02-15 03:00:00 pm","77.6","46.7","76.3","55.7","point"
"2024-02-15 05:00:00 pm","75.6","45.2","73.9","52.9","point"
"2024-02-15 07:00:00 pm","72.7","67.4","73.2","61.3","point"
"2024-02-15 09:00:00 pm","70.6","77.1","71.4","63.1","point"
"2024-02-15 11:00:00 pm","68.1","88.1","68.9","64.4","point"
"2024-02-16 01:00:00 am","64.8","89.1","65.1","61.4","point"
"2024-02-16 03:00:00 am","63.1","82.3","62.8","57.6","point"
"2024-02-16 05:00:00 am","62.6","85.0","62.6","58.0","point"
"2024-02-16 07:00:00 am","62.1","88.1","62.2","58.5","point"
"2024-02-16 09:00:00 am","64.1","86.4","64.2","59.9","point"
"2024-02-16 11:00:00 am","68.1","76.5","68.2","60.4","point"
"2024-02-16 01:00:00 pm","75.7","51.9","74.7","56.8","point"
"2024-02-16 03:00:00 pm","79.7","40.1","77.7","53.3","point"
"2024-02-16 05:00:00 pm","78.1","40.8","76.1","52.4","point"
"2024-02-16 07:00:00 pm","73.9","57.2","73.4","57.8","point"
"2024-02-16 09:00:00 pm","70.3","79.2","71.2","63.5","point"
"2024-02-16 11:00:00 pm","68.4","91.8","69.6","65.9","point"
"2024-02-17 01:00:00 am","66.3","92.4","67.3","64.0","point"
"2024-02-17 03:00:00 am","64.3","91.3","64.8","61.7","point"
"2024-02-17 05:00:00 am","62.5","92.4","63.1","60.3","point"
"2024-02-17 07:00:00 am","61.8","95.0","62.6","60.3","point"
"2024-02-17 09:00:00 am","64.9","93.2","65.5","62.9","point"
"2024-02-17 11:00:00 am","69.2","83.6","70.0","64.0","point"
"2024-02-17 01:00:00 pm","75.9","62.4","75.9","62.1","point"
"2024-02-17 03:00:00 pm","80.5","44.9","79.3","57.2","point"
"2024-02-17 05:00:00 pm","78.5","65.1","80.1","65.8","point"
"2024-02-17 07:00:00 pm","74.2","71.3","75.0","64.3","point"
"2024-02-17 09:00:00 pm","69.9","89.9","71.2","66.8","point"
"2024-02-17 11:00:00 pm","67.9","94.1","69.3","66.2","point"
"2024-02-18 01:00:00 am","67.2","95.2","68.4","65.8","point"
"2024-02-18 03:00:00 am","66.6","95.6","67.8","65.3","point"
"2024-02-18 05:00:00 am","65.2","95.0","66.2","63.7","point"
"2024-02-18 07:00:00 am","63.6","95.5","64.4","62.3","point"
"2024-02-18 09:00:00 am","65.5","96.3","66.7","64.4","point"
"2024-02-18 11:00:00 am","72.9","77.5","74.1","65.4","point"
"2024-02-18 01:00:00 pm","75.7","68.7","76.3","64.6","point"
"2024-02-18 03:00:00 pm","78.2","66.0","79.5","65.9","point"
"2024-02-18 05:00:00 pm","76.8","70.6","77.9","66.5","point"
"2024-02-18 07:00:00 pm","73.0","79.8","74.5","66.4","point"
"2024-02-18 09:00:00 pm","70.9","91.9","72.7","68.4","point"
"2024-02-18 11:00:00 pm","69.5","95.4","71.1","68.1","point"
"2024-02-19 01:00:00 am","68.6","98.7","70.3","68.2","point"
"2024-02-19 03:00:00 am","67.7","98.5","69.3","67.3","point"
"2024-02-19 05:00:00 am","64.6","97.2","65.5","63.8","point"
"2024-02-19 07:00:00 am","64.5","99.2","65.7","64.2","point"
"2024-02-19 09:00:00 am","65.2","98.0","66.6","64.6","point"
"2024-02-19 11:00:00 am","70.2","89.7","71.6","67.0","point"
"2024-02-19 01:00:00 pm","76.2","69.0","76.8","65.3","point"
"2024-02-19 03:00:00 pm","75.4","73.9","76.8","66.5","point"
"2024-02-19 05:00:00 pm","77.1","65.1","77.7","64.5","point"
"2024-02-19 07:00:00 pm","73.3","75.6","74.5","65.1","point"
"2024-02-19 09:00:00 pm","71.2","92.7","72.9","68.9","point"
"2024-02-19 11:00:00 pm","69.5","95.6","71.1","68.2","point"
"2024-02-20 01:00:00 am","68.2","90.9","69.4","65.4","point"
"2024-02-20 03:00:00 am","67.1","94.6","68.4","65.5","point"
"2024-02-20 05:00:00 am","65.9","96.1","67.1","64.8","point"
"2024-02-20 07:00:00 am","65.4","97.8","66.7","64.8","point"
"2024-02-20 09:00:00 am","66.8","99.1","68.4","66.6","point"
"2024-02-20 11:00:00 am","71.0","90.4","72.7","68.1","point"
"2024-02-20 01:00:00 pm","75.7","68.2","76.3","64.5","point"
"2024-02-20 03:00:00 pm","76.8","79.1","79.0","69.8","point"
"2024-02-20 05:00:00 pm","76.8","74.4","78.6","68.1","point"
"2024-02-20 07:00:00 pm","72.9","85.8","74.8","68.4","point"
"2024-02-20 09:00:00 pm","71.4","94.5","73.4","69.7","point"
"2024-02-20 11:00:00 pm","70.1","95.5","71.8","68.7","point"
"2024-02-21 01:00:00 am","68.9","99.0","70.7","68.6","point"
"2024-02-21 03:00:00 am","67.9","99.4","69.6","67.7","point"
"2024-02-21 05:00:00 am","66.9","98.5","68.5","66.5","point"
"2024-02-21 07:00:00 am","66.8","98.9","68.4","66.5","point"
"2024-02-21 09:00:00 am","67.6","99.3","69.1","67.4","point"
"2024-02-21 11:00:00 am","71.5","83.9","73.0","66.3","point"
"2024-02-21 01:00:00 pm","75.1","73.7","76.5","66.1","point"
"2024-02-21 03:00:00 pm","78.1","76.2","81.3","70.0","point"
"2024-02-21 05:00:00 pm","76.6","77.0","78.4","68.8","point"
"2024-02-21 07:00:00 pm","72.3","86.9","74.3","68.2","point"
"2024-02-21 09:00:00 pm","68.5","91.8","69.6","66.0","point"
"2024-02-21 11:00:00 pm","66.8","94.4","68.0","65.1","point"
"2024-02-22 01:00:00 am","66.0","96.1","67.1","64.9","point"
"2024-02-22 03:00:00 am","64.8","96.2","65.8","63.7","point"
"2024-02-22 05:00:00 am","64.4","97.0","65.5","63.5","point"
"2024-02-22 07:00:00 am","64.6","98.9","65.7","64.2","point"
"2024-02-22 09:00:00 am","65.0","98.8","66.4","64.7","point"
"2024-02-22 11:00:00 am","71.0","62.2","71.1","57.4","point"
"2024-02-22 01:00:00 pm","75.8","46.1","74.1","53.6","point"
"2024-02-22 03:00:00 pm","78.3","57.4","78.6","62.1","point"
"2024-02-22 05:00:00 pm","76.1","58.2","75.6","60.3","point"
"2024-02-22 07:00:00 pm","71.7","74.7","72.5","63.2","point"
"2024-02-22 09:00:00 pm","68.3","90.7","69.4","65.5","point"
"2024-02-22 11:00:00 pm","66.2","91.0","66.9","63.4","point"
"2024-02-23 01:00:00 am","65.4","90.2","66.0","62.5","point"
"2024-02-23 03:00:00 am","64.7","85.6","64.6","60.3","point"
"2024-02-23 05:00:00 am","62.7","71.8","61.5","53.5","point"
"2024-02-23 07:00:00 am","64.5","49.8","61.2","45.3","point"
"2024-02-23 09:00:00 am","67.6","60.6","66.2","53.5","point"
"2024-02-23 11:00:00 am","73.3","51.9","72.5","54.5","point"
"2024-02-23 01:00:00 pm","76.4","62.8","76.5","62.8","point"
"2024-02-23 03:00:00 pm","77.4","50.6","76.5","57.6","point"
"2024-02-23 05:00:00 pm","76.8","53.8","75.9","58.8","point"
"2024-02-23 07:00:00 pm","70.9","66.0","71.4","59.0","point"
"2024-02-23 09:00:00 pm","68.6","87.5","69.6","64.8","point"
"2024-02-23 11:00:00 pm","66.8","92.8","67.8","64.7","point"
"2024-02-24 01:00:00 am","65.3","92.2","66.2","63.0","point"
"2024-02-24 03:00:00 am","67.3","73.5","67.1","58.5","point"
"2024-02-24 05:00:00 am","66.2","74.3","65.3","57.8","point"
"2024-02-24 07:00:00 am","65.1","66.3","63.3","53.6","point"
"2024-02-24 09:00:00 am","68.0","76.4","68.0","60.3","point"
"2024-02-24 11:00:00 am","72.9","67.9","73.4","61.7","point"
"2024-02-24 01:00:00 pm","75.8","52.9","74.8","57.5","point"
"2024-02-24 03:00:00 pm","76.3","52.6","75.4","57.8","point"
"2024-02-24 05:00:00 pm","75.7","56.7","75.2","59.2","point"
"2024-02-24 07:00:00 pm","70.7","83.3","72.1","65.4","point"
"2024-02-24 09:00:00 pm","67.7","91.2","68.7","65.0","point"
"2024-02-24 11:00:00 pm","66.2","94.4","67.1","64.5","point"
"2024-02-25 01:00:00 am","64.7","90.7","65.1","61.9","point"
"2024-02-25 03:00:00 am","66.4","62.1","64.9","53.0","point"
"2024-02-25 05:00:00 am","63.4","76.9","62.8","56.0","point"
"2024-02-25 07:00:00 am","64.9","82.9","64.8","59.6","point"
"2024-02-25 09:00:00 am","66.8","84.3","67.1","61.9","point"
"2024-02-25 11:00:00 am","72.0","86.3","73.8","67.6","point"
"2024-02-25 01:00:00 pm","75.9","75.8","77.4","67.7","point"
"2024-02-25 03:00:00 pm","77.4","79.3","80.6","70.5","point"
"2024-02-25 05:00:00 pm","76.6","78.6","78.6","69.4","point"
"2024-02-25 07:00:00 pm","72.1","85.0","73.6","67.4","point"
"2024-02-25 09:00:00 pm","68.7","89.4","69.6","65.4","point"
"2024-02-25 11:00:00 pm","67.2","92.6","68.2","65.0","point"
"2024-02-26 01:00:00 am","67.3","95.0","68.7","65.9","point"
"2024-02-26 03:00:00 am","67.2","93.2","68.2","65.2","point"
"2024-02-26 05:00:00 am","65.6","94.0","66.6","63.8","point"
"2024-02-26 07:00:00 am","64.5","95.7","65.3","63.2","point"
"2024-02-26 09:00:00 am","65.9","94.4","66.9","64.2","point"
"2024-02-26 11:00:00 am","69.3","87.7","70.5","65.5","point"
"2024-02-26 01:00:00 pm","74.9","67.5","75.4","63.4","point"
"2024-02-26 03:00:00 pm","78.3","54.3","78.3","60.5","point"
"2024-02-26 05:00:00 pm","78.3","47.3","77.2","56.6","point"
"2024-02-26 07:00:00 pm","74.4","58.0","73.9","58.7","point"
"2024-02-26 09:00:00 pm","70.7","91.3","72.1","68.0","point"
"2024-02-26 11:00:00 pm","68.5","94.7","69.8","66.9","point"
"2024-02-27 01:00:00 am","66.2","91.1","67.1","63.6","point"
"2024-02-27 03:00:00 am","64.4","90.6","64.9","61.6","point"
"2024-02-27 05:00:00 am","63.7","91.7","64.2","61.2","point"
"2024-02-27 07:00:00 am","64.2","93.1","64.8","62.2","point"
"2024-02-27 09:00:00 am","66.7","92.8","67.6","64.5","point"
"2024-02-27 11:00:00 am","72.0","80.5","73.4","65.7","point"
"2024-02-27 01:00:00 pm","77.1","56.7","76.6","60.5","point"
"2024-02-27 03:00:00 pm","81.4","46.1","80.8","58.7","point"
"2024-02-27 05:00:00 pm","81.3","59.4","83.3","65.8","point"
"2024-02-27 07:00:00 pm","75.1","77.6","76.6","67.7","point"
"2024-02-27 09:00:00 pm","70.6","89.3","72.0","67.3","point"
"2024-02-27 11:00:00 pm","69.6","93.2","70.9","67.5","point"
"2024-02-28 01:00:00 am","68.3","93.5","69.4","66.3","point"
"2024-02-28 03:00:00 am","66.7","93.5","67.6","64.8","point"
"2024-02-28 05:00:00 am","65.1","92.1","65.8","62.7","point"
"2024-02-28 07:00:00 am","64.5","90.6","64.9","61.7","point"
"2024-02-28 09:00:00 am","66.8","92.8","67.8","64.7","point"
"2024-02-28 11:00:00 am","73.6","75.8","75.0","65.5","point"
"2024-02-28 01:00:00 pm","78.9","55.8","79.2","61.8","point"
"2024-02-28 03:00:00 pm","81.4","41.5","80.1","55.8","point"
"2024-02-28 05:00:00 pm","79.9","61.8","81.9","65.6","point"
"2024-02-28 07:00:00 pm","74.2","83.6","76.3","68.8","point"
"2024-02-28 09:00:00 pm","71.2","92.8","72.9","69.0","point"
"2024-02-28 11:00:00 pm","69.3","95.1","70.9","67.8","point"
"2024-02-29 01:00:00 am","66.2","94.1","67.5","64.5","point"
"2024-02-29 03:00:00 am","64.5","86.2","64.4","60.2","point"
"2024-02-29 05:00:00 am","63.6","86.2","63.5","59.4","point"
"2024-02-29 07:00:00 am","62.3","89.7","62.6","59.2","point"
"2024-02-29 09:00:00 am","65.4","89.8","65.8","62.3","point"
"2024-02-29 11:00:00 am","72.4","67.2","72.9","60.9","point"
"2024-02-29 01:00:00 pm","76.6","49.1","75.4","56.1","point"
"2024-02-29 03:00:00 pm","81.0","30.9","77.7","47.4","point"
"2024-02-29 05:00:00 pm","80.7","52.4","81.0","61.6","point"
"2024-02-29 07:00:00 pm","73.9","87.8","76.3","70.0","point"
"2024-02-29 09:00:00 pm","70.9","94.1","72.9","69.1","point"
"2024-02-29 11:00:00 pm","69.8","95.7","71.4","68.5","point"
"2024-03-01 01:00:00 am","68.6","95.6","70.2","67.2","point"
"2024-03-01 03:00:00 am","65.4","95.7","66.4","64.1","point"
"2024-03-01 05:00:00 am","64.3","91.1","64.8","61.7","point"
"2024-03-01 07:00:00 am","62.6","91.4","63.1","60.1","point"
"2024-03-01 09:00:00 am","64.9","93.7","65.8","63.1","point"
"2024-03-01 11:00:00 am","71.3","80.3","72.5","64.9","point"
"2024-03-01 01:00:00 pm","74.6","54.2","73.8","56.9","point"
"2024-03-01 03:00:00 pm","80.0","36.3","77.5","50.9","point"
"2024-03-01 05:00:00 pm","78.9","41.4","77.0","53.5","point"
"2024-03-01 07:00:00 pm","73.1","78.4","74.5","65.9","point"
"2024-03-01 09:00:00 pm","71.4","92.5","73.2","69.1","point"
"2024-03-01 11:00:00 pm","69.9","96.0","71.6","68.7","point"
"2024-03-02 01:00:00 am","68.1","95.3","69.4","66.7","point"
"2024-03-02 03:00:00 am","65.4","95.9","66.6","64.2","point"
"2024-03-02 05:00:00 am","63.6","93.9","64.4","61.8","point"
"2024-03-02 07:00:00 am","62.7","90.8","63.1","60.0","point"
"2024-03-02 09:00:00 am","65.1","89.9","65.5","62.0","point"
"2024-03-02 11:00:00 am","70.9","72.1","71.8","61.5","point"
"2024-03-02 01:00:00 pm","76.8","52.2","75.9","58.0","point"
"2024-03-02 03:00:00 pm","78.7","53.6","78.6","60.5","point"
"2024-03-02 05:00:00 pm","76.4","61.6","76.5","62.3","point"
"2024-03-02 07:00:00 pm","72.9","86.1","74.8","68.5","point"
"2024-03-02 09:00:00 pm","71.2","92.7","72.9","68.9","point"
"2024-03-02 11:00:00 pm","69.1","92.8","70.5","67.0","point"
"2024-03-03 01:00:00 am","69.1","94.1","70.7","67.3","point"
"2024-03-03 03:00:00 am","67.4","95.2","68.7","65.9","point"
"2024-03-03 05:00:00 am","66.1","96.7","67.3","65.2","point"
"2024-03-03 07:00:00 am","66.4","93.5","67.5","64.5","point"
"2024-03-03 09:00:00 am","68.9","88.7","70.2","65.5","point"
"2024-03-03 11:00:00 am","73.1","82.8","74.8","67.5","point"
"2024-03-03 01:00:00 pm","76.1","74.2","77.5","67.3","point"
"2024-03-03 03:00:00 pm","76.3","77.7","78.1","68.9","point"
"2024-03-03 05:00:00 pm","77.4","73.5","79.7","68.2","point"
"2024-03-03 07:00:00 pm","73.0","84.3","74.8","68.0","point"
"2024-03-03 09:00:00 pm","70.3","89.4","71.6","67.0","point"
"2024-03-03 11:00:00 pm","68.1","93.7","69.3","66.2","point"
"2024-03-04 01:00:00 am","67.4","95.5","68.7","66.1","point"
"2024-03-04 03:00:00 am","66.8","95.0","68.0","65.4","point"
"2024-03-04 05:00:00 am","67.2","94.4","68.4","65.6","point"
"2024-03-04 07:00:00 am","66.8","88.9","67.5","63.5","point"
"2024-03-04 09:00:00 am","69.5","72.0","69.6","60.1","point"
"2024-03-04 11:00:00 am","74.0","73.4","75.0","65.0","point"
"2024-03-04 01:00:00 pm","76.1","76.6","77.9","68.3","point"
"2024-03-04 03:00:00 pm","78.1","72.0","80.8","68.4","point"
"2024-03-04 05:00:00 pm","77.3","74.8","79.3","68.7","point"
"2024-03-04 07:00:00 pm","72.9","87.1","75.0","68.8","point"
"2024-03-04 09:00:00 pm","69.9","93.0","71.4","67.7","point"
"2024-03-04 11:00:00 pm","68.3","96.3","69.8","67.2","point"
"2024-03-05 01:00:00 am","67.7","97.5","69.1","66.9","point"
"2024-03-05 03:00:00 am","66.6","98.0","68.2","66.0","point"
"2024-03-05 05:00:00 am","65.7","96.3","66.9","64.6","point"
"2024-03-05 07:00:00 am","65.4","97.0","66.6","64.5","point"
"2024-03-05 09:00:00 am","68.7","96.9","70.3","67.8","point"
"2024-03-05 11:00:00 am","73.7","86.0","75.7","69.2","point"
"2024-03-05 01:00:00 pm","76.4","80.7","78.6","70.0","point"
"2024-03-05 03:00:00 pm","78.4","77.9","82.0","70.9","point"
"2024-03-05 05:00:00 pm","77.4","74.2","79.7","68.5","point"
"2024-03-05 07:00:00 pm","73.2","86.4","75.4","68.9","point"
"2024-03-05 09:00:00 pm","70.9","91.9","72.7","68.4","point"
"2024-03-05 11:00:00 pm","68.4","94.9","69.8","66.8","point"
"2024-03-06 01:00:00 am","68.0","97.5","69.6","67.3","point"
"2024-03-06 03:00:00 am","67.2","98.0","68.7","66.6","point"
"2024-03-06 05:00:00 am","65.3","88.6","65.8","61.8","point"
"2024-03-06 07:00:00 am","65.9","75.4","65.3","57.9","point"
"2024-03-06 09:00:00 am","69.4","69.4","69.4","58.9","point"
"2024-03-06 11:00:00 am","75.5","65.8","75.7","63.2","point"
"2024-03-06 01:00:00 pm","78.6","63.0","80.1","65.0","point"
"2024-03-06 03:00:00 pm","79.3","65.0","81.3","66.5","point"
"2024-03-06 05:00:00 pm","77.2","69.2","78.6","66.3","point"
"2024-03-06 07:00:00 pm","73.6","80.5","75.4","67.2","point"
"2024-03-06 09:00:00 pm","70.1","87.5","71.4","66.3","point"
"2024-03-06 11:00:00 pm","68.5","86.5","69.4","64.3","point"
"2024-03-07 01:00:00 am","67.4","88.2","68.2","63.8","point"
"2024-03-07 03:00:00 am","65.6","88.9","66.0","62.2","point"
"2024-03-07 05:00:00 am","64.6","91.7","65.1","62.2","point"
"2024-03-07 07:00:00 am","64.2","89.5","64.4","61.0","point"
"2024-03-07 09:00:00 am","67.6","84.6","68.2","62.8","point"
"2024-03-07 11:00:00 am","74.2","71.7","75.0","64.5","point"
"2024-03-07 01:00:00 pm","78.7","62.4","79.9","64.8","point"
"2024-03-07 03:00:00 pm","79.9","62.9","81.7","66.1","point"
"2024-03-07 05:00:00 pm","78.8","63.0","80.4","65.1","point"
"2024-03-07 07:00:00 pm","75.0","73.3","76.1","65.9","point"
"2024-03-07 09:00:00 pm","72.1","80.9","73.4","65.9","point"
"2024-03-07 11:00:00 pm","70.5","83.4","71.8","65.3","point"
"2024-03-08 01:00:00 am","71.1","70.8","71.8","61.1","point"
"2024-03-08 03:00:00 am","70.9","50.4","70.2","51.6","point"
"2024-03-08 05:00:00 am","70.8","41.5","69.4","46.3","point"
"2024-03-08 07:00:00 am","69.7","43.4","68.0","46.5","point"
"2024-03-08 09:00:00 am","72.6","46.2","71.2","50.8","point"
"2024-03-08 11:00:00 am","76.3","47.3","74.8","54.7","point"
"2024-03-08 01:00:00 pm","79.9","52.2","80.1","60.8","point"
"2024-03-08 03:00:00 pm","80.3","59.8","81.9","65.0","point"
"2024-03-08 05:00:00 pm","78.4","60.6","79.2","63.6","point"
"2024-03-08 07:00:00 pm","73.7","78.0","75.2","66.4","point"
"2024-03-08 09:00:00 pm","70.2","87.5","71.6","66.3","point"
"2024-03-08 11:00:00 pm","68.1","91.9","69.3","65.7","point"
"2024-03-09 01:00:00 am","68.9","94.2","70.3","67.1","point"
"2024-03-09 03:00:00 am","67.2","91.8","68.2","64.8","point"
"2024-03-09 05:00:00 am","66.5","93.1","67.5","64.4","point"
"2024-03-09 07:00:00 am","67.4","92.3","68.5","65.1","point"
"2024-03-09 09:00:00 am","70.8","80.5","72.0","64.5","point"
"2024-03-09 11:00:00 am","76.3","55.2","75.7","59.0","point"
"2024-03-09 01:00:00 pm","79.3","62.1","80.8","65.2","point"
"2024-03-09 03:00:00 pm","80.3","58.0","81.5","64.2","point"
"2024-03-09 05:00:00 pm","78.4","59.8","79.0","63.2","point"
"2024-03-09 07:00:00 pm","74.4","83.3","76.6","69.0","point"
"2024-03-09 09:00:00 pm","72.1","92.4","74.1","69.7","point"
"2024-03-09 11:00:00 pm","70.6","92.8","72.1","68.4","point"
"2024-03-10 01:00:00 am","69.5","94.0","71.1","67.7","point"
"2024-03-10 03:00:00 am","68.6","95.6","70.2","67.3","point"
"2024-03-10 05:00:00 am","68.3","97.1","69.8","67.5","point"
"2024-03-10 07:00:00 am","67.8","87.4","68.5","63.9","point"
"2024-03-10 09:00:00 am","70.6","67.4","70.9","59.3","point"
"2024-03-10 11:00:00 am","75.3","56.9","74.8","58.9","point"
"2024-03-10 01:00:00 pm","78.2","58.8","78.6","62.5","point"
"2024-03-10 03:00:00 pm","79.9","64.4","82.0","66.8","point"
"2024-03-10 05:00:00 pm","78.2","68.7","80.1","67.0","point"
"2024-03-10 07:00:00 pm","74.3","89.0","77.0","70.8","point"
"2024-03-10 09:00:00 pm","72.6","91.3","74.8","69.9","point"
"2024-03-10 11:00:00 pm","71.6","94.7","73.6","70.0","point"
"2024-03-11 01:00:00 am","71.0","96.1","72.9","69.9","point"
"2024-03-11 03:00:00 am","70.2","95.3","72.0","68.8","point"
"2024-03-11 05:00:00 am","70.5","86.1","71.6","66.1","point"
"2024-03-11 07:00:00 am","69.4","94.1","70.9","67.7","point"
"2024-03-11 09:00:00 am","71.2","89.3","72.7","67.8","point"
"2024-03-11 11:00:00 am","75.3","70.6","76.3","65.1","point"
"2024-03-11 01:00:00 pm","79.1","65.6","81.1","66.6","point"
"2024-03-11 03:00:00 pm","79.4","68.5","82.2","68.1","point"
"2024-03-11 05:00:00 pm","78.3","68.2","80.2","66.9","point"
"2024-03-11 07:00:00 pm","75.2","87.7","77.9","71.3","point"
"2024-03-11 09:00:00 pm","71.7","91.2","73.6","69.0","point"
"2024-03-11 11:00:00 pm","71.0","94.5","72.9","69.3","point"
"2024-03-12 01:00:00 am","70.9","95.2","72.9","69.4","point"
"2024-03-12 03:00:00 am","70.3","95.7","72.0","69.0","point"
"2024-03-12 05:00:00 am","69.8","95.2","71.4","68.3","point"
"2024-03-12 07:00:00 am","69.0","96.1","70.5","67.9","point"
"2024-03-12 09:00:00 am","70.6","96.2","72.3","69.5","point"
"2024-03-12 11:00:00 am","75.3","79.9","77.2","68.6","point"
"2024-03-12 01:00:00 pm","77.2","80.3","80.2","70.7","point"
"2024-03-12 03:00:00 pm","79.6","73.0","83.5","70.2","point"
"2024-03-12 05:00:00 pm","78.0","77.4","81.1","70.3","point"
"2024-03-12 07:00:00 pm","74.4","86.5","76.8","70.1","point"
"2024-03-12 09:00:00 pm","71.7","90.9","73.6","68.9","point"
"2024-03-12 11:00:00 pm","70.3","93.1","71.8","68.2","point"
"2024-03-13 01:00:00 am","68.9","91.9","70.3","66.5","point"
"2024-03-13 03:00:00 am","67.9","88.2","68.7","64.3","point"
"2024-03-13 05:00:00 am","68.4","84.9","69.3","63.7","point"
"2024-03-13 07:00:00 am","70.1","79.7","70.9","63.5","point"
"2024-03-13 09:00:00 am","70.7","80.4","72.0","64.4","point"
"2024-03-13 11:00:00 am","73.5","76.4","74.8","65.7","point"
"2024-03-13 01:00:00 pm","75.5","78.9","77.4","68.5","point"
"2024-03-13 03:00:00 pm","77.8","75.2","80.6","69.3","point"
"2024-03-13 05:00:00 pm","76.9","79.4","79.5","70.0","point"
"2024-03-13 07:00:00 pm","73.9","89.5","76.3","70.6","point"
"2024-03-13 09:00:00 pm","71.8","92.2","73.9","69.4","point"
"2024-03-13 11:00:00 pm","69.6","91.0","71.1","66.9","point"
"2024-03-14 01:00:00 am","67.9","94.5","69.3","66.3","point"
"2024-03-14 03:00:00 am","67.3","95.7","68.7","66.1","point"
"2024-03-14 05:00:00 am","67.0","97.0","68.4","66.1","point"
"2024-03-14 07:00:00 am","67.0","96.9","68.4","66.1","point"
"2024-03-14 09:00:00 am","69.3","88.6","70.5","65.7","point"
"2024-03-14 11:00:00 am","74.7","80.2","76.6","68.1","point"
"2024-03-14 01:00:00 pm","76.7","78.0","78.8","69.3","point"
"2024-03-14 03:00:00 pm","77.4","74.1","79.7","68.5","point"
"2024-03-14 05:00:00 pm","76.4","76.3","77.9","68.4","point"
"2024-03-14 07:00:00 pm","73.3","87.8","75.6","69.4","point"
"2024-03-14 09:00:00 pm","70.6","92.5","72.1","68.3","point"
"2024-03-14 11:00:00 pm","68.3","94.9","69.6","66.8","point"
"2024-03-15 01:00:00 am","67.7","95.5","69.1","66.4","point"
"2024-03-15 03:00:00 am","66.3","94.9","67.5","64.8","point"
"2024-03-15 05:00:00 am","65.5","94.8","66.6","64.0","point"
"2024-03-15 07:00:00 am","65.9","95.6","66.9","64.6","point"
"2024-03-15 09:00:00 am","69.8","76.5","70.3","62.0","point"
"2024-03-15 11:00:00 am","75.8","74.0","77.2","66.9","point"
"2024-03-15 01:00:00 pm","78.7","73.4","81.9","69.5","point"
"2024-03-15 03:00:00 pm","79.4","71.5","82.8","69.3","point"
"2024-03-15 05:00:00 pm","78.5","74.3","81.7","69.7","point"
"2024-03-15 07:00:00 pm","74.3","84.6","76.6","69.4","point"
"2024-03-15 09:00:00 pm","70.7","92.8","72.1","68.5","point"
"2024-03-15 11:00:00 pm","69.2","96.2","70.7","68.1","point"
"2024-03-16 01:00:00 am","68.5","96.9","70.0","67.6","point"
"2024-03-16 03:00:00 am","67.9","96.3","69.4","66.8","point"
"2024-03-16 05:00:00 am","66.6","93.9","67.8","64.8","point"
"2024-03-16 07:00:00 am","68.0","80.2","68.2","61.6","point"
"2024-03-16 09:00:00 am","70.8","82.7","72.1","65.2","point"
"2024-03-16 11:00:00 am","75.0","66.0","75.2","62.8","point"
"2024-03-16 01:00:00 pm","79.3","65.3","81.3","66.6","point"
"2024-03-16 03:00:00 pm","79.8","69.0","82.9","68.7","point"
"2024-03-16 05:00:00 pm","78.0","75.4","81.0","69.6","point"
"2024-03-16 07:00:00 pm","74.0","87.2","76.5","69.9","point"
"2024-03-16 09:00:00 pm","71.1","93.2","72.9","69.0","point"
"2024-03-16 11:00:00 pm","69.4","95.2","70.9","67.9","point"
"2024-03-17 01:00:00 am","68.6","95.1","70.2","67.1","point"
"2024-03-17 03:00:00 am","67.6","95.8","68.9","66.3","point"
"2024-03-17 05:00:00 am","66.9","82.7","67.1","61.4","point"
"2024-03-17 07:00:00 am","69.3","77.1","69.8","61.8","point"
"2024-03-17 09:00:00 am","70.3","79.4","71.2","63.6","point"
"2024-03-17 11:00:00 am","75.4","77.0","77.2","67.7","point"
