"Device Name","D2 - 2815674"
"Device Model","Kestrel DROP 2"
"Serial Number","2815674"
"FORMATTED DATE_TIME","Temperature","Relative Humidity","Heat Index","Dew Point","Data Type","Record name","Start time","Duration (H:M:S)","Location description","Location address","Location coordinates","Notes"
"YYYY-MM-DD HH:MM:SS","°F","%","°F","°F"
"2000-01-01 12:10:00 am","76.2","22.2","72.0","34.8","point"
"2023-02-06 02:20:00 pm","74.5","49.6","73.4","54.5","point"
"2023-02-06 02:30:00 pm","73.8","50.4","72.9","54.2","point"
"2023-02-06 02:40:00 pm","73.9","49.5","72.7","53.8","point"
"2023-02-06 02:50:00 pm","74.1","81.3","75.7","68.0","point"
"2024-01-09 07:00:00 pm","74.0","79.9","75.7","67.4","point"
"2024-01-09 09:00:00 pm","73.1","79.6","74.7","66.5","point"
"2024-01-09 11:00:00 pm","71.5","83.0","72.9","66.1","point"
"2024-01-10 01:00:00 am","70.9","81.3","72.1","64.9","point"
"2024-01-10 03:00:00 am","70.0","79.5","70.9","63.3","point"
"2024-01-10 05:00:00 am","69.5","79.5","70.3","62.9","point"
"2024-01-10 07:00:00 am","69.2","80.7","69.8","63.0","point"
"2024-01-10 09:00:00 am","69.3","81.6","70.2","63.4","point"
"2024-01-10 11:00:00 am","70.7","79.2","72.0","64.0","point"
"2024-01-10 01:00:00 pm","72.5","72.1","73.4","63.0","point"
"2024-01-10 03:00:00 pm","72.8","73.4","73.8","63.7","point"
"2024-01-10 05:00:00 pm","72.5","76.8","73.8","64.8","point"
"2024-01-10 07:00:00 pm","72.2","80.0","73.6","65.7","point"
"2024-01-10 09:00:00 pm","71.5","79.7","72.7","64.9","point"
"2024-01-10 11:00:00 pm","71.5","76.1","72.5","63.6","point"
"2024-01-11 01:00:00 am","70.5","77.7","71.2","63.2","point"
"2024-01-11 03:00:00 am","70.0","77.1","70.7","62.4","point"
"2024-01-11 05:00:00 am","69.4","77.4","69.8","62.0","point"
"2024-01-11 07:00:00 am","69.4","78.7","69.8","62.5","point"
"2024-01-11 09:00:00 am","68.1","84.0","68.7","63.1","point"
"2024-01-11 11:00:00 am","71.4","66.8","71.8","59.8","point"
"2024-01-11 01:00:00 pm","75.7","55.1","75.0","58.4","point"
"2024-01-11 03:00:00 pm","77.1","55.1","76.6","59.7","point"
"2024-01-11 05:00:00 pm","73.3","74.6","74.3","64.8","point"
"2024-01-11 07:00:00 pm","67.2","83.9","67.6","62.2","point"
"2024-01-11 09:00:00 pm","64.2","89.4","64.6","61.1","point"
"2024-01-11 11:00:00 pm","63.6","87.2","63.7","59.7","point"
"2024-01-12 01:00:00 am","67.3","77.4","67.3","60.0","point"
"2024-01-12 03:00:00 am","65.9","80.0","65.7","59.6","point"
"2024-01-12 05:00:00 am","64.1","85.5","64.0","59.7","point"
"2024-01-12 07:00:00 am","63.0","86.0","63.0","58.7","point"
"2024-01-12 09:00:00 am","65.0","80.0","64.6","58.7","point"
"2024-01-12 11:00:00 am","71.7","63.0","71.8","58.4","point"
"2024-01-12 01:00:00 pm","75.9","53.3","75.0","57.7","point"
"2024-01-12 03:00:00 pm","78.0","50.4","77.2","58.1","point"
"2024-01-12 05:00:00 pm","74.5","66.0","74.8","62.4","point"
"2024-01-12 07:00:00 pm","67.1","82.4","67.5","61.6","point"
"2024-01-12 09:00:00 pm","64.1","87.2","64.2","60.2","point"
"2024-01-12 11:00:00 pm","63.9","89.3","64.2","60.6","point"
"2024-01-13 01:00:00 am","66.8","75.2","66.6","58.7","point"
"2024-01-13 03:00:00 am","65.8","81.8","65.7","60.0","point"
"2024-01-13 05:00:00 am","64.2","87.8","64.2","60.5","point"
"2024-01-13 07:00:00 am","64.2","89.6","64.4","61.1","point"
"2024-01-13 09:00:00 am","65.8","87.9","66.0","62.1","point"
"2024-01-13 11:00:00 am","72.1","69.0","72.5","61.4","point"
"2024-01-13 01:00:00 pm","76.4","58.3","75.9","60.7","point"
"2024-01-13 03:00:00 pm","75.1","72.6","76.3","65.6","point"
"2024-01-13 05:00:00 pm","72.9","81.9","74.5","67.0","point"
"2024-01-13 07:00:00 pm","67.7","88.4","68.5","64.2","point"
"2024-01-13 09:00:00 pm","65.4","93.9","66.4","63.6","point"
"2024-01-13 11:00:00 pm","63.9","95.1","64.8","62.4","point"
"2024-01-14 01:00:00 am","65.2","95.9","66.4","64.0","point"
"2024-01-14 03:00:00 am","65.4","91.6","66.0","62.9","point"
"2024-01-14 05:00:00 am","65.1","87.2","65.5","61.2","point"
"2024-01-14 07:00:00 am","65.1","87.3","65.3","61.2","point"
"2024-01-14 09:00:00 am","66.8","89.1","67.5","63.5","point"
"2024-01-14 11:00:00 am","73.8","73.9","75.0","64.9","point"
"2024-01-14 01:00:00 pm","78.2","53.0","77.7","59.7","point"
"2024-01-14 03:00:00 pm","78.5","52.2","78.1","59.5","point"
"2024-01-14 05:00:00 pm","74.0","78.4","75.6","66.9","point"
"2024-01-14 07:00:00 pm","68.9","85.9","69.8","64.5","point"
"2024-01-14 09:00:00 pm","64.9","91.8","65.3","62.5","point"
"2024-01-14 11:00:00 pm","66.1","86.7","66.6","62.0","point"
"2024-01-15 01:00:00 am","69.2","69.1","69.1","58.6","point"
"2024-01-15 03:00:00 am","61.9","87.8","62.1","58.2","point"
"2024-01-15 05:00:00 am","63.8","88.5","64.0","60.3","point"
"2024-01-15 07:00:00 am","64.4","87.1","64.4","60.4","point"
"2024-01-15 09:00:00 am","66.5","85.8","66.7","62.1","point"
"2024-01-15 11:00:00 am","71.0","82.2","72.1","65.3","point"
"2024-01-15 01:00:00 pm","73.7","68.4","74.3","62.7","point"
"2024-01-15 03:00:00 pm","73.5","75.2","74.7","65.1","point"
"2024-01-15 05:00:00 pm","72.5","77.5","73.8","65.1","point"
"2024-01-15 07:00:00 pm","67.0","86.9","67.6","63.0","point"
"2024-01-15 09:00:00 pm","64.9","93.2","65.5","62.9","point"
"2024-01-15 11:00:00 pm","62.8","94.9","63.5","61.3","point"
"2024-01-16 01:00:00 am","61.3","95.4","62.1","60.0","point"
"2024-01-16 03:00:00 am","60.6","96.3","61.7","59.6","point"
"2024-01-16 05:00:00 am","61.0","96.7","62.1","60.1","point"
"2024-01-16 07:00:00 am","61.6","94.6","62.4","60.0","point"
"2024-01-16 09:00:00 am","64.4","93.3","64.9","62.4","point"
"2024-01-16 11:00:00 am","70.3","82.6","71.4","64.7","point"
"2024-01-16 01:00:00 pm","73.1","75.6","74.3","64.9","point"
"2024-01-16 03:00:00 pm","72.6","79.0","73.9","65.7","point"
"2024-01-16 05:00:00 pm","72.3","84.1","74.1","67.3","point"
"2024-01-16 07:00:00 pm","67.4","91.4","68.4","64.9","point"
"2024-01-16 09:00:00 pm","66.2","95.8","67.3","64.9","point"
"2024-01-16 11:00:00 pm","65.2","97.4","66.4","64.4","point"
"2024-01-17 01:00:00 am","64.8","97.3","65.8","64.0","point"
"2024-01-17 03:00:00 am","64.2","97.5","65.3","63.5","point"
"2024-01-17 05:00:00 am","64.3","99.1","65.5","64.0","point"
"2024-01-17 07:00:00 am","65.0","99.4","66.6","64.8","point"
"2024-01-17 09:00:00 am","65.7","99.2","67.1","65.5","point"
"2024-01-17 11:00:00 am","70.4","85.8","71.6","66.0","point"
"2024-01-17 01:00:00 pm","70.7","92.1","72.1","68.2","point"
"2024-01-17 03:00:00 pm","70.8","90.6","72.5","68.0","point"
"2024-01-17 05:00:00 pm","71.3","82.9","72.7","65.8","point"
"2024-01-17 07:00:00 pm","65.9","90.5","66.6","63.0","point"
"2024-01-17 09:00:00 pm","66.0","96.5","67.1","65.0","point"
"2024-01-17 11:00:00 pm","66.6","98.1","68.2","66.0","point"
"2024-01-18 01:00:00 am","65.3","97.8","66.6","64.6","point"
"2024-01-18 03:00:00 am","63.0","98.3","64.2","62.5","point"
"2024-01-18 05:00:00 am","63.2","98.9","64.4","62.9","point"
"2024-01-18 07:00:00 am","62.7","99.5","64.0","62.5","point"
"2024-01-18 09:00:00 am","65.3","99.4","66.6","65.1","point"
"2024-01-18 11:00:00 am","70.2","89.1","71.6","66.8","point"
"2024-01-18 01:00:00 pm","71.2","86.1","72.5","66.8","point"
"2024-01-18 03:00:00 pm","73.3","83.7","75.2","68.1","point"
"2024-01-18 05:00:00 pm","72.3","86.7","74.1","68.1","point"
"2024-01-18 07:00:00 pm","68.6","93.0","70.0","66.5","point"
"2024-01-18 09:00:00 pm","66.8","97.3","68.2","66.1","point"
"2024-01-18 11:00:00 pm","65.4","98.3","66.7","64.9","point"
"2024-01-19 01:00:00 am","65.4","98.7","66.7","65.0","point"
"2024-01-19 03:00:00 am","65.4","99.0","66.7","65.1","point"
"2024-01-19 05:00:00 am","65.1","99.9","66.7","65.1","point"
"2024-01-19 07:00:00 am","62.3","98.7","63.5","61.9","point"
"2024-01-19 09:00:00 am","66.1","100.0","67.6","66.1","point"
"2024-01-19 11:00:00 am","70.3","93.3","71.8","68.3","point"
"2024-01-19 01:00:00 pm","72.8","87.8","74.8","68.9","point"
"2024-01-19 03:00:00 pm","72.3","89.5","74.5","69.1","point"
"2024-01-19 05:00:00 pm","72.4","91.8","74.7","69.9","point"
"2024-01-19 07:00:00 pm","68.5","95.3","69.8","67.1","point"
"2024-01-19 09:00:00 pm","67.9","98.3","69.6","67.4","point"
"2024-01-19 11:00:00 pm","65.1","97.7","66.4","64.4","point"
"2024-01-20 01:00:00 am","62.2","97.9","63.3","61.6","point"
"2024-01-20 03:00:00 am","63.7","98.7","64.9","63.3","point"
"2024-01-20 05:00:00 am","64.5","97.0","65.5","63.6","point"
"2024-01-20 07:00:00 am","64.4","97.8","65.7","63.8","point"
"2024-01-20 09:00:00 am","66.5","94.8","67.6","65.0","point"
"2024-01-20 11:00:00 am","71.6","89.8","73.2","68.4","point"
"2024-01-20 01:00:00 pm","73.2","85.5","75.0","68.6","point"
"2024-01-20 03:00:00 pm","71.7","91.2","73.6","69.0","point"
"2024-01-20 05:00:00 pm","73.6","88.4","76.1","69.9","point"
"2024-01-20 07:00:00 pm","69.4","94.6","70.9","67.7","point"
"2024-01-20 09:00:00 pm","66.3","97.5","67.6","65.6","point"
"2024-01-20 11:00:00 pm","64.3","97.2","65.3","63.5","point"
"2024-01-21 01:00:00 am","65.2","98.6","66.6","64.8","point"
"2024-01-21 03:00:00 am","65.8","100.0","67.3","65.8","point"
"2024-01-21 05:00:00 am","65.5","99.5","67.1","65.3","point"
"2024-01-21 07:00:00 am","65.7","99.4","67.3","65.5","point"
"2024-01-21 09:00:00 am","66.9","98.0","68.5","66.4","point"
"2024-01-21 11:00:00 am","71.4","91.8","73.2","68.9","point"
"2024-01-21 01:00:00 pm","73.0","81.5","74.5","67.0","point"
"2024-01-21 03:00:00 pm","75.3","76.7","76.8","67.5","point"
"2024-01-21 05:00:00 pm","74.2","83.9","76.3","69.0","point"
"2024-01-21 07:00:00 pm","69.3","91.1","70.7","66.5","point"
"2024-01-21 09:00:00 pm","68.6","96.0","70.2","67.5","point"
"2024-01-21 11:00:00 pm","66.1","97.4","67.3","65.3","point"
"2024-01-22 01:00:00 am","65.0","98.0","66.4","64.5","point"
"2024-01-22 03:00:00 am","64.0","99.4","65.1","63.8","point"
"2024-01-22 05:00:00 am","64.1","99.4","65.5","63.9","point"
"2024-01-22 07:00:00 am","63.0","98.9","64.2","62.7","point"
"2024-01-22 09:00:00 am","67.2","98.5","68.7","66.7","point"
"2024-01-22 11:00:00 am","71.9","86.7","73.6","67.7","point"
"2024-01-22 01:00:00 pm","74.7","83.1","76.8","69.2","point"
"2024-01-22 03:00:00 pm","74.2","84.4","76.3","69.1","point"
"2024-01-22 05:00:00 pm","74.0","85.2","76.3","69.2","point"
"2024-01-22 07:00:00 pm","69.2","91.6","70.5","66.7","point"
"2024-01-22 09:00:00 pm","68.5","97.0","70.0","67.6","point"
"2024-01-22 11:00:00 pm","65.7","97.1","66.9","64.8","point"
"2024-01-23 01:00:00 am","64.7","98.5","65.8","64.3","point"
"2024-01-23 03:00:00 am","63.7","98.8","64.9","63.4","point"
"2024-01-23 05:00:00 am","63.3","99.3","64.6","63.1","point"
"2024-01-23 07:00:00 am","61.3","98.2","62.4","60.8","point"
"2024-01-23 09:00:00 am","67.4","94.3","68.7","65.7","point"
"2024-01-23 11:00:00 am","72.6","81.7","74.1","66.6","point"
"2024-01-23 01:00:00 pm","73.1","78.0","74.5","65.9","point"
"2024-01-23 03:00:00 pm","75.0","84.8","77.4","70.1","point"
"2024-01-23 05:00:00 pm","73.6","86.8","75.9","69.4","point"
"2024-01-23 07:00:00 pm","68.5","90.6","69.6","65.6","point"
"2024-01-23 09:00:00 pm","65.7","94.8","66.7","64.2","point"
"2024-01-23 11:00:00 pm","63.1","96.4","64.0","62.1","point"
"2024-01-24 01:00:00 am","62.1","97.1","63.1","61.3","point"
"2024-01-24 03:00:00 am","60.2","97.7","61.2","59.5","point"
"2024-01-24 05:00:00 am","58.6","97.2","59.4","57.8","point"
"2024-01-24 07:00:00 am","57.5","97.8","58.5","56.9","point"
"2024-01-24 09:00:00 am","61.1","98.8","62.2","60.7","point"
"2024-01-24 11:00:00 am","67.8","91.3","69.1","65.2","point"
"2024-01-24 01:00:00 pm","72.3","83.0","73.8","66.8","point"
"2024-01-24 03:00:00 pm","73.0","74.0","73.9","64.2","point"
"2024-01-24 05:00:00 pm","72.2","72.8","73.0","63.0","point"
"2024-01-24 07:00:00 pm","66.5","87.3","66.9","62.7","point"
"2024-01-24 09:00:00 pm","64.8","93.8","65.5","63.0","point"
"2024-01-24 11:00:00 pm","63.0","94.9","63.9","61.5","point"
"2024-01-25 01:00:00 am","60.3","95.3","61.2","58.9","point"
"2024-01-25 03:00:00 am","57.9","90.7","58.5","55.2","point"
"2024-01-25 05:00:00 am","57.3","95.3","57.9","55.9","point"
"2024-01-25 07:00:00 am","57.1","96.5","57.9","56.1","point"
"2024-01-25 09:00:00 am","61.3","97.9","62.4","60.7","point"
"2024-01-25 11:00:00 am","69.1","85.2","70.2","64.5","point"
"2024-01-25 01:00:00 pm","71.2","84.8","72.5","66.3","point"
"2024-01-25 03:00:00 pm","72.4","77.8","73.6","65.1","point"
"2024-01-25 05:00:00 pm","71.6","80.1","72.9","65.1","point"
"2024-01-25 07:00:00 pm","67.4","90.2","68.4","64.4","point"
"2024-01-25 09:00:00 pm","65.7","95.1","66.7","64.2","point"
"2024-01-25 11:00:00 pm","63.4","97.4","64.4","62.6","point"
"2024-01-26 01:00:00 am","63.1","97.5","64.0","62.3","point"
"2024-01-26 03:00:00 am","60.9","98.1","61.9","60.4","point"
"2024-01-26 05:00:00 am","63.8","98.8","64.9","63.4","point"
"2024-01-26 07:00:00 am","64.6","91.4","65.1","62.1","point"
"2024-01-26 09:00:00 am","66.8","86.5","67.5","62.7","point"
"2024-01-26 11:00:00 am","71.6","71.4","72.3","61.9","point"
"2024-01-26 01:00:00 pm","74.7","64.7","75.0","62.0","point"
"2024-01-26 03:00:00 pm","75.6","68.3","76.3","64.5","point"
"2024-01-26 05:00:00 pm","72.1","77.0","73.4","64.5","point"
"2024-01-26 07:00:00 pm","67.9","86.4","68.7","63.7","point"
"2024-01-26 09:00:00 pm","64.1","92.6","64.8","61.9","point"
"2024-01-26 11:00:00 pm","61.8","95.8","62.8","60.5","point"
"2024-01-27 01:00:00 am","58.9","92.6","59.5","56.8","point"
"2024-01-27 03:00:00 am","58.3","90.8","58.8","55.6","point"
"2024-01-27 05:00:00 am","62.4","81.2","62.2","56.6","point"
"2024-01-27 07:00:00 am","62.0","86.4","62.1","57.9","point"
"2024-01-27 09:00:00 am","64.5","90.3","64.9","61.6","point"
"2024-01-27 11:00:00 am","71.0","69.8","71.6","60.7","point"
"2024-01-27 01:00:00 pm","74.6","57.2","74.1","58.4","point"
"2024-01-27 03:00:00 pm","74.4","64.8","74.7","61.8","point"
"2024-01-27 05:00:00 pm","73.3","65.6","73.6","61.1","point"
"2024-01-27 07:00:00 pm","66.1","78.1","65.7","59.0","point"
"2024-01-27 09:00:00 pm","62.0","84.3","61.9","57.2","point"
"2024-01-27 11:00:00 pm","61.4","84.2","61.3","56.6","point"
"2024-01-28 01:00:00 am","60.0","87.8","60.1","56.4","point"
"2024-01-28 03:00:00 am","61.3","87.3","61.3","57.5","point"
"2024-01-28 05:00:00 am","62.4","86.5","62.4","58.3","point"
"2024-01-28 07:00:00 am","62.7","91.0","63.1","60.0","point"
"2024-01-28 09:00:00 am","65.0","90.2","65.7","62.0","point"
"2024-01-28 11:00:00 am","71.3","66.6","71.8","59.6","point"
"2024-01-28 01:00:00 pm","74.8","55.1","74.1","57.5","point"
"2024-01-28 03:00:00 pm","76.4","52.9","75.4","58.0","point"
"2024-01-28 05:00:00 pm","72.8","76.2","73.9","64.8","point"
"2024-01-28 07:00:00 pm","67.7","83.1","68.2","62.3","point"
"2024-01-28 09:00:00 pm","63.5","89.3","63.9","60.3","point"
"2024-01-28 11:00:00 pm","61.3","94.4","62.1","59.6","point"
"2024-01-29 01:00:00 am","60.1","94.3","61.0","58.4","point"
"2024-01-29 03:00:00 am","60.7","91.3","61.2","58.2","point"
"2024-01-29 05:00:00 am","59.8","92.0","60.4","57.5","point"
"2024-01-29 07:00:00 am","60.6","92.4","61.2","58.3","point"
"2024-01-29 09:00:00 am","64.2","88.6","64.6","60.8","point"
"2024-01-29 11:00:00 am","68.9","81.2","69.6","62.9","point"
"2024-01-29 01:00:00 pm","71.2","77.2","72.1","63.6","point"
"2024-01-29 03:00:00 pm","74.0","72.3","75.0","64.5","point"
"2024-01-29 05:00:00 pm","72.5","79.9","73.9","65.9","point"
"2024-01-29 07:00:00 pm","67.3","86.6","68.0","63.2","point"
"2024-01-29 09:00:00 pm","63.1","92.0","63.7","60.8","point"
"2024-01-29 11:00:00 pm","60.3","94.2","61.2","58.6","point"
"2024-01-30 01:00:00 am","58.4","90.9","58.8","55.7","point"
"2024-01-30 03:00:00 am","61.1","83.8","61.0","56.1","point"
"2024-01-30 05:00:00 am","63.8","74.5","62.8","55.5","point"
"2024-01-30 07:00:00 am","62.3","78.9","61.9","55.6","point"
"2024-01-30 09:00:00 am","64.7","83.4","64.6","59.5","point"
"2024-01-30 11:00:00 am","69.7","81.8","70.5","63.8","point"
"2024-01-30 01:00:00 pm","73.1","73.7","74.1","64.2","point"
"2024-01-30 03:00:00 pm","74.4","69.4","75.2","63.7","point"
"2024-01-30 05:00:00 pm","73.4","61.8","73.6","59.5","point"
"2024-01-30 07:00:00 pm","65.7","80.2","65.5","59.5","point"
"2024-01-30 09:00:00 pm","64.4","91.9","64.9","62.0","point"
"2024-01-30 11:00:00 pm","62.7","94.0","63.5","61.0","point"
"2024-01-31 01:00:00 am","60.1","94.4","61.0","58.5","point"
"2024-01-31 03:00:00 am","58.2","94.8","58.8","56.7","point"
"2024-01-31 05:00:00 am","58.2","97.1","59.0","57.3","point"
"2024-01-31 07:00:00 am","58.2","97.2","59.0","57.4","point"
"2024-01-31 09:00:00 am","62.4","98.9","63.7","62.1","point"
"2024-01-31 11:00:00 am","68.9","87.6","70.0","65.0","point"
"2024-01-31 01:00:00 pm","73.3","64.2","73.6","60.4","point"
"2024-01-31 03:00:00 pm","74.8","56.1","74.1","58.1","point"
"2024-01-31 05:00:00 pm","72.8","68.1","73.2","61.6","point"
"2024-01-31 07:00:00 pm","65.5","82.1","65.3","59.9","point"
"2024-01-31 09:00:00 pm","60.6","89.9","60.8","57.6","point"
"2024-01-31 11:00:00 pm","60.1","93.4","60.8","58.2","point"
"2024-02-01 01:00:00 am","59.3","94.4","59.9","57.7","point"
"2024-02-01 03:00:00 am","60.1","97.8","61.2","59.5","point"
"2024-02-01 05:00:00 am","59.0","97.1","59.7","58.1","point"
"2024-02-01 07:00:00 am","56.8","96.8","57.6","55.9","point"
"2024-02-01 09:00:00 am","60.4","96.2","61.3","59.3","point"
"2024-02-01 11:00:00 am","67.8","84.2","68.5","62.9","point"
"2024-02-01 01:00:00 pm","73.1","66.8","73.6","61.4","point"
"2024-02-01 03:00:00 pm","73.5","69.0","74.1","62.7","point"
"2024-02-01 05:00:00 pm","72.5","75.7","73.6","64.4","point"
"2024-02-01 07:00:00 pm","67.3","86.9","68.0","63.2","point"
"2024-02-01 09:00:00 pm","64.2","94.5","64.9","62.5","point"
"2024-02-01 11:00:00 pm","62.6","95.4","63.3","61.2","point"
"2024-02-02 01:00:00 am","61.5","97.5","62.4","60.7","point"
"2024-02-02 03:00:00 am","60.5","96.9","61.5","59.6","point"
"2024-02-02 05:00:00 am","58.8","97.0","59.5","57.9","point"
"2024-02-02 07:00:00 am","57.4","97.4","58.3","56.6","point"
"2024-02-02 09:00:00 am","61.6","99.5","63.0","61.4","point"
"2024-02-02 11:00:00 am","68.8","82.0","69.4","63.1","point"
"2024-02-02 01:00:00 pm","73.3","77.3","74.7","65.8","point"
"2024-02-02 03:00:00 pm","74.4","71.9","75.2","64.7","point"
"2024-02-02 05:00:00 pm","72.8","78.0","74.1","65.5","point"
"2024-02-02 07:00:00 pm","67.3","87.4","68.0","63.4","point"
"2024-02-02 09:00:00 pm","64.8","93.8","65.5","62.9","point"
"2024-02-02 11:00:00 pm","62.0","95.1","62.8","60.6","point"
"2024-02-03 01:00:00 am","60.4","96.4","61.3","59.4","point"
"2024-02-03 03:00:00 am","59.1","95.7","59.7","57.8","point"
"2024-02-03 05:00:00 am","58.1","96.2","58.8","57.0","point"
"2024-02-03 07:00:00 am","60.8","98.3","61.7","60.3","point"
"2024-02-03 09:00:00 am","66.1","90.7","66.9","63.3","point"
"2024-02-03 11:00:00 am","71.8","83.2","73.4","66.4","point"
"2024-02-03 01:00:00 pm","74.2","78.9","75.7","67.2","point"
"2024-02-03 03:00:00 pm","73.5","86.4","75.7","69.2","point"
"2024-02-03 05:00:00 pm","73.4","83.6","75.4","68.1","point"
"2024-02-03 07:00:00 pm","70.2","89.1","71.6","66.8","point"
"2024-02-03 09:00:00 pm","67.8","94.9","69.1","66.3","point"
"2024-02-03 11:00:00 pm","66.4","97.0","67.8","65.5","point"
"2024-02-04 01:00:00 am","65.3","97.7","66.7","64.7","point"
"2024-02-04 03:00:00 am","66.5","97.0","67.8","65.6","point"
"2024-02-04 05:00:00 am","68.5","87.6","69.4","64.7","point"
"2024-02-04 07:00:00 am","67.3","86.9","68.0","63.3","point"
"2024-02-04 09:00:00 am","69.5","85.1","70.5","64.8","point"
"2024-02-04 11:00:00 am","73.1","82.9","74.8","67.6","point"
"2024-02-04 01:00:00 pm","75.3","65.8","75.6","63.1","point"
"2024-02-04 03:00:00 pm","77.9","67.1","79.2","66.1","point"
"2024-02-04 05:00:00 pm","74.2","82.5","76.3","68.5","point"
"2024-02-04 07:00:00 pm","71.5","91.3","73.4","68.8","point"
"2024-02-04 09:00:00 pm","68.2","94.4","69.6","66.5","point"
"2024-02-04 11:00:00 pm","65.7","96.2","66.9","64.6","point"
"2024-02-05 01:00:00 am","63.5","97.1","64.4","62.6","point"
"2024-02-05 03:00:00 am","62.1","97.9","63.3","61.4","point"
"2024-02-05 05:00:00 am","61.3","96.0","62.2","60.2","point"
"2024-02-05 07:00:00 am","61.4","91.1","61.9","58.7","point"
"2024-02-05 09:00:00 am","64.7","91.5","65.1","62.1","point"
"2024-02-05 11:00:00 am","71.8","77.3","72.9","64.3","point"
"2024-02-05 01:00:00 pm","77.3","58.6","77.2","61.7","point"
"2024-02-05 03:00:00 pm","78.9","56.6","79.2","62.2","point"
"2024-02-05 05:00:00 pm","77.1","62.4","77.4","63.2","point"
"2024-02-05 07:00:00 pm","69.9","83.0","70.9","64.5","point"
"2024-02-05 09:00:00 pm","68.6","92.7","70.0","66.4","point"
"2024-02-05 11:00:00 pm","67.6","95.0","68.9","66.1","point"
"2024-02-06 01:00:00 am","64.1","96.1","65.1","62.9","point"
"2024-02-06 03:00:00 am","61.7","95.9","62.6","60.5","point"
"2024-02-06 05:00:00 am","61.8","93.3","62.4","59.9","point"
"2024-02-06 07:00:00 am","62.8","90.1","63.1","59.8","point"
"2024-02-06 09:00:00 am","65.9","84.0","66.0","61.0","point"
"2024-02-06 11:00:00 am","74.1","65.3","74.3","61.7","point"
"2024-02-06 01:00:00 pm","77.4","62.0","77.9","63.3","point"
"2024-02-06 03:00:00 pm","79.6","52.0","79.5","60.5","point"
"2024-02-06 05:00:00 pm","76.8","60.9","77.0","62.3","point"
"2024-02-06 07:00:00 pm","68.6","71.2","68.4","58.9","point"
"2024-02-06 09:00:00 pm","67.0","88.9","67.8","63.7","point"
"2024-02-06 11:00:00 pm","64.3","93.2","64.9","62.3","point"
"2024-02-07 01:00:00 am","62.3","90.8","62.8","59.5","point"
"2024-02-07 03:00:00 am","61.7","87.5","61.9","58.0","point"
"2024-02-07 05:00:00 am","61.8","86.8","61.9","57.8","point"
"2024-02-07 07:00:00 am","62.6","88.3","62.8","59.0","point"
"2024-02-07 09:00:00 am","66.7","85.5","66.9","62.2","point"
"2024-02-07 11:00:00 am","73.0","64.6","73.2","60.4","point"
"2024-02-07 01:00:00 pm","77.2","59.6","77.4","62.1","point"
"2024-02-07 03:00:00 pm","78.6","56.3","78.6","61.8","point"
"2024-02-07 05:00:00 pm","77.2","63.7","77.5","63.9","point"
"2024-02-07 07:00:00 pm","70.4","80.4","71.4","64.1","point"
"2024-02-07 09:00:00 pm","69.1","92.3","70.5","66.8","point"
"2024-02-07 11:00:00 pm","64.1","91.9","64.8","61.8","point"
"2024-02-08 01:00:00 am","62.8","92.6","63.3","60.6","point"
"2024-02-08 03:00:00 am","64.5","87.9","64.6","60.8","point"
"2024-02-08 05:00:00 am","64.8","77.5","64.2","57.6","point"
"2024-02-08 07:00:00 am","61.1","84.0","61.0","56.3","point"
"2024-02-08 09:00:00 am","64.2","85.8","64.2","59.9","point"
"2024-02-08 11:00:00 am","72.5","71.7","73.0","62.8","point"
"2024-02-08 01:00:00 pm","79.5","53.1","79.5","60.9","point"
"2024-02-08 03:00:00 pm","78.2","62.5","79.2","64.4","point"
"2024-02-08 05:00:00 pm","75.9","72.4","77.2","66.4","point"
"2024-02-08 07:00:00 pm","70.6","81.8","71.6","64.7","point"
"2024-02-08 09:00:00 pm","66.8","91.0","67.6","64.1","point"
"2024-02-08 11:00:00 pm","64.5","93.1","65.1","62.5","point"
"2024-02-09 01:00:00 am","62.0","94.2","62.8","60.4","point"
"2024-02-09 03:00:00 am","61.4","93.8","62.1","59.5","point"
"2024-02-09 05:00:00 am","59.3","95.1","59.9","57.9","point"
"2024-02-09 07:00:00 am","58.9","95.8","59.7","57.7","point"
"2024-02-09 09:00:00 am","62.9","97.4","63.9","62.2","point"
"2024-02-09 11:00:00 am","70.6","81.0","71.6","64.5","point"
"2024-02-09 01:00:00 pm","76.6","57.1","76.1","60.3","point"
"2024-02-09 03:00:00 pm","78.2","64.4","79.3","65.2","point"
"2024-02-09 05:00:00 pm","75.7","78.3","77.5","68.4","point"
"2024-02-09 07:00:00 pm","70.8","88.2","72.3","67.2","point"
"2024-02-09 09:00:00 pm","68.6","94.6","70.2","67.0","point"
"2024-02-09 11:00:00 pm","68.9","96.0","70.3","67.7","point"
"2024-02-10 01:00:00 am","66.2","95.4","67.5","64.9","point"
"2024-02-10 03:00:00 am","63.3","93.6","63.9","61.4","point"
"2024-02-10 05:00:00 am","65.6","85.3","65.7","61.0","point"
"2024-02-10 07:00:00 am","65.9","79.5","65.7","59.4","point"
"2024-02-10 09:00:00 am","67.3","83.3","67.8","62.0","point"
"2024-02-10 11:00:00 am","73.6","72.4","74.7","64.1","point"
"2024-02-10 01:00:00 pm","76.5","71.5","77.7","66.6","point"
"2024-02-10 03:00:00 pm","81.6","48.3","81.3","60.2","point"
"2024-02-10 05:00:00 pm","76.9","71.6","78.3","67.0","point"
"2024-02-10 07:00:00 pm","71.4","89.6","73.0","68.2","point"
"2024-02-10 09:00:00 pm","69.4","95.4","70.9","68.0","point"
"2024-02-10 11:00:00 pm","66.3","97.1","67.5","65.5","point"
"2024-02-11 01:00:00 am","64.2","97.1","65.1","63.3","point"
"2024-02-11 03:00:00 am","62.6","97.3","63.5","61.8","point"
"2024-02-11 05:00:00 am","62.6","97.9","63.9","62.0","point"
"2024-02-11 07:00:00 am","63.0","96.3","64.0","61.9","point"
"2024-02-11 09:00:00 am","66.3","91.7","67.1","63.9","point"
"2024-02-11 11:00:00 am","71.4","83.0","72.7","65.9","point"
"2024-02-11 01:00:00 pm","76.7","61.3","76.6","62.4","point"
"2024-02-11 03:00:00 pm","80.2","38.1","78.1","52.4","point"
"2024-02-11 05:00:00 pm","76.0","59.2","75.7","60.7","point"
"2024-02-11 07:00:00 pm","66.7","73.5","66.0","57.9","point"
"2024-02-11 09:00:00 pm","63.6","88.0","63.7","60.0","point"
"2024-02-11 11:00:00 pm","62.0","93.3","62.6","60.0","point"
"2024-02-12 01:00:00 am","60.9","93.1","61.5","58.8","point"
"2024-02-12 03:00:00 am","60.5","93.4","61.2","58.6","point"
"2024-02-12 05:00:00 am","63.0","87.5","63.1","59.2","point"
"2024-02-12 07:00:00 am","64.1","84.9","64.0","59.4","point"
"2024-02-12 09:00:00 am","66.2","79.1","66.0","59.6","point"
"2024-02-12 11:00:00 am","72.0","54.9","71.4","54.9","point"
"2024-02-12 01:00:00 pm","79.5","35.2","76.8","49.7","point"
"2024-02-12 03:00:00 pm","80.7","32.5","77.7","48.5","point"
"2024-02-12 05:00:00 pm","76.9","48.0","75.4","55.7","point"
"2024-02-12 07:00:00 pm","66.8","63.7","65.5","54.2","point"
"2024-02-12 09:00:00 pm","66.7","88.4","67.3","63.2","point"
"2024-02-12 11:00:00 pm","63.4","92.2","64.0","61.1","point"
"2024-02-13 01:00:00 am","59.9","93.4","60.6","58.0","point"
"2024-02-13 03:00:00 am","60.8","91.6","61.2","58.3","point"
"2024-02-13 05:00:00 am","60.5","86.9","60.6","56.6","point"
"2024-02-13 07:00:00 am","60.2","89.5","60.4","57.1","point"
"2024-02-13 09:00:00 am","63.9","89.1","64.2","60.6","point"
"2024-02-13 11:00:00 am","71.7","64.6","72.0","59.2","point"
"2024-02-13 01:00:00 pm","77.1","47.8","75.6","55.8","point"
"2024-02-13 03:00:00 pm","78.1","52.1","77.7","59.1","point"
"2024-02-13 05:00:00 pm","76.3","60.0","76.1","61.4","point"
"2024-02-13 07:00:00 pm","68.1","74.8","68.0","59.8","point"
"2024-02-13 09:00:00 pm","66.2","90.7","66.9","63.4","point"
"2024-02-13 11:00:00 pm","62.9","92.7","63.5","60.7","point"
"2024-02-14 01:00:00 am","62.2","96.0","63.1","61.1","point"
"2024-02-14 03:00:00 am","62.5","95.8","63.5","61.3","point"
"2024-02-14 05:00:00 am","63.0","94.5","63.9","61.4","point"
"2024-02-14 07:00:00 am","64.9","86.3","64.9","60.7","point"
"2024-02-14 09:00:00 am","67.9","84.9","68.5","63.2","point"
"2024-02-14 11:00:00 am","73.8","71.8","74.7","64.1","point"
"2024-02-14 01:00:00 pm","78.7","47.5","77.7","57.0","point"
"2024-02-14 03:00:00 pm","79.7","54.7","79.9","61.9","point"
"2024-02-14 05:00:00 pm","76.3","59.5","76.1","61.2","point"
"2024-02-14 07:00:00 pm","71.7","80.0","72.9","65.2","point"
"2024-02-14 09:00:00 pm","69.7","91.3","71.1","67.0","point"
"2024-02-14 11:00:00 pm","66.9","93.2","67.8","64.9","point"
"2024-02-15 01:00:00 am","64.1","95.1","64.9","62.6","point"
"2024-02-15 03:00:00 am","63.5","97.2","64.4","62.6","point"
"2024-02-15 05:00:00 am","64.5","95.1","65.3","63.1","point"
"2024-02-15 07:00:00 am","65.8","86.2","65.8","61.5","point"
"2024-02-15 09:00:00 am","67.2","87.5","67.8","63.4","point"
"2024-02-15 11:00:00 am","73.8","72.4","74.8","64.4","point"
"2024-02-15 01:00:00 pm","78.4","50.5","77.7","58.6","point"
"2024-02-15 03:00:00 pm","78.1","48.8","77.2","57.3","point"
"2024-02-15 05:00:00 pm","74.1","65.6","74.3","61.9","point"
"2024-02-15 07:00:00 pm","68.6","80.9","69.3","62.5","point"
"2024-02-15 09:00:00 pm","65.1","89.6","65.5","61.9","point"
"2024-02-15 11:00:00 pm","62.9","94.3","63.7","61.3","point"
"2024-02-16 01:00:00 am","63.9","93.2","64.6","61.8","point"
"2024-02-16 03:00:00 am","63.5","84.2","63.5","58.7","point"
"2024-02-16 05:00:00 am","65.3","80.5","64.8","59.1","point"
"2024-02-16 07:00:00 am","64.9","77.8","64.4","57.8","point"
"2024-02-16 09:00:00 am","66.9","74.1","66.4","58.4","point"
"2024-02-16 11:00:00 am","73.4","58.4","73.0","57.9","point"
"2024-02-16 01:00:00 pm","77.8","45.8","76.3","55.3","point"
"2024-02-16 03:00:00 pm","80.1","43.8","78.8","56.1","point"
"2024-02-16 05:00:00 pm","76.3","54.9","75.6","58.9","point"
"2024-02-16 07:00:00 pm","69.4","73.7","69.6","60.7","point"
"2024-02-16 09:00:00 pm","67.1","86.6","67.8","63.0","point"
"2024-02-16 11:00:00 pm","65.4","95.0","66.4","63.9","point"
"2024-02-17 01:00:00 am","63.1","94.9","63.9","61.6","point"
"2024-02-17 03:00:00 am","63.1","93.6","63.7","61.2","point"
"2024-02-17 05:00:00 am","65.7","86.8","66.0","61.6","point"
"2024-02-17 07:00:00 am","66.0","86.2","66.2","61.8","point"
"2024-02-17 09:00:00 am","67.9","79.7","68.2","61.4","point"
"2024-02-17 11:00:00 am","74.3","67.0","74.8","62.6","point"
"2024-02-17 01:00:00 pm","80.2","48.9","79.7","59.2","point"
"2024-02-17 03:00:00 pm","80.0","61.2","81.7","65.4","point"
"2024-02-17 05:00:00 pm","77.0","69.3","78.1","66.1","point"
"2024-02-17 07:00:00 pm","71.5","81.3","72.7","65.4","point"
"2024-02-17 09:00:00 pm","69.2","91.9","70.5","66.7","point"
"2024-02-17 11:00:00 pm","66.7","95.2","67.8","65.3","point"
"2024-02-18 01:00:00 am","66.1","96.8","67.3","65.1","point"
"2024-02-18 03:00:00 am","63.1","96.6","64.0","62.1","point"
"2024-02-18 05:00:00 am","61.8","96.6","62.8","60.8","point"
"2024-02-18 07:00:00 am","60.6","97.0","61.7","59.8","point"
"2024-02-18 09:00:00 am","64.8","98.5","66.0","64.4","point"
"2024-02-18 11:00:00 am","72.1","85.1","73.9","67.4","point"
"2024-02-18 01:00:00 pm","73.5","78.4","74.8","66.3","point"
"2024-02-18 03:00:00 pm","76.8","74.0","78.6","67.9","point"
"2024-02-18 05:00:00 pm","75.6","76.7","77.4","67.8","point"
"2024-02-18 07:00:00 pm","71.0","86.1","72.3","66.6","point"
"2024-02-18 09:00:00 pm","68.2","93.2","69.4","66.1","point"
"2024-02-18 11:00:00 pm","66.9","96.8","68.2","65.9","point"
"2024-02-19 01:00:00 am","67.9","99.1","69.6","67.6","point"
"2024-02-19 03:00:00 am","67.3","100.0","69.1","67.3","point"
"2024-02-19 05:00:00 am","64.2","98.0","65.3","63.6","point"
"2024-02-19 07:00:00 am","66.3","95.9","67.5","65.1","point"
"2024-02-19 09:00:00 am","67.4","88.2","68.2","63.8","point"
"2024-02-19 11:00:00 am","73.4","77.2","74.7","65.8","point"
"2024-02-19 01:00:00 pm","76.2","76.1","77.7","68.2","point"
"2024-02-19 03:00:00 pm","75.7","71.6","76.6","65.9","point"
"2024-02-19 05:00:00 pm","76.2","71.2","77.2","66.1","point"
"2024-02-19 07:00:00 pm","71.3","82.5","72.7","65.7","point"
"2024-02-19 09:00:00 pm","69.0","94.0","70.5","67.2","point"
"2024-02-19 11:00:00 pm","66.6","94.9","67.8","65.1","point"
"2024-02-20 01:00:00 am","65.3","96.7","66.6","64.4","point"
"2024-02-20 03:00:00 am","64.7","96.6","65.7","63.7","point"
"2024-02-20 05:00:00 am","62.3","96.9","63.3","61.4","point"
"2024-02-20 07:00:00 am","61.3","97.5","62.2","60.5","point"
"2024-02-20 09:00:00 am","68.3","94.6","69.6","66.6","point"
"2024-02-20 11:00:00 am","73.4","83.9","75.4","68.3","point"
"2024-02-20 01:00:00 pm","76.2","74.5","77.5","67.5","point"
"2024-02-20 03:00:00 pm","77.4","79.2","80.4","70.4","point"
"2024-02-20 05:00:00 pm","76.1","79.5","78.3","69.3","point"
"2024-02-20 07:00:00 pm","72.0","86.5","73.8","67.7","point"
"2024-02-20 09:00:00 pm","70.4","95.3","72.1","69.0","point"
"2024-02-20 11:00:00 pm","67.8","96.6","69.4","66.8","point"
"2024-02-21 01:00:00 am","67.0","96.8","68.4","66.0","point"
"2024-02-21 03:00:00 am","67.8","98.9","69.3","67.5","point"
"2024-02-21 05:00:00 am","67.5","98.4","69.1","67.0","point"
"2024-02-21 07:00:00 am","66.0","98.7","67.3","65.6","point"
"2024-02-21 09:00:00 am","68.3","98.9","70.0","67.9","point"
"2024-02-21 11:00:00 am","72.5","83.4","74.1","67.2","point"
"2024-02-21 01:00:00 pm","77.2","76.6","79.7","69.3","point"
"2024-02-21 03:00:00 pm","77.5","79.0","80.4","70.5","point"
"2024-02-21 05:00:00 pm","76.1","79.9","78.3","69.4","point"
"2024-02-21 07:00:00 pm","72.8","86.1","74.7","68.4","point"
"2024-02-21 09:00:00 pm","67.8","92.7","69.1","65.6","point"
"2024-02-21 11:00:00 pm","66.0","94.7","66.9","64.4","point"
"2024-02-22 01:00:00 am","63.1","96.0","64.0","62.0","point"
"2024-02-22 03:00:00 am","61.6","97.4","62.6","60.9","point"
"2024-02-22 05:00:00 am","60.9","97.5","61.9","60.2","point"
"2024-02-22 07:00:00 am","64.0","99.6","65.3","63.9","point"
"2024-02-22 09:00:00 am","65.7","98.1","67.1","65.2","point"
"2024-02-22 11:00:00 am","69.4","84.2","70.3","64.5","point"
"2024-02-22 01:00:00 pm","75.8","67.3","76.3","64.2","point"
"2024-02-22 03:00:00 pm","76.7","69.2","77.7","65.8","point"
"2024-02-22 05:00:00 pm","75.1","67.9","75.7","63.7","point"
"2024-02-22 07:00:00 pm","69.9","78.0","70.5","62.8","point"
"2024-02-22 09:00:00 pm","67.6","91.8","68.5","65.1","point"
"2024-02-22 11:00:00 pm","63.9","94.4","64.8","62.2","point"
"2024-02-23 01:00:00 am","60.1","93.3","60.8","58.1","point"
"2024-02-23 03:00:00 am","59.2","94.2","59.9","57.5","point"
"2024-02-23 05:00:00 am","56.8","92.3","57.2","54.6","point"
"2024-02-23 07:00:00 am","55.5","90.4","55.8","52.7","point"
"2024-02-23 09:00:00 am","61.1","87.5","61.2","57.4","point"
"2024-02-23 11:00:00 am","68.4","79.4","68.9","61.8","point"
"2024-02-23 01:00:00 pm","74.3","67.2","74.8","62.7","point"
"2024-02-23 03:00:00 pm","76.1","49.5","74.8","55.8","point"
"2024-02-23 05:00:00 pm","75.6","61.9","75.7","61.6","point"
"2024-02-23 07:00:00 pm","68.1","75.6","68.2","60.1","point"
"2024-02-23 09:00:00 pm","66.1","90.6","66.9","63.3","point"
"2024-02-23 11:00:00 pm","64.0","94.0","64.8","62.2","point"
"2024-02-24 01:00:00 am","62.0","95.3","62.8","60.7","point"
"2024-02-24 03:00:00 am","60.9","96.0","61.9","59.7","point"
"2024-02-24 05:00:00 am","58.7","94.5","59.4","57.2","point"
"2024-02-24 07:00:00 am","56.2","92.1","56.7","53.9","point"
"2024-02-24 09:00:00 am","60.6","92.3","61.3","58.4","point"
"2024-02-24 11:00:00 am","69.8","82.6","70.9","64.3","point"
"2024-02-24 01:00:00 pm","74.5","57.2","74.1","58.4","point"
"2024-02-24 03:00:00 pm","75.3","60.5","75.2","60.7","point"
"2024-02-24 05:00:00 pm","74.7","62.3","74.8","61.0","point"
"2024-02-24 07:00:00 pm","71.2","83.4","72.5","65.9","point"
"2024-02-24 09:00:00 pm","66.9","93.4","67.8","64.9","point"
"2024-02-24 11:00:00 pm","65.2","95.0","66.2","63.7","point"
"2024-02-25 01:00:00 am","62.8","95.6","63.7","61.5","point"
"2024-02-25 03:00:00 am","60.4","91.6","60.8","57.9","point"
"2024-02-25 05:00:00 am","58.8","92.2","59.4","56.6","point"
"2024-02-25 07:00:00 am","60.6","96.7","61.5","59.7","point"
"2024-02-25 09:00:00 am","65.6","95.9","66.7","64.4","point"
"2024-02-25 11:00:00 am","72.3","87.8","74.1","68.4","point"
"2024-02-25 01:00:00 pm","73.7","86.0","75.9","69.2","point"
"2024-02-25 03:00:00 pm","75.9","81.8","78.1","69.9","point"
"2024-02-25 05:00:00 pm","75.8","83.1","78.3","70.3","point"
"2024-02-25 07:00:00 pm","72.2","87.6","74.1","68.3","point"
"2024-02-25 09:00:00 pm","67.6","93.0","68.7","65.5","point"
"2024-02-25 11:00:00 pm","65.1","96.0","66.4","64.0","point"
"2024-02-26 01:00:00 am","64.8","97.3","65.8","64.0","point"
"2024-02-26 03:00:00 am","65.1","98.3","66.6","64.6","point"
"2024-02-26 05:00:00 am","65.0","96.5","66.2","64.0","point"
"2024-02-26 07:00:00 am","66.2","93.0","67.3","64.1","point"
"2024-02-26 09:00:00 am","68.5","85.5","69.3","64.0","point"
"2024-02-26 11:00:00 am","74.6","61.3","74.5","60.4","point"
"2024-02-26 01:00:00 pm","78.8","55.4","79.2","61.4","point"
"2024-02-26 03:00:00 pm","80.6","47.7","80.2","58.9","point"
"2024-02-26 05:00:00 pm","80.6","54.8","81.1","62.8","point"
"2024-02-26 07:00:00 pm","70.8","70.9","71.4","60.9","point"
"2024-02-26 09:00:00 pm","69.9","91.2","71.4","67.2","point"
"2024-02-26 11:00:00 pm","65.9","93.4","66.7","63.9","point"
"2024-02-27 01:00:00 am","64.2","94.0","64.9","62.4","point"
"2024-02-27 03:00:00 am","65.3","91.5","66.0","62.8","point"
"2024-02-27 05:00:00 am","67.3","82.5","67.8","61.8","point"
"2024-02-27 07:00:00 am","66.4","88.1","66.9","62.7","point"
"2024-02-27 09:00:00 am","68.4","88.7","69.4","64.9","point"
"2024-02-27 11:00:00 am","75.3","70.9","76.3","65.2","point"
"2024-02-27 01:00:00 pm","80.3","48.3","79.7","59.0","point"
"2024-02-27 03:00:00 pm","81.5","52.9","82.4","62.7","point"
"2024-02-27 05:00:00 pm","79.8","65.4","82.2","67.1","point"
"2024-02-27 07:00:00 pm","75.1","79.1","77.0","68.1","point"
"2024-02-27 09:00:00 pm","70.1","89.9","71.4","67.0","point"
"2024-02-27 11:00:00 pm","68.4","94.4","69.8","66.7","point"
"2024-02-28 01:00:00 am","65.8","94.7","66.7","64.2","point"
"2024-02-28 03:00:00 am","66.7","96.1","68.0","65.5","point"
"2024-02-28 05:00:00 am","67.8","86.0","68.4","63.5","point"
"2024-02-28 07:00:00 am","64.8","92.8","65.5","62.7","point"
"2024-02-28 09:00:00 am","70.4","81.1","71.4","64.4","point"
"2024-02-28 11:00:00 am","74.2","78.3","75.7","67.0","point"
"2024-02-28 01:00:00 pm","81.3","49.6","81.3","60.7","point"
"2024-02-28 03:00:00 pm","80.2","65.7","82.9","67.6","point"
"2024-02-28 05:00:00 pm","78.5","68.3","80.6","67.2","point"
"2024-02-28 07:00:00 pm","74.5","83.3","76.8","69.1","point"
"2024-02-28 09:00:00 pm","70.6","93.0","72.1","68.5","point"
"2024-02-28 11:00:00 pm","68.7","96.5","70.2","67.7","point"
"2024-02-29 01:00:00 am","66.0","95.2","66.9","64.6","point"
"2024-02-29 03:00:00 am","64.8","86.6","64.9","60.7","point"
"2024-02-29 05:00:00 am","68.2","73.0","68.2","59.2","point"
"2024-02-29 07:00:00 am","67.7","73.1","67.5","58.8","point"
"2024-02-29 09:00:00 am","67.7","84.7","68.4","63.0","point"
"2024-02-29 11:00:00 am","76.0","63.3","76.3","62.6","point"
"2024-02-29 01:00:00 pm","80.2","47.2","79.5","58.3","point"
"2024-02-29 03:00:00 pm","85.1","23.3","81.3","43.5","point"
"2024-02-29 05:00:00 pm","79.4","55.8","79.9","62.2","point"
"2024-02-29 07:00:00 pm","74.9","85.6","77.4","70.2","point"
"2024-02-29 09:00:00 pm","70.3","92.6","71.8","68.0","point"
"2024-02-29 11:00:00 pm","68.0","93.7","69.3","66.1","point"
"2024-03-01 01:00:00 am","65.5","95.9","66.7","64.3","point"
"2024-03-01 03:00:00 am","65.4","94.6","66.4","63.8","point"
"2024-03-01 05:00:00 am","62.9","95.0","63.7","61.4","point"
"2024-03-01 07:00:00 am","63.2","94.4","64.0","61.5","point"
"2024-03-01 09:00:00 am","68.9","77.1","69.4","61.4","point"
"2024-03-01 11:00:00 am","74.1","70.7","74.8","64.0","point"
"2024-03-01 01:00:00 pm","77.0","52.8","75.9","58.4","point"
"2024-03-01 03:00:00 pm","82.6","33.7","80.1","51.2","point"
"2024-03-01 05:00:00 pm","77.2","63.0","77.9","63.7","point"
"2024-03-01 07:00:00 pm","73.3","78.6","74.7","66.2","point"
"2024-03-01 09:00:00 pm","72.3","91.6","74.7","69.7","point"
"2024-03-01 11:00:00 pm","70.6","94.7","72.3","69.0","point"
"2024-03-02 01:00:00 am","66.0","94.6","66.9","64.4","point"
"2024-03-02 03:00:00 am","67.3","91.5","68.4","64.7","point"
"2024-03-02 05:00:00 am","65.1","89.6","65.5","61.9","point"
"2024-03-02 07:00:00 am","62.0","92.2","62.6","59.7","point"
"2024-03-02 09:00:00 am","69.0","74.5","69.1","60.6","point"
"2024-03-02 11:00:00 am","75.0","60.8","74.8","60.5","point"
"2024-03-02 01:00:00 pm","80.3","39.1","78.4","53.2","point"
"2024-03-02 03:00:00 pm","78.0","59.7","78.4","62.8","point"
"2024-03-02 05:00:00 pm","76.2","65.0","76.5","63.6","point"
"2024-03-02 07:00:00 pm","74.0","83.7","76.1","68.7","point"
"2024-03-02 09:00:00 pm","72.2","90.6","74.3","69.4","point"
"2024-03-02 11:00:00 pm","69.9","92.2","71.4","67.5","point"
"2024-03-03 01:00:00 am","70.1","94.0","71.8","68.3","point"
"2024-03-03 03:00:00 am","65.7","94.6","66.7","64.1","point"
"2024-03-03 05:00:00 am","64.4","96.8","65.5","63.5","point"
"2024-03-03 07:00:00 am","63.3","96.4","64.2","62.3","point"
"2024-03-03 09:00:00 am","67.3","97.3","68.7","66.5","point"
"2024-03-03 11:00:00 am","72.5","89.0","74.5","69.0","point"
"2024-03-03 01:00:00 pm","76.7","80.2","79.2","70.1","point"
"2024-03-03 03:00:00 pm","76.7","79.5","79.2","69.9","point"
"2024-03-03 05:00:00 pm","76.5","79.1","78.6","69.5","point"
"2024-03-03 07:00:00 pm","72.8","86.1","74.7","68.4","point"
"2024-03-03 09:00:00 pm","68.9","92.5","70.3","66.6","point"
"2024-03-03 11:00:00 pm","67.2","95.3","68.4","65.9","point"
"2024-03-04 01:00:00 am","66.0","96.8","67.1","65.0","point"
"2024-03-04 03:00:00 am","64.4","97.3","65.3","63.6","point"
"2024-03-04 05:00:00 am","63.1","96.8","64.0","62.2","point"
"2024-03-04 07:00:00 am","62.6","97.0","63.5","61.7","point"
"2024-03-04 09:00:00 am","65.8","94.7","66.7","64.2","point"
"2024-03-04 11:00:00 am","71.6","88.0","73.4","67.9","point"
"2024-03-04 01:00:00 pm","75.9","80.5","78.3","69.5","point"
"2024-03-04 03:00:00 pm","77.4","76.8","80.1","69.5","point"
"2024-03-04 05:00:00 pm","76.5","79.7","78.8","69.8","point"
"2024-03-04 07:00:00 pm","73.1","87.2","75.2","69.1","point"
"2024-03-04 09:00:00 pm","69.3","92.8","70.7","67.1","point"
"2024-03-04 11:00:00 pm","66.9","96.0","68.2","65.7","point"
"2024-03-05 01:00:00 am","64.7","96.0","65.7","63.5","point"
"2024-03-05 03:00:00 am","66.1","98.4","67.5","65.6","point"
"2024-03-05 05:00:00 am","63.6","96.6","64.6","62.6","point"
"2024-03-05 07:00:00 am","62.3","97.8","63.5","61.6","point"
"2024-03-05 09:00:00 am","67.0","99.1","68.5","66.8","point"
"2024-03-05 11:00:00 am","74.0","86.8","76.5","69.8","point"
"2024-03-05 01:00:00 pm","76.5","83.5","79.3","71.1","point"
"2024-03-05 03:00:00 pm","78.2","80.3","82.0","71.6","point"
"2024-03-05 05:00:00 pm","76.8","78.8","79.3","69.7","point"
"2024-03-05 07:00:00 pm","73.6","87.2","75.9","69.5","point"
"2024-03-05 09:00:00 pm","70.2","92.9","71.8","68.1","point"
"2024-03-05 11:00:00 pm","68.0","94.9","69.4","66.5","point"
"2024-03-06 01:00:00 am","67.0","97.7","68.5","66.3","point"
"2024-03-06 03:00:00 am","67.4","97.2","68.7","66.5","point"
"2024-03-06 05:00:00 am","62.8","94.0","63.7","61.1","point"
"2024-03-06 07:00:00 am","61.1","95.6","61.9","59.8","point"
"2024-03-06 09:00:00 am","65.6","92.1","66.4","63.2","point"
"2024-03-06 11:00:00 am","72.2","86.4","74.1","67.9","point"
"2024-03-06 01:00:00 pm","76.8","71.7","78.3","67.0","point"
"2024-03-06 03:00:00 pm","78.2","71.5","80.6","68.2","point"
"2024-03-06 05:00:00 pm","76.8","72.8","78.1","67.4","point"
"2024-03-06 07:00:00 pm","73.1","81.6","74.7","67.2","point"
"2024-03-06 09:00:00 pm","69.4","90.1","70.7","66.3","point"
"2024-03-06 11:00:00 pm","65.6","90.4","66.2","62.7","point"
"2024-03-07 01:00:00 am","63.7","93.6","64.4","61.8","point"
"2024-03-07 03:00:00 am","62.9","95.8","63.9","61.7","point"
"2024-03-07 05:00:00 am","62.0","95.7","63.0","60.7","point"
"2024-03-07 07:00:00 am","62.5","95.8","63.5","61.3","point"
"2024-03-07 09:00:00 am","67.2","91.2","68.2","64.6","point"
"2024-03-07 11:00:00 am","73.7","79.4","75.4","67.0","point"
"2024-03-07 01:00:00 pm","78.0","68.9","79.7","66.9","point"
"2024-03-07 03:00:00 pm","78.4","68.0","80.2","67.0","point"
"2024-03-07 05:00:00 pm","77.3","71.2","79.0","67.2","point"
"2024-03-07 07:00:00 pm","72.8","79.5","74.3","66.1","point"
"2024-03-07 09:00:00 pm","69.7","88.1","70.9","66.0","point"
"2024-03-07 11:00:00 pm","66.7","91.5","67.5","64.1","point"
"2024-03-08 01:00:00 am","65.4","90.8","66.0","62.7","point"
"2024-03-08 03:00:00 am","63.6","84.3","63.5","58.8","point"
"2024-03-08 05:00:00 am","61.5","82.6","61.3","56.1","point"
"2024-03-08 07:00:00 am","58.9","86.1","58.8","54.8","point"
"2024-03-08 09:00:00 am","64.0","85.1","63.9","59.4","point"
"2024-03-08 11:00:00 am","72.1","62.0","72.3","58.4","point"
"2024-03-08 01:00:00 pm","77.5","55.7","77.2","60.4","point"
"2024-03-08 03:00:00 pm","78.5","67.1","80.4","66.7","point"
"2024-03-08 05:00:00 pm","77.0","68.3","77.9","65.7","point"
"2024-03-08 07:00:00 pm","73.6","81.7","75.4","67.6","point"
"2024-03-08 09:00:00 pm","69.1","90.5","70.5","66.2","point"
"2024-03-08 11:00:00 pm","66.2","93.0","66.9","64.1","point"
"2024-03-09 01:00:00 am","64.8","95.2","65.7","63.4","point"
"2024-03-09 03:00:00 am","63.9","96.2","64.9","62.8","point"
"2024-03-09 05:00:00 am","62.0","95.3","62.8","60.6","point"
"2024-03-09 07:00:00 am","61.7","96.2","62.8","60.6","point"
"2024-03-09 09:00:00 am","66.2","93.9","67.1","64.4","point"
"2024-03-09 11:00:00 am","71.3","84.2","72.7","66.2","point"
"2024-03-09 01:00:00 pm","77.5","68.9","78.8","66.4","point"
"2024-03-09 03:00:00 pm","78.7","70.4","81.3","68.2","point"
"2024-03-09 05:00:00 pm","77.1","64.8","77.7","64.4","point"
"2024-03-09 07:00:00 pm","74.9","83.7","77.2","69.6","point"
"2024-03-09 09:00:00 pm","72.5","91.4","74.8","69.9","point"
"2024-03-09 11:00:00 pm","71.4","92.0","73.2","68.9","point"
"2024-03-10 01:00:00 am","70.6","93.5","72.1","68.6","point"
"2024-03-10 03:00:00 am","68.9","95.1","70.3","67.4","point"
"2024-03-10 05:00:00 am","69.1","96.2","70.5","67.9","point"
"2024-03-10 07:00:00 am","66.0","92.3","66.7","63.7","point"
"2024-03-10 09:00:00 am","66.8","84.4","67.1","61.9","point"
"2024-03-10 11:00:00 am","72.7","79.2","74.3","65.9","point"
"2024-03-10 01:00:00 pm","77.1","70.3","78.4","66.7","point"
"2024-03-10 03:00:00 pm","78.4","70.2","80.6","67.8","point"
"2024-03-10 05:00:00 pm","77.2","72.8","78.8","67.8","point"
"2024-03-10 07:00:00 pm","74.9","88.9","77.7","71.3","point"
"2024-03-10 09:00:00 pm","73.2","91.6","75.9","70.6","point"
"2024-03-10 11:00:00 pm","72.1","94.0","74.3","70.3","point"
"2024-03-11 01:00:00 am","71.6","95.7","73.6","70.3","point"
"2024-03-11 03:00:00 am","70.6","96.1","72.3","69.5","point"
"2024-03-11 05:00:00 am","68.1","93.1","69.3","66.0","point"
"2024-03-11 07:00:00 am","68.4","96.1","70.0","67.3","point"
"2024-03-11 09:00:00 am","70.9","94.6","72.9","69.3","point"
"2024-03-11 11:00:00 am","74.2","81.4","76.1","68.2","point"
"2024-03-11 01:00:00 pm","78.3","77.8","82.0","70.8","point"
"2024-03-11 03:00:00 pm","78.7","74.8","82.0","70.0","point"
"2024-03-11 05:00:00 pm","77.7","73.3","79.9","68.5","point"
"2024-03-11 07:00:00 pm","75.7","87.9","78.6","71.8","point"
"2024-03-11 09:00:00 pm","72.8","90.6","75.0","69.8","point"
"2024-03-11 11:00:00 pm","71.8","93.4","73.9","69.8","point"
"2024-03-12 01:00:00 am","71.5","94.7","73.6","69.9","point"
"2024-03-12 03:00:00 am","70.9","94.8","72.9","69.3","point"
"2024-03-12 05:00:00 am","68.5","95.0","69.8","67.0","point"
"2024-03-12 07:00:00 am","66.7","96.4","68.0","65.7","point"
"2024-03-12 09:00:00 am","70.5","96.9","72.1","69.5","point"
"2024-03-12 11:00:00 am","75.0","84.5","77.2","70.0","point"
"2024-03-12 01:00:00 pm","77.8","80.4","81.3","71.3","point"
"2024-03-12 03:00:00 pm","78.8","75.0","82.4","70.2","point"
"2024-03-12 05:00:00 pm","77.8","78.9","81.1","70.7","point"
"2024-03-12 07:00:00 pm","74.9","86.9","77.5","70.7","point"
"2024-03-12 09:00:00 pm","72.3","90.7","74.3","69.4","point"
"2024-03-12 11:00:00 pm","71.5","94.5","73.6","69.9","point"
"2024-03-13 01:00:00 am","68.6","93.9","70.2","66.7","point"
"2024-03-13 03:00:00 am","66.1","94.6","67.1","64.5","point"
"2024-03-13 05:00:00 am","65.5","95.7","66.6","64.3","point"
"2024-03-13 07:00:00 am","65.0","96.3","66.2","64.0","point"
"2024-03-13 09:00:00 am","68.3","92.1","69.4","65.9","point"
"2024-03-13 11:00:00 am","73.4","82.5","75.2","67.7","point"
"2024-03-13 01:00:00 pm","75.5","82.4","77.7","69.7","point"
"2024-03-13 03:00:00 pm","77.0","79.6","79.5","70.2","point"
"2024-03-13 05:00:00 pm","76.3","82.6","78.8","70.6","point"
"2024-03-13 07:00:00 pm","74.4","89.6","77.0","71.1","point"
"2024-03-13 09:00:00 pm","72.4","91.8","74.7","69.9","point"
"2024-03-13 11:00:00 pm","70.2","93.5","71.8","68.2","point"
"2024-03-14 01:00:00 am","68.6","95.5","70.2","67.3","point"
"2024-03-14 03:00:00 am","67.7","95.6","69.1","66.4","point"
"2024-03-14 05:00:00 am","66.4","97.6","68.0","65.7","point"
"2024-03-14 07:00:00 am","66.7","96.8","68.0","65.7","point"
"2024-03-14 09:00:00 am","67.6","90.8","68.5","64.8","point"
"2024-03-14 11:00:00 am","73.4","85.8","75.6","68.9","point"
"2024-03-14 01:00:00 pm","76.3","80.2","78.4","69.7","point"
"2024-03-14 03:00:00 pm","77.1","78.5","79.5","69.9","point"
"2024-03-14 05:00:00 pm","76.0","79.1","77.9","69.0","point"
"2024-03-14 07:00:00 pm","73.9","87.8","76.3","70.0","point"
"2024-03-14 09:00:00 pm","70.6","91.2","72.1","67.9","point"
"2024-03-14 11:00:00 pm","67.5","94.2","68.9","65.8","point"
"2024-03-15 01:00:00 am","66.4","96.1","67.8","65.2","point"
"2024-03-15 03:00:00 am","65.4","96.1","66.6","64.3","point"
"2024-03-15 05:00:00 am","63.9","95.4","64.8","62.6","point"
"2024-03-15 07:00:00 am","62.8","95.9","63.7","61.6","point"
"2024-03-15 09:00:00 am","66.1","90.7","66.9","63.2","point"
"2024-03-15 11:00:00 am","72.9","86.6","75.0","68.6","point"
"2024-03-15 01:00:00 pm","76.9","77.8","79.2","69.4","point"
"2024-03-15 03:00:00 pm","78.3","76.1","81.7","70.2","point"
"2024-03-15 05:00:00 pm","77.6","78.1","80.6","70.3","point"
"2024-03-15 07:00:00 pm","74.7","85.4","77.2","70.0","point"
"2024-03-15 09:00:00 pm","70.9","92.1","72.7","68.5","point"
"2024-03-15 11:00:00 pm","69.9","94.8","71.6","68.3","point"
"2024-03-16 01:00:00 am","69.5","96.2","71.2","68.3","point"
"2024-03-16 03:00:00 am","67.7","95.5","69.1","66.3","point"
"2024-03-16 05:00:00 am","64.2","93.3","64.8","62.2","point"
"2024-03-16 07:00:00 am","62.8","93.7","63.5","61.0","point"
"2024-03-16 09:00:00 am","67.6","89.8","68.4","64.5","point"
"2024-03-16 11:00:00 am","72.9","85.4","74.8","68.3","point"
"2024-03-16 01:00:00 pm","78.4","75.1","81.5","69.9","point"
"2024-03-16 03:00:00 pm","78.6","78.6","82.9","71.4","point"
"2024-03-16 05:00:00 pm","77.6","78.0","80.6","70.2","point"
"2024-03-16 07:00:00 pm","74.5","86.7","77.0","70.3","point"
"2024-03-16 09:00:00 pm","71.8","92.6","73.9","69.5","point"
"2024-03-16 11:00:00 pm","69.4","94.0","70.9","67.6","point"
"2024-03-17 01:00:00 am","67.7","94.8","69.1","66.1","point"
"2024-03-17 03:00:00 am","65.3","94.0","66.4","63.6","point"
"2024-03-17 05:00:00 am","63.6","94.4","64.4","62.0","point"
"2024-03-17 07:00:00 am","68.7","81.8","69.3","62.9","point"
"2024-03-17 09:00:00 am","70.2","84.6","71.4","65.3","point"
"2024-03-17 11:00:00 am","77.5","76.3","79.9","69.4","point"
"2024-03-17 01:00:00 pm","79.4","73.3","83.1","70.1","point"
"2024-03-17 03:00:00 pm","79.9","75.8","84.4","71.5","point"
"2024-03-17 05:00:00 pm","78.8","76.2","82.6","70.7","point"
"2024-03-17 07:00:00 pm","74.2","85.3","76.5","69.5","point"
"2024-03-17 09:00:00 pm","72.4","89.6","74.5","69.2","point"
"2024-03-17 11:00:00 pm","71.2","90.4","72.9","68.2","point"
"2024-03-18 01:00:00 am","70.1","93.2","71.6","68.0","point"
"2024-03-18 03:00:00 am","67.4","93.9","68.7","65.5","point"
"2024-03-18 05:00:00 am","64.6","93.4","65.1","62.6","point"
"2024-03-18 07:00:00 am","62.9","94.9","63.7","61.4","point"
"2024-03-18 09:00:00 am","66.5","88.7","67.1","63.1","point"
"2024-03-18 11:00:00 am","74.6","79.9","76.3","67.9","point"
"2024-03-18 01:00:00 pm","78.5","74.1","81.7","69.6","point"
"2024-03-18 03:00:00 pm","79.1","75.0","82.8","70.5","point"
"2024-03-18 05:00:00 pm","77.6","77.4","80.4","70.0","point"
"2024-03-18 07:00:00 pm","74.5","87.0","77.0","70.4","point"
"2024-03-18 09:00:00 pm","71.1","86.6","72.7","66.8","point"
"2024-03-18 11:00:00 pm","67.4","90.7","68.4","64.5","point"
"2024-03-19 01:00:00 am","66.0","93.6","66.7","64.1","point"
"2024-03-19 03:00:00 am","65.8","94.3","66.7","64.1","point"
"2024-03-19 05:00:00 am","63.6","94.1","64.4","61.8","point"
"2024-03-19 07:00:00 am","64.0","92.2","64.6","61.7","point"
"2024-03-19 09:00:00 am","67.3","88.0","68.0","63.6","point"
"2024-03-19 11:00:00 am","78.3","49.0","77.4","57.6","point"
"2024-03-19 01:00:00 pm","79.3","64.7","81.1","66.3","point"
"2024-03-19 03:00:00 pm","79.8","68.7","82.8","68.6","point"
"2024-03-19 05:00:00 pm","78.5","72.7","81.3","69.0","point"
"2024-03-19 07:00:00 pm","75.5","84.2","77.9","70.4","point"
"2024-03-19 09:00:00 pm","70.5","90.0","72.0","67.4","point"
"2024-03-19 11:00:00 pm","67.6","91.8","68.5","65.1","point"
"2024-03-20 01:00:00 am","66.1","93.4","66.9","64.1","point"
"2024-03-20 03:00:00 am","65.0","93.1","65.8","63.0","point"
"2024-03-20 05:00:00 am","62.5","92.9","63.1","60.4","point"
"2024-03-20 07:00:00 am","61.7","93.5","62.4","59.8","point"
"2024-03-20 09:00:00 am","66.5","88.6","67.1","63.0","point"
"2024-03-20 11:00:00 am","74.7","80.1","76.6","68.1","point"
"2024-03-20 01:00:00 pm","77.8","75.5","80.6","69.4","point"
"2024-03-20 03:00:00 pm","78.4","75.0","81.5","69.8","point"
"2024-03-20 05:00:00 pm","77.3","77.9","79.9","69.9","point"
"2024-03-20 07:00:00 pm","75.1","87.9","77.9","71.2","point"
"2024-03-20 09:00:00 pm","73.0","90.0","75.4","69.8","point"
"2024-03-20 11:00:00 pm","70.3","92.0","71.8","67.9","point"
"2024-03-21 01:00:00 am","68.1","94.3","69.4","66.4","point"
"2024-03-21 03:00:00 am","69.7","96.4","71.4","68.6","point"
"2024-03-21 05:00:00 am","67.7","95.1","69.1","66.2","point"
"2024-03-21 07:00:00 am","69.2","97.3","70.7","68.4","point"
"2024-03-21 09:00:00 am","71.1","89.7","72.7","67.9","point"
"2024-03-21 11:00:00 am","75.9","74.6","77.4","67.3","point"
"2024-03-21 01:00:00 pm","78.6","70.7","81.1","68.3","point"
"2024-03-21 03:00:00 pm","79.4","73.0","83.1","70.0","point"
"2024-03-21 05:00:00 pm","77.9","76.3","81.0","69.8","point"
"2024-03-21 07:00:00 pm","75.7","86.8","78.4","71.4","point"
"2024-03-21 09:00:00 pm","74.1","91.4","76.8","71.4","point"
"2024-03-21 11:00:00 pm","72.9","93.0","75.4","70.8","point"
"2024-03-22 01:00:00 am","71.9","93.8","73.9","70.0","point"
"2024-03-22 03:00:00 am","69.6","95.0","71.1","68.1","point"
"2024-03-22 05:00:00 am","67.7","94.3","69.1","66.0","point"
"2024-03-22 07:00:00 am","66.6","95.7","67.8","65.3","point"
"2024-03-22 09:00:00 am","70.7","94.5","72.3","69.0","point"
"2024-03-22 11:00:00 am","75.5","84.7","78.1","70.6","point"
"2024-03-22 01:00:00 pm","77.0","83.0","80.2","71.4","point"
"2024-03-22 03:00:00 pm","78.8","81.0","83.3","72.4","point"
"2024-03-22 05:00:00 pm","76.7","84.6","79.9","71.7","point"
"2024-03-22 07:00:00 pm","74.8","90.3","77.7","71.8","point"
"2024-03-22 09:00:00 pm","73.3","93.3","75.9","71.2","point"
"2024-03-22 11:00:00 pm","72.7","94.7","75.4","71.1","point"
"2024-03-23 01:00:00 am","71.2","95.4","73.0","69.8","point"
"2024-03-23 03:00:00 am","70.4","93.9","72.1","68.5","point"
"2024-03-23 05:00:00 am","70.2","94.9","72.0","68.6","point"
"2024-03-23 07:00:00 am","69.7","93.7","71.2","67.8","point"
"2024-03-23 09:00:00 am","72.2","91.5","74.5","69.6","point"
"2024-03-23 11:00:00 am","77.3","77.8","79.9","69.8","point"
"2024-03-23 01:00:00 pm","78.0","80.6","81.9","71.5","point"
"2024-03-23 03:00:00 pm","79.2","80.2","84.2","72.6","point"
"2024-03-23 05:00:00 pm","79.1","78.5","83.5","71.8","point"
"2024-03-23 07:00:00 pm","76.1","86.0","78.8","71.6","point"
"2024-03-23 09:00:00 pm","73.6","89.5","76.1","70.3","point"
"2024-03-23 11:00:00 pm","72.8","93.4","75.2","70.8","point"
"2024-03-24 01:00:00 am","72.1","93.2","74.5","70.1","point"
"2024-03-24 03:00:00 am","69.5","93.8","70.9","67.6","point"
"2024-03-24 05:00:00 am","67.4","94.5","68.7","65.8","point"
"2024-03-24 07:00:00 am","66.4","95.6","67.6","65.1","point"
"2024-03-24 09:00:00 am","71.0","95.6","72.9","69.6","point"
"2024-03-24 11:00:00 am","76.6","85.5","79.9","72.0","point"
"2024-03-24 01:00:00 pm","79.8","79.2","85.3","72.7","point"
"2024-03-24 03:00:00 pm","80.6","74.0","85.6","71.6","point"
"2024-03-24 05:00:00 pm","79.5","75.6","83.7","71.1","point"
"2024-03-24 07:00:00 pm","76.2","86.1","79.2","71.7","point"
"2024-03-24 09:00:00 pm","74.0","91.7","76.8","71.5","point"
"2024-03-24 11:00:00 pm","73.1","94.1","75.9","71.3","point"
"2024-03-25 01:00:00 am","70.6","92.8","72.1","68.4","point"
"2024-03-25 03:00:00 am","69.8","95.9","71.6","68.6","point"
"2024-03-25 05:00:00 am","68.7","95.6","70.2","67.4","point"
"2024-03-25 07:00:00 am","65.5","94.8","66.6","64.0","point"
"2024-03-25 09:00:00 am","70.3","95.0","72.0","68.8","point"
"2024-03-25 11:00:00 am","74.8","78.4","76.5","67.6","point"
"2024-03-25 01:00:00 pm","80.7","64.3","83.5","67.5","point"
"2024-03-25 03:00:00 pm","81.1","68.3","84.9","69.7","point"
"2024-03-25 05:00:00 pm","80.0","67.3","82.9","68.1","point"
"2024-03-25 07:00:00 pm","77.0","84.0","80.4","71.8","point"
"2024-03-25 09:00:00 pm","74.8","89.9","77.5","71.6","point"
"2024-03-25 11:00:00 pm","72.9","91.8","75.4","70.4","point"
"2024-03-26 01:00:00 am","68.6","90.3","69.8","65.6","point"
"2024-03-26 03:00:00 am","65.1","87.8","65.5","61.4","point"
"2024-03-26 05:00:00 am","65.1","93.1","65.8","63.1","point"
"2024-03-26 07:00:00 am","65.2","94.8","66.2","63.7","point"
"2024-03-26 09:00:00 am","70.4","93.4","72.0","68.5","point"
"2024-03-26 11:00:00 am","76.0","83.6","78.6","70.7","point"
"2024-03-26 01:00:00 pm","78.4","75.1","81.5","69.8","point"
"2024-03-26 03:00:00 pm","80.1","71.2","84.0","69.9","point"
"2024-03-26 05:00:00 pm","78.8","74.8","82.0","70.1","point"
"2024-03-26 07:00:00 pm","76.3","87.7","79.5","72.4","point"
"2024-03-26 09:00:00 pm","74.6","90.6","77.5","71.6","point"
"2024-03-26 11:00:00 pm","73.1","92.3","75.6","70.8","point"
"2024-03-27 01:00:00 am","72.0","94.2","74.3","70.3","point"
"2024-03-27 03:00:00 am","71.8","93.5","73.9","69.8","point"
"2024-03-27 05:00:00 am","70.7","93.0","72.5","68.6","point"
"2024-03-27 07:00:00 am","67.7","93.5","68.9","65.8","point"
"2024-03-27 09:00:00 am","69.8","89.8","71.2","66.7","point"
"2024-03-27 11:00:00 am","76.4","73.8","77.7","67.4","point"
"2024-03-27 01:00:00 pm","81.2","72.1","86.2","71.4","point"
"2024-03-27 03:00:00 pm","80.9","73.0","85.8","71.4","point"
"2024-03-27 05:00:00 pm","80.0","74.7","84.4","71.3","point"
"2024-03-27 07:00:00 pm","76.2","87.1","79.2","72.1","point"
"2024-03-27 09:00:00 pm","74.6","90.1","77.5","71.5","point"
"2024-03-27 11:00:00 pm","73.0","90.8","75.4","70.1","point"
"2024-03-28 01:00:00 am","69.6","92.0","70.9","67.2","point"
"2024-03-28 03:00:00 am","66.7","93.2","67.6","64.7","point"
"2024-03-28 05:00:00 am","64.5","92.8","65.1","62.4","point"
"2024-03-28 07:00:00 am","64.1","93.6","64.8","62.2","point"
"2024-03-28 09:00:00 am","69.5","93.3","70.9","67.4","point"
"2024-03-28 11:00:00 am","76.3","74.5","77.7","67.6","point"
"2024-03-28 01:00:00 pm","84.2","41.5","83.7","58.3","point"
"2024-03-28 03:00:00 pm","81.7","71.9","87.1","71.7","point"
"2024-03-28 05:00:00 pm","80.4","74.4","84.9","71.5","point"
"2024-03-28 07:00:00 pm","77.0","86.4","80.4","72.6","point"
"2024-03-28 09:00:00 pm","74.9","90.0","77.9","71.8","point"
"2024-03-28 11:00:00 pm","73.7","90.4","76.3","70.7","point"
"2024-03-29 01:00:00 am","73.0","92.4","75.4","70.6","point"
"2024-03-29 03:00:00 am","70.3","91.9","71.8","67.8","point"
"2024-03-29 05:00:00 am","68.4","92.2","69.6","66.1","point"
"2024-03-29 07:00:00 am","66.8","93.8","68.0","65.0","point"
"2024-03-29 09:00:00 am","71.2","90.7","72.9","68.3","point"
"2024-03-29 11:00:00 am","77.2","80.1","80.2","70.6","point"
"2024-03-29 01:00:00 pm","79.4","76.4","83.8","71.3","point"
"2024-03-29 03:00:00 pm","79.7","76.4","84.2","71.6","point"
"2024-03-29 05:00:00 pm","78.8","78.3","83.1","71.5","point"
"2024-03-29 07:00:00 pm","75.1","85.1","77.5","70.3","point"
"2024-03-29 09:00:00 pm","73.4","86.3","75.4","69.0","point"
"2024-03-29 11:00:00 pm","70.6","89.7","72.0","67.4","point"
"2024-03-30 01:00:00 am","69.5","92.9","70.9","67.3","point"
"2024-03-30 03:00:00 am","66.0","89.1","66.4","62.7","point"
"2024-03-30 05:00:00 am","65.3","88.9","65.7","61.9","point"
"2024-03-30 07:00:00 am","64.5","90.3","64.9","61.6","point"
"2024-03-30 09:00:00 am","69.1","86.6","70.3","64.9","point"
"2024-03-30 11:00:00 am","75.4","81.3","77.5","69.3","point"
"2024-03-30 01:00:00 pm","80.0","70.8","83.7","69.6","point"
"2024-03-30 03:00:00 pm","80.7","69.2","84.6","69.6","point"
"2024-03-30 05:00:00 pm","79.7","71.2","83.5","69.5","point"
"2024-03-30 07:00:00 pm","76.6","83.6","79.3","71.2","point"
"2024-03-30 09:00:00 pm","73.4","85.7","75.2","68.8","point"
"2024-03-30 11:00:00 pm","72.6","89.5","74.7","69.3","point"
"2024-03-31 01:00:00 am","70.6","90.4","72.1","67.6","point"
"2024-03-31 03:00:00 am","68.9","90.5","70.3","66.0","point"
"2024-03-31 05:00:00 am","65.5","91.8","66.2","63.1","point"
"2024-03-31 07:00:00 am","64.5","93.0","65.1","62.4","point"
"2024-03-31 09:00:00 am","67.9","86.4","68.7","63.7","point"
"2024-03-31 11:00:00 am","76.9","73.7","78.6","67.9","point"
"2024-03-31 01:00:00 pm","80.0","76.1","84.7","71.8","point"
"2024-03-31 03:00:00 pm","80.2","72.0","84.2","70.4","point"
"2024-03-31 05:00:00 pm","79.4","73.5","83.1","70.2","point"
"2024-03-31 07:00:00 pm","76.8","85.6","80.2","72.2","point"
"2024-03-31 09:00:00 pm","74.7","90.4","77.7","71.7","point"
"2024-03-31 11:00:00 pm","73.1","92.1","75.6","70.7","point"
"2024-04-01 01:00:00 am","72.6","91.8","74.8","70.1","point"
"2024-04-01 03:00:00 am","72.2","92.5","74.5","69.9","point"
"2024-04-01 05:00:00 am","70.6","93.7","72.1","68.7","point"
"2024-04-01 07:00:00 am","70.6","94.7","72.3","69.0","point"
"2024-04-01 09:00:00 am","72.6","92.4","74.8","70.2","point"
"2024-04-01 11:00:00 am","75.6","86.2","78.4","71.2","point"
"2024-04-01 01:00:00 pm","78.6","77.7","82.6","71.1","point"
"2024-04-01 03:00:00 pm","80.7","72.9","85.3","71.2","point"
"2024-04-01 05:00:00 pm","79.8","75.3","84.2","71.2","point"
"2024-04-01 07:00:00 pm","77.4","86.3","81.5","72.9","point"
"2024-04-01 09:00:00 pm","75.3","90.5","78.4","72.3","point"
"2024-04-01 11:00:00 pm","74.4","89.9","77.0","71.3","point"
"2024-04-02 01:00:00 am","73.3","91.0","75.7","70.4","point"
"2024-04-02 03:00:00 am","71.4","91.4","73.2","68.8","point"
"2024-04-02 05:00:00 am","68.5","91.9","69.6","66.0","point"
"2024-04-02 07:00:00 am","67.4","94.0","68.7","65.6","point"
"2024-04-02 09:00:00 am","71.1","91.7","72.9","68.6","point"
"2024-04-02 11:00:00 am","76.6","80.4","78.8","70.1","point"
"2024-04-02 01:00:00 pm","78.8","78.1","83.1","71.4","point"
"2024-04-02 03:00:00 pm","81.2","75.9","87.1","72.9","point"
"2024-04-02 05:00:00 pm","79.8","76.4","84.4","71.7","point"
"2024-04-02 07:00:00 pm","77.1","86.8","80.8","72.9","point"
"2024-04-02 09:00:00 pm","74.9","91.5","78.1","72.2","point"
"2024-04-02 11:00:00 pm","73.9","92.7","76.6","71.7","point"
"2024-04-03 01:00:00 am","73.3","93.8","75.9","71.4","point"
"2024-04-03 03:00:00 am","72.5","94.7","74.8","70.9","point"
"2024-04-03 05:00:00 am","72.2","95.0","74.7","70.7","point"
"2024-04-03 07:00:00 am","70.9","93.3","72.7","68.9","point"
"2024-04-03 09:00:00 am","72.0","91.6","74.1","69.4","point"
"2024-04-03 11:00:00 am","76.5","80.6","79.0","70.1","point"
"2024-04-03 01:00:00 pm","79.3","75.0","83.1","70.7","point"
"2024-04-03 03:00:00 pm","80.2","75.5","84.9","71.7","point"
"2024-04-03 05:00:00 pm","79.7","75.5","84.2","71.3","point"
"2024-04-03 07:00:00 pm","76.5","85.0","79.5","71.7","point"
"2024-04-03 09:00:00 pm","74.4","89.2","77.0","71.0","point"
"2024-04-03 11:00:00 pm","72.6","90.3","74.8","69.5","point"
"2024-04-04 01:00:00 am","70.3","92.0","71.8","67.8","point"
"2024-04-04 03:00:00 am","68.4","92.0","69.6","65.9","point"
"2024-04-04 05:00:00 am","66.6","91.6","67.5","64.1","point"
"2024-04-04 07:00:00 am","65.9","92.9","66.7","63.8","point"
"2024-04-04 09:00:00 am","70.3","88.4","71.6","66.7","point"
"2024-04-04 11:00:00 am","76.6","78.0","78.6","69.2","point"
"2024-04-04 01:00:00 pm","80.6","74.3","85.3","71.6","point"
"2024-04-04 03:00:00 pm","81.1","73.7","86.2","71.9","point"
"2024-04-04 05:00:00 pm","80.3","71.3","84.4","70.2","point"
"2024-04-04 07:00:00 pm","77.3","85.9","81.0","72.8","point"
"2024-04-04 09:00:00 pm","74.5","89.8","77.4","71.3","point"
"2024-04-04 11:00:00 pm","73.5","91.7","76.1","70.9","point"
"2024-04-05 01:00:00 am","72.4","91.5","74.7","69.8","point"
"2024-04-05 03:00:00 am","69.9","91.7","71.4","67.4","point"
"2024-04-05 05:00:00 am","67.8","92.8","69.1","65.7","point"
"2024-04-05 07:00:00 am","66.5","94.0","67.6","64.7","point"
"2024-04-05 09:00:00 am","69.7","85.9","70.7","65.3","point"
"2024-04-05 11:00:00 am","76.5","80.0","78.8","69.9","point"
"2024-04-05 01:00:00 pm","80.3","78.1","86.0","72.9","point"
"2024-04-05 03:00:00 pm","80.9","76.6","86.5","72.8","point"
"2024-04-05 05:00:00 pm","79.9","78.0","84.9","72.4","point"
"2024-04-05 07:00:00 pm","77.0","85.8","80.6","72.4","point"
"2024-04-05 09:00:00 pm","74.9","89.5","77.7","71.5","point"
"2024-04-05 11:00:00 pm","73.6","90.2","76.3","70.5","point"
"2024-04-06 01:00:00 am","71.7","91.1","73.6","69.0","point"
"2024-04-06 03:00:00 am","68.3","90.3","69.4","65.3","point"
"2024-04-06 05:00:00 am","69.7","92.9","71.2","67.6","point"
"2024-04-06 07:00:00 am","67.0","93.6","68.0","65.1","point"
"2024-04-06 09:00:00 am","71.2","87.8","72.7","67.3","point"
"2024-04-06 11:00:00 am","77.6","81.6","81.1","71.5","point"
"2024-04-06 01:00:00 pm","81.8","78.2","88.9","74.3","point"
"2024-04-06 03:00:00 pm","83.1","73.3","90.3","73.6","point"
"2024-04-06 05:00:00 pm","82.5","72.6","88.7","72.8","point"
"2024-04-06 07:00:00 pm","78.0","86.5","82.8","73.6","point"
"2024-04-06 09:00:00 pm","75.7","89.1","78.8","72.3","point"
"2024-04-06 11:00:00 pm","74.6","90.0","77.5","71.5","point"
"2024-04-07 01:00:00 am","73.7","93.5","76.5","71.7","point"
"2024-04-07 03:00:00 am","73.7","92.6","76.5","71.4","point"
"2024-04-07 05:00:00 am","73.3","92.4","75.9","70.9","point"
"2024-04-07 07:00:00 am","72.3","91.4","74.5","69.7","point"
"2024-04-07 09:00:00 am","73.4","88.3","75.6","69.7","point"
"2024-04-07 11:00:00 am","77.4","82.5","81.0","71.6","point"
"2024-04-07 01:00:00 pm","80.0","77.3","84.9","72.2","point"
"2024-04-07 03:00:00 pm","80.8","76.5","86.5","72.7","point"
"2024-04-07 05:00:00 pm","79.9","74.8","84.4","71.2","point"
"2024-04-07 07:00:00 pm","76.1","80.6","78.4","69.7","point"
"2024-04-07 09:00:00 pm","73.7","86.4","75.9","69.4","point"
"2024-04-07 11:00:00 pm","73.1","89.2","75.4","69.7","point"
"2024-04-08 01:00:00 am","70.0","90.2","71.6","67.0","point"
"2024-04-08 03:00:00 am","68.3","91.3","69.4","65.6","point"
"2024-04-08 05:00:00 am","66.1","90.0","66.7","63.1","point"
"2024-04-08 07:00:00 am","64.8","91.4","65.3","62.3","point"
"2024-04-08 09:00:00 am","70.2","87.7","71.6","66.4","point"
"2024-04-08 11:00:00 am","75.8","78.6","77.7","68.7","point"
"2024-04-08 01:00:00 pm","80.9","66.6","84.2","68.7","point"
"2024-04-08 03:00:00 pm","82.3","63.2","85.8","68.5","point"
"2024-04-08 05:00:00 pm","81.5","66.8","85.1","69.4","point"
"2024-04-08 07:00:00 pm","76.8","76.6","79.0","68.9","point"
"2024-04-08 09:00:00 pm","74.3","87.0","76.6","70.1","point"
"2024-04-08 11:00:00 pm","72.0","89.4","73.9","68.7","point"
"2024-04-09 01:00:00 am","69.4","91.9","70.7","66.9","point"
"2024-04-09 03:00:00 am","65.4","85.7","65.5","61.0","point"
"2024-04-09 05:00:00 am","63.5","82.6","63.5","58.1","point"
"2024-04-09 07:00:00 am","62.2","85.4","62.1","57.8","point"
"2024-04-09 09:00:00 am","71.0","85.2","72.3","66.4","point"
"2024-04-09 11:00:00 am","77.6","75.3","80.2","69.1","point"
"2024-04-09 01:00:00 pm","80.4","71.7","84.6","70.4","point"
"2024-04-09 03:00:00 pm","82.2","66.0","86.2","69.7","point"
"2024-04-09 05:00:00 pm","81.2","66.9","84.9","69.1","point"
"2024-04-09 07:00:00 pm","76.9","82.2","79.9","71.1","point"
"2024-04-09 09:00:00 pm","74.9","87.3","77.5","70.9","point"
"2024-04-09 11:00:00 pm","72.9","90.3","75.4","69.9","point"
"2024-04-10 01:00:00 am","70.3","91.5","71.8","67.7","point"
"2024-04-10 03:00:00 am","67.6","91.0","68.5","64.9","point"
"2024-04-10 05:00:00 am","66.3","92.3","67.3","64.0","point"
"2024-04-10 07:00:00 am","66.7","93.5","67.6","64.8","point"
"2024-04-10 09:00:00 am","72.5","92.3","74.7","70.1","point"
"2024-04-10 11:00:00 am","77.8","73.2","80.1","68.5","point"
"2024-04-10 01:00:00 pm","81.9","67.6","86.4","70.1","point"
"2024-04-10 03:00:00 pm","82.3","69.7","87.6","71.4","point"
"2024-04-10 05:00:00 pm","81.8","67.1","85.8","69.9","point"
"2024-04-10 07:00:00 pm","76.5","74.8","78.1","67.9","point"
"2024-04-10 09:00:00 pm","73.8","85.8","75.9","69.3","point"
"2024-04-10 11:00:00 pm","70.9","89.9","72.5","67.8","point"
"2024-04-11 01:00:00 am","69.0","91.3","70.3","66.4","point"
"2024-04-11 03:00:00 am","66.9","90.8","67.6","64.1","point"
"2024-04-11 05:00:00 am","64.9","90.7","65.3","62.1","point"
"2024-04-11 07:00:00 am","65.1","92.6","65.8","62.9","point"
"2024-04-11 09:00:00 am","70.3","88.9","71.6","66.8","point"
"2024-04-11 11:00:00 am","76.6","78.1","78.6","69.3","point"
"2024-04-11 01:00:00 pm","80.0","71.9","83.8","70.1","point"
"2024-04-11 03:00:00 pm","81.9","67.7","86.4","70.2","point"
"2024-04-11 05:00:00 pm","80.4","70.0","84.0","69.7","point"
"2024-04-11 07:00:00 pm","76.9","76.3","78.8","68.9","point"
"2024-04-11 09:00:00 pm","72.0","84.3","73.6","67.0","point"
"2024-04-11 11:00:00 pm","70.8","89.6","72.3","67.6","point"
"2024-04-12 01:00:00 am","67.1","87.2","67.8","63.2","point"
"2024-04-12 03:00:00 am","66.5","90.2","67.3","63.5","point"
"2024-04-12 05:00:00 am","65.9","91.2","66.6","63.3","point"
"2024-04-12 07:00:00 am","65.7","92.4","66.6","63.4","point"
"2024-04-12 09:00:00 am","70.7","89.1","72.0","67.3","point"
"2024-04-12 11:00:00 am","76.6","79.7","78.8","69.9","point"
"2024-04-12 01:00:00 pm","78.3","74.8","81.3","69.6","point"
"2024-04-12 03:00:00 pm","81.7","65.1","85.5","68.8","point"
"2024-04-12 05:00:00 pm","79.8","68.0","82.8","68.3","point"
"2024-04-12 07:00:00 pm","74.4","85.2","76.6","69.7","point"
"2024-04-12 09:00:00 pm","73.8","88.6","76.3","70.2","point"
"2024-04-12 11:00:00 pm","72.6","90.2","74.8","69.5","point"
"2024-04-13 01:00:00 am","70.7","91.4","72.5","68.1","point"
"2024-04-13 03:00:00 am","66.3","87.6","66.7","62.5","point"
"2024-04-13 05:00:00 am","64.5","88.4","64.8","60.9","point"
"2024-04-13 07:00:00 am","64.8","91.4","65.3","62.2","point"
"2024-04-13 09:00:00 am","70.3","90.1","71.8","67.2","point"
"2024-04-13 11:00:00 am","74.8","77.9","76.5","67.4","point"
"2024-04-13 01:00:00 pm","78.8","70.8","81.7","68.5","point"
"2024-04-13 03:00:00 pm","80.3","71.2","84.4","70.1","point"
"2024-04-13 05:00:00 pm","79.5","70.8","82.9","69.3","point"
"2024-04-13 07:00:00 pm","76.6","85.2","79.5","71.8","point"
"2024-04-13 09:00:00 pm","71.4","90.2","73.2","68.4","point"
"2024-04-13 11:00:00 pm","70.0","93.5","71.6","68.1","point"
"2024-04-14 01:00:00 am","68.0","92.4","69.1","65.7","point"
"2024-04-14 03:00:00 am","67.3","93.5","68.5","65.3","point"
"2024-04-14 05:00:00 am","66.8","94.3","68.0","65.1","point"
"2024-04-14 07:00:00 am","66.7","94.5","67.8","65.0","point"
"2024-04-14 09:00:00 am","71.5","94.4","73.6","69.8","point"
"2024-04-14 11:00:00 am","77.0","82.2","80.2","71.1","point"
"2024-04-14 01:00:00 pm","78.6","80.3","82.8","72.0","point"
"2024-04-14 03:00:00 pm","79.6","79.4","84.9","72.6","point"
"2024-04-14 05:00:00 pm","80.4","76.6","85.6","72.3","point"
"2024-04-14 07:00:00 pm","76.2","83.4","78.8","70.8","point"
"2024-04-14 09:00:00 pm","75.4","90.2","78.6","72.3","point"
"2024-04-14 11:00:00 pm","73.7","91.0","76.3","70.9","point"
"2024-04-15 01:00:00 am","70.6","92.1","72.1","68.2","point"
"2024-04-15 03:00:00 am","68.1","91.5","69.3","65.5","point"
"2024-04-15 05:00:00 am","67.0","92.7","68.0","64.8","point"
"2024-04-15 07:00:00 am","66.5","93.5","67.5","64.6","point"
"2024-04-15 09:00:00 am","72.0","88.9","73.9","68.5","point"
"2024-04-15 11:00:00 am","78.3","69.6","80.6","67.6","point"
"2024-04-15 01:00:00 pm","82.2","55.0","84.0","64.5","point"
"2024-04-15 03:00:00 pm","91.2","26.5","89.6","52.1","point"
"2024-04-15 05:00:00 pm","85.1","58.6","90.3","69.0","point"
"2024-04-15 07:00:00 pm","78.2","81.3","82.2","72.0","point"
"2024-04-15 09:00:00 pm","75.5","86.5","78.3","71.2","point"
"2024-04-15 11:00:00 pm","72.3","86.4","74.3","68.1","point"
"2024-04-16 01:00:00 am","69.7","89.6","70.9","66.6","point"
"2024-04-16 03:00:00 am","68.6","89.7","69.6","65.5","point"
"2024-04-16 05:00:00 am","67.0","91.2","68.0","64.4","point"
"2024-04-16 07:00:00 am","66.4","92.3","67.5","64.1","point"
"2024-04-16 09:00:00 am","71.7","89.2","73.4","68.4","point"
"2024-04-16 11:00:00 am","77.5","70.8","79.2","67.3","point"
"2024-04-16 01:00:00 pm","81.9","69.2","86.7","70.8","point"
"2024-04-16 03:00:00 pm","82.5","69.6","88.0","71.5","point"
"2024-04-16 05:00:00 pm","82.2","69.0","87.1","71.0","point"
"2024-04-16 07:00:00 pm","76.9","83.9","80.1","71.7","point"
"2024-04-16 09:00:00 pm","75.1","87.6","77.9","71.1","point"
"2024-04-16 11:00:00 pm","73.1","88.5","75.4","69.4","point"
"2024-04-17 01:00:00 am","72.3","90.4","74.7","69.4","point"
"2024-04-17 03:00:00 am","68.9","90.5","70.0","65.9","point"
"2024-04-17 05:00:00 am","67.8","91.3","69.1","65.2","point"
"2024-04-17 07:00:00 am","67.6","92.2","68.7","65.3","point"
"2024-04-17 09:00:00 am","72.0","86.2","73.8","67.6","point"
"2024-04-17 11:00:00 am","76.1","78.2","78.1","68.8","point"
"2024-04-17 01:00:00 pm","77.0","71.6","78.3","67.1","point"
"2024-04-17 03:00:00 pm","79.5","72.1","82.9","69.7","point"
"2024-04-17 05:00:00 pm","78.0","78.9","81.5","70.9","point"
"2024-04-17 07:00:00 pm","76.1","86.0","79.2","71.6","point"
"2024-04-17 09:00:00 pm","73.5","85.2","75.6","68.8","point"
"2024-04-17 11:00:00 pm","71.0","89.9","72.5","67.8","point"
"2024-04-18 01:00:00 am","70.5","92.1","72.0","68.1","point"
"2024-04-18 03:00:00 am","69.3","91.5","70.7","66.7","point"
"2024-04-18 05:00:00 am","66.8","89.7","67.5","63.6","point"
"2024-04-18 07:00:00 am","65.1","88.9","65.5","61.7","point"
"2024-04-18 09:00:00 am","70.0","82.2","71.1","64.3","point"
"2024-04-18 11:00:00 am","76.2","72.9","77.4","66.9","point"
"2024-04-18 01:00:00 pm","80.2","69.4","83.7","69.2","point"
"2024-04-18 03:00:00 pm","81.4","71.1","86.4","71.1","point"
"2024-04-18 05:00:00 pm","81.0","70.8","85.5","70.6","point"
"2024-04-18 07:00:00 pm","76.6","87.5","79.9","72.6","point"
"2024-04-18 09:00:00 pm","71.4","94.3","73.4","69.7","point"
"2024-04-18 11:00:00 pm","72.5","96.8","75.2","71.6","point"
"2024-04-19 01:00:00 am","71.7","97.0","73.9","70.8","point"
"2024-04-19 03:00:00 am","71.9","97.2","74.1","71.1","point"
"2024-04-19 05:00:00 am","71.7","97.3","73.9","70.8","point"
"2024-04-19 07:00:00 am","71.4","97.4","73.4","70.6","point"
"2024-04-19 09:00:00 am","72.6","97.4","75.2","71.8","point"
"2024-04-19 11:00:00 am","74.4","95.7","77.7","73.0","point"
"2024-04-19 01:00:00 pm","77.9","90.1","83.1","74.7","point"
"2024-04-19 03:00:00 pm","78.8","88.2","84.7","75.0","point"
"2024-04-19 05:00:00 pm","77.5","88.5","81.9","73.8","point"
"2024-04-19 07:00:00 pm","75.4","92.0","78.8","72.9","point"
"2024-04-19 09:00:00 pm","74.2","91.4","77.2","71.5","point"
"2024-04-19 11:00:00 pm","68.3","96.0","69.8","67.1","point"
"2024-04-20 01:00:00 am","71.3","97.1","73.4","70.4","point"
"2024-04-20 03:00:00 am","69.4","96.7","71.1","68.4","point"
"2024-04-20 05:00:00 am","68.6","97.5","70.3","67.9","point"
"2024-04-20 07:00:00 am","67.9","97.7","69.6","67.3","point"
"2024-04-20 09:00:00 am","68.9","97.8","70.7","68.3","point"
"2024-04-20 11:00:00 am","71.3","97.9","73.6","70.7","point"
"2024-04-20 01:00:00 pm","72.3","97.3","75.0","71.5","point"
"2024-04-20 03:00:00 pm","74.5","94.3","77.9","72.7","point"
"2024-04-20 05:00:00 pm","75.1","92.7","78.4","72.9","point"
"2024-04-20 07:00:00 pm","72.2","93.7","74.5","70.3","point"
"2024-04-20 09:00:00 pm","69.6","94.8","71.1","68.0","point"
"2024-04-20 11:00:00 pm","68.6","95.4","70.2","67.2","point"
"2024-04-21 01:00:00 am","67.7","95.6","69.1","66.4","point"
"2024-04-21 03:00:00 am","67.4","95.9","68.7","66.1","point"
"2024-04-21 05:00:00 am","66.8","96.1","68.2","65.7","point"
"2024-04-21 07:00:00 am","67.4","96.9","68.7","66.4","point"
"2024-04-21 09:00:00 am","71.2","97.3","73.0","70.4","point"
"2024-04-21 11:00:00 am","77.6","86.9","82.0","73.4","point"
"2024-04-21 01:00:00 pm","79.3","89.9","86.2","76.1","point"
"2024-04-21 03:00:00 pm","80.2","87.5","87.8","76.1","point"
"2024-04-21 05:00:00 pm","79.5","87.3","86.2","75.4","point"
"2024-04-21 07:00:00 pm","77.0","93.1","81.3","74.8","point"
"2024-04-21 09:00:00 pm","75.3","93.9","79.0","73.5","point"
"2024-04-21 11:00:00 pm","74.4","94.4","77.7","72.7","point"
"2024-04-22 01:00:00 am","73.9","94.3","76.8","72.1","point"
"2024-04-22 03:00:00 am","73.2","94.1","76.1","71.4","point"
"2024-04-22 05:00:00 am","71.2","94.0","73.0","69.4","point"
"2024-04-22 07:00:00 am","69.4","93.7","70.7","67.5","point"
"2024-04-22 09:00:00 am","72.8","93.7","75.2","70.8","point"
"2024-04-22 11:00:00 am","77.1","81.9","80.1","71.2","point"
"2024-04-22 01:00:00 pm","78.9","81.9","83.8","72.9","point"
"2024-04-22 03:00:00 pm","80.0","80.9","85.8","73.6","point"
"2024-04-22 05:00:00 pm","75.6","89.1","78.8","72.2","point"
"2024-04-22 07:00:00 pm","75.3","88.1","78.1","71.5","point"
"2024-04-22 09:00:00 pm","74.3","89.2","76.8","70.9","point"
"2024-04-22 11:00:00 pm","73.3","90.2","75.7","70.3","point"
"2024-04-23 01:00:00 am","70.3","93.1","71.8","68.1","point"
"2024-04-23 03:00:00 am","68.5","93.0","69.6","66.4","point"
"2024-04-23 05:00:00 am","65.6","90.9","66.2","62.9","point"
"2024-04-23 07:00:00 am","66.3","92.7","67.3","64.1","point"
"2024-04-23 09:00:00 am","72.5","91.2","74.7","69.7","point"
"2024-04-23 11:00:00 am","78.6","80.0","83.1","71.9","point"
"2024-04-23 01:00:00 pm","80.4","80.5","86.5","73.8","point"
"2024-04-23 03:00:00 pm","81.6","77.6","88.3","73.9","point"
"2024-04-23 05:00:00 pm","80.7","76.5","86.2","72.6","point"
"2024-04-23 07:00:00 pm","77.2","89.3","81.7","73.9","point"
"2024-04-23 09:00:00 pm","75.8","91.0","79.2","73.0","point"
"2024-04-23 11:00:00 pm","74.8","91.9","77.9","72.2","point"
"2024-04-24 01:00:00 am","74.2","92.7","77.2","71.9","point"
"2024-04-24 03:00:00 am","73.1","93.6","75.7","71.1","point"
"2024-04-24 05:00:00 am","72.0","93.4","74.1","70.0","point"
"2024-04-24 07:00:00 am","70.9","94.3","72.9","69.2","point"
"2024-04-24 09:00:00 am","73.8","91.8","76.6","71.3","point"
"2024-04-24 11:00:00 am","77.4","82.2","81.0","71.6","point"
"2024-04-24 01:00:00 pm","80.6","77.4","86.5","72.9","point"
"2024-04-24 03:00:00 pm","81.5","72.8","86.5","71.9","point"
"2024-04-24 05:00:00 pm","80.8","73.7","86.0","71.7","point"
"2024-04-24 07:00:00 pm","77.9","86.4","82.4","73.5","point"
"2024-04-24 09:00:00 pm","75.0","87.2","77.5","71.0","point"
"2024-04-24 11:00:00 pm","73.8","90.2","76.5","70.8","point"
"2024-04-25 01:00:00 am","71.0","91.8","72.7","68.5","point"
"2024-04-25 03:00:00 am","68.9","92.1","70.3","66.5","point"
"2024-04-25 05:00:00 am","67.0","91.7","68.0","64.5","point"
"2024-04-25 07:00:00 am","66.3","92.7","67.3","64.1","point"
"2024-04-25 09:00:00 am","71.7","90.6","73.6","68.8","point"
"2024-04-25 11:00:00 am","78.1","78.2","81.7","70.7","point"
"2024-04-25 01:00:00 pm","86.0","45.2","87.4","62.3","point"
"2024-04-25 03:00:00 pm","82.9","71.3","89.2","72.6","point"
"2024-04-25 05:00:00 pm","81.6","74.6","87.4","72.7","point"
"2024-04-25 07:00:00 pm","77.5","80.1","80.6","70.8","point"
"2024-04-25 09:00:00 pm","73.4","85.0","75.6","68.6","point"
"2024-04-25 11:00:00 pm","74.2","87.9","76.6","70.4","point"
"2024-04-26 01:00:00 am","71.3","89.4","73.0","68.1","point"
"2024-04-26 03:00:00 am","67.4","88.5","68.2","63.9","point"
"2024-04-26 05:00:00 am","65.8","88.9","66.2","62.4","point"
"2024-04-26 07:00:00 am","64.8","90.3","65.3","61.9","point"
"2024-04-26 09:00:00 am","70.8","85.6","72.1","66.3","point"
"2024-04-26 11:00:00 am","79.5","70.8","82.9","69.2","point"
"2024-04-26 01:00:00 pm","81.5","71.8","86.7","71.5","point"
"2024-04-26 03:00:00 pm","82.6","71.6","88.9","72.5","point"
"2024-04-26 05:00:00 pm","81.4","73.3","86.7","72.1","point"
"2024-04-26 07:00:00 pm","76.9","78.4","79.2","69.7","point"
"2024-04-26 09:00:00 pm","75.1","87.2","77.7","71.0","point"
"2024-04-26 11:00:00 pm","74.0","89.1","76.6","70.6","point"
"2024-04-27 01:00:00 am","72.4","91.2","74.7","69.7","point"
"2024-04-27 03:00:00 am","68.3","89.1","69.3","64.9","point"
"2024-04-27 05:00:00 am","67.5","87.4","68.4","63.6","point"
"2024-04-27 07:00:00 am","66.5","86.2","66.7","62.2","point"
"2024-04-27 09:00:00 am","73.3","87.4","75.6","69.3","point"
"2024-04-27 11:00:00 am","79.8","71.2","83.5","69.6","point"
"2024-04-27 01:00:00 pm","83.9","53.0","86.4","64.9","point"
"2024-04-27 03:00:00 pm","84.2","64.9","90.3","71.1","point"
"2024-04-27 05:00:00 pm","83.2","73.3","90.7","73.8","point"
"2024-04-27 07:00:00 pm","78.2","85.7","82.9","73.6","point"
"2024-04-27 09:00:00 pm","76.2","88.3","79.3","72.5","point"
"2024-04-27 11:00:00 pm","74.2","90.4","77.0","71.2","point"
"2024-04-28 01:00:00 am","74.5","91.7","77.5","71.9","point"
"2024-04-28 03:00:00 am","70.9","90.7","72.7","68.1","point"
"2024-04-28 05:00:00 am","72.1","93.3","74.1","70.1","point"
"2024-04-28 07:00:00 am","72.2","93.5","74.5","70.2","point"
"2024-04-28 09:00:00 am","74.4","88.0","77.0","70.6","point"
"2024-04-28 11:00:00 am","78.0","80.7","81.9","71.5","point"
"2024-04-28 01:00:00 pm","82.1","75.7","88.9","73.7","point"
"2024-04-28 03:00:00 pm","82.9","73.7","89.8","73.6","point"
"2024-04-28 05:00:00 pm","82.1","73.1","88.2","72.6","point"
"2024-04-28 07:00:00 pm","78.1","84.0","82.8","72.9","point"
"2024-04-28 09:00:00 pm","76.1","88.9","79.5","72.6","point"
"2024-04-28 11:00:00 pm","75.5","90.8","78.6","72.7","point"
"2024-04-29 01:00:00 am","72.1","90.0","74.1","69.0","point"
"2024-04-29 03:00:00 am","69.9","91.2","71.4","67.2","point"
"2024-04-29 05:00:00 am","70.1","91.9","71.6","67.6","point"
"2024-04-29 07:00:00 am","71.0","93.6","72.7","69.0","point"
"2024-04-29 09:00:00 am","73.7","86.9","75.9","69.5","point"
"2024-04-29 11:00:00 am","77.5","75.3","79.9","69.1","point"
"2024-04-29 01:00:00 pm","81.5","71.3","86.4","71.3","point"
"2024-04-29 03:00:00 pm","82.9","71.5","89.2","72.7","point"
"2024-04-29 05:00:00 pm","81.6","70.8","86.5","71.2","point"
"2024-04-29 07:00:00 pm","77.7","81.1","81.5","71.5","point"
"2024-04-29 09:00:00 pm","75.7","87.0","78.4","71.6","point"
"2024-04-29 11:00:00 pm","73.8","90.4","76.5","70.8","point"
"2024-04-30 01:00:00 am","72.9","92.4","75.4","70.5","point"
"2024-04-30 03:00:00 am","70.7","91.1","72.5","68.0","point"
"2024-04-30 05:00:00 am","68.3","91.2","69.4","65.6","point"
"2024-04-30 07:00:00 am","66.9","89.7","67.8","63.8","point"
"2024-04-30 09:00:00 am","73.4","90.6","76.1","70.5","point"
"2024-04-30 11:00:00 am","77.2","81.6","80.4","71.1","point"
"2024-04-30 01:00:00 pm","79.7","76.8","84.6","71.8","point"
"2024-04-30 03:00:00 pm","81.1","76.7","86.9","73.1","point"
"2024-04-30 05:00:00 pm","79.2","80.2","84.2","72.6","point"
"2024-04-30 07:00:00 pm","77.6","87.5","82.2","73.5","point"
"2024-04-30 09:00:00 pm","76.0","89.5","79.2","72.7","point"
"2024-04-30 11:00:00 pm","74.3","91.2","77.2","71.6","point"
"2024-05-01 01:00:00 am","74.2","92.6","77.2","71.9","point"
"2024-05-01 03:00:00 am","73.5","91.3","76.1","70.8","point"
"2024-05-01 05:00:00 am","73.0","92.1","75.4","70.6","point"
"2024-05-01 07:00:00 am","73.1","90.6","75.6","70.2","point"
"2024-05-01 09:00:00 am","74.7","89.2","77.5","71.3","point"
"2024-05-01 11:00:00 am","77.4","85.0","81.3","72.5","point"
"2024-05-01 01:00:00 pm","79.6","79.3","84.9","72.6","point"
"2024-05-01 03:00:00 pm","80.7","75.2","86.0","72.1","point"
"2024-05-01 05:00:00 pm","80.0","78.3","85.3","72.6","point"
"2024-05-01 07:00:00 pm","77.7","86.7","82.4","73.5","point"
"2024-05-01 09:00:00 pm","75.8","88.2","78.8","72.0","point"
"2024-05-01 11:00:00 pm","74.5","86.8","77.0","70.3","point"
"2024-05-02 01:00:00 am","74.0","89.2","76.6","70.6","point"
"2024-05-02 03:00:00 am","73.7","90.1","76.3","70.7","point"
"2024-05-02 05:00:00 am","71.7","91.2","73.6","69.0","point"
"2024-05-02 07:00:00 am","70.8","92.7","72.5","68.6","point"
"2024-05-02 09:00:00 am","74.5","90.2","77.5","71.5","point"
"2024-05-02 11:00:00 am","78.4","85.7","83.3","73.7","point"
"2024-05-02 01:00:00 pm","80.6","75.7","85.6","72.2","point"
"2024-05-02 03:00:00 pm","82.7","74.6","89.8","73.8","point"
"2024-05-02 05:00:00 pm","82.0","76.7","89.1","74.0","point"
"2024-05-02 07:00:00 pm","78.7","83.6","83.8","73.3","point"
"2024-05-02 09:00:00 pm","77.8","88.4","82.6","74.1","point"
"2024-05-02 11:00:00 pm","76.5","89.9","80.1","73.3","point"
"2024-05-03 01:00:00 am","75.5","91.7","78.8","72.9","point"
"2024-05-03 03:00:00 am","75.1","92.4","78.4","72.8","point"
"2024-05-03 05:00:00 am","71.3","80.0","72.5","64.9","point"
"2024-05-03 07:00:00 am","69.8","78.1","70.5","62.7","point"
"2024-05-03 09:00:00 am","72.9","76.2","74.1","65.0","point"
"2024-05-03 11:00:00 am","77.1","80.6","80.1","70.7","point"
"2024-05-03 01:00:00 pm","78.0","81.1","81.9","71.7","point"
"2024-05-03 03:00:00 pm","79.8","--","--","--","point"
"2024-05-03 05:00:00 pm","79.8","78.6","84.9","72.5","point"
"2024-05-03 07:00:00 pm","77.5","83.2","81.1","72.0","point"
"2024-05-03 09:00:00 pm","75.0","83.9","77.2","69.8","point"
"2024-05-03 11:00:00 pm","72.1","86.8","74.1","68.0","point"
